# This file uses centimeters as units for non-parametric coordinates.

mtllib Item_ropa_5.mtl
g default
v -0.201262 0.199581 -4.409361
v -0.136506 0.190453 -4.617076
v -0.155242 0.315696 -4.640648
v -0.198353 0.233152 -4.651099
v -0.334037 0.230254 -4.311758
v -0.086770 0.332565 -4.769978
v -0.141791 0.209366 -4.492881
v -0.137348 0.203902 -4.503153
v -0.389468 0.219118 -4.390559
v -0.133692 0.241363 -4.134703
v -0.170671 0.265127 -4.749655
v -0.272830 0.191225 -4.306463
v -0.205838 0.251017 -4.853188
v -0.368318 0.195938 -4.355437
v -0.123800 0.189296 -4.551037
v -0.216658 0.291710 -4.134905
v -0.116744 0.189536 -4.664675
v -0.026218 0.303964 -4.984750
v -0.081121 0.184365 -4.971634
v -0.057593 0.306687 -4.945994
v -0.213861 0.195947 -4.369244
v -0.238056 0.209603 -4.376008
v -0.232028 0.215908 -4.410893
v -0.221497 0.228394 -4.442832
v -0.202396 0.209519 -4.443260
v -0.179837 0.199500 -4.452711
v -0.176610 0.192055 -4.433315
v -0.176451 0.189019 -4.390605
v -0.187941 0.187458 -4.357484
v -0.161604 0.186756 -4.418162
v -0.132583 0.189849 -4.593098
v -0.138001 0.190102 -4.594322
v -0.143776 0.190919 -4.615014
v -0.133596 0.190414 -4.631821
v -0.126478 0.188665 -4.612540
v -0.128495 0.188857 -4.600368
v -0.127731 0.189170 -4.584876
v -0.172143 0.284799 -4.657220
v -0.180102 0.284651 -4.638690
v -0.170059 0.306468 -4.624555
v -0.147151 0.308414 -4.670221
v -0.162729 0.280529 -4.676239
v -0.127654 0.337315 -4.634832
v -0.124725 0.331905 -4.663856
v -0.147387 0.331518 -4.603043
v -0.124557 0.341436 -4.600790
v -0.161998 0.321940 -4.598876
v -0.201770 0.246539 -4.633056
v -0.190268 0.263430 -4.641233
v -0.184503 0.258180 -4.660161
v -0.199940 0.213019 -4.648056
v -0.219220 0.206269 -4.631585
v -0.219866 0.221026 -4.631092
v -0.174088 0.254261 -4.676970
v -0.182484 0.231539 -4.672914
v -0.184374 0.215302 -4.663432
v -0.329164 0.236708 -4.312976
v -0.345024 0.242695 -4.328469
v -0.346166 0.231349 -4.322258
v -0.327964 0.218946 -4.302834
v -0.317117 0.224167 -4.299853
v -0.342315 0.216111 -4.313223
v -0.117153 0.328925 -4.765382
v -0.102513 0.321197 -4.747733
v -0.072827 0.324237 -4.753151
v -0.038845 0.330480 -4.767512
v -0.037887 0.334602 -4.777722
v -0.079422 0.336484 -4.784411
v -0.036022 0.324843 -4.758293
v -0.149182 0.222904 -4.492901
v -0.157530 0.222125 -4.475957
v -0.150614 0.209685 -4.472654
v -0.137966 0.213163 -4.504766
v -0.144422 0.224435 -4.504561
v -0.134973 0.205284 -4.510350
v -0.143542 0.199326 -4.492960
v -0.139163 0.198400 -4.506862
v -0.150846 0.199286 -4.473680
v -0.136459 0.199274 -4.517050
v -0.385793 0.220091 -4.399157
v -0.387518 0.206208 -4.398800
v -0.390143 0.209766 -4.386976
v -0.384910 0.230360 -4.383252
v -0.378100 0.235288 -4.392668
v -0.386831 0.221070 -4.375418
v -0.144283 0.228796 -4.123816
v -0.120123 0.221708 -4.130095
v -0.114149 0.240830 -4.143253
v -0.113107 0.261984 -4.151082
v -0.137973 0.256043 -4.137835
v -0.157851 0.244316 -4.124263
v -0.178853 0.282808 -4.761398
v -0.194293 0.267073 -4.780501
v -0.186303 0.249547 -4.773038
v -0.180033 0.231040 -4.771062
v -0.171451 0.237992 -4.752021
v -0.162913 0.240856 -4.738720
v -0.157340 0.264847 -4.735720
v -0.280036 0.187525 -4.307808
v -0.268240 0.185280 -4.322649
v -0.262030 0.191053 -4.316193
v -0.276841 0.200036 -4.302317
v -0.288006 0.196644 -4.297081
v -0.263406 0.201769 -4.314095
v -0.200065 0.242170 -4.852352
v -0.201878 0.247216 -4.828039
v -0.208827 0.258609 -4.837619
v -0.207028 0.251575 -4.872056
v -0.199528 0.239995 -4.878392
v -0.212389 0.264886 -4.858611
v -0.361322 0.197084 -4.342365
v -0.370301 0.207998 -4.344718
v -0.376633 0.201230 -4.360059
v -0.363534 0.193269 -4.365047
v -0.351417 0.191792 -4.350646
v -0.375563 0.195903 -4.374028
v -0.123322 0.188497 -4.553540
v -0.125084 0.189419 -4.541397
v -0.125120 0.190529 -4.542542
v -0.124882 0.191370 -4.546433
v -0.123807 0.189495 -4.556478
v -0.123199 0.188350 -4.564265
v -0.208495 0.298621 -4.136673
v -0.212900 0.306048 -4.150257
v -0.221868 0.293318 -4.143774
v -0.217002 0.279929 -4.127852
v -0.205658 0.285287 -4.125988
v -0.225573 0.276921 -4.136426
v -0.136299 0.191648 -4.686457
v -0.140692 0.191453 -4.702283
v -0.121792 0.190093 -4.688316
v -0.099885 0.189413 -4.679460
v -0.094638 0.188584 -4.659101
v -0.088396 0.187463 -4.635877
v -0.105087 0.187940 -4.635498
v -0.124982 0.189908 -4.653104
v -0.137057 0.192123 -4.674201
v -0.115667 0.188245 -4.629703
v -0.028946 0.302134 -4.990863
v -0.034571 0.303283 -4.983032
v -0.028781 0.305161 -4.977817
v -0.020554 0.304142 -4.985654
v -0.021556 0.301668 -4.995591
v -0.021702 0.306067 -4.975722
v -0.086895 0.184272 -4.954323
v -0.104268 0.182614 -4.969628
v -0.089190 0.183550 -4.987567
v -0.065412 0.184569 -4.973288
v -0.066066 0.184562 -4.947124
v -0.069433 0.184364 -4.998816
v -0.055435 0.305727 -4.954889
v -0.063261 0.303765 -4.957040
v -0.063682 0.305665 -4.943591
v -0.052841 0.307983 -4.940084
v -0.048267 0.307469 -4.950204
v -0.059563 0.307464 -4.931920
v -0.073261 0.304044 -4.940105
v -0.068968 0.306283 -4.923653
v -0.060270 0.308266 -4.909344
v -0.051579 0.309086 -4.921431
v -0.044993 0.309347 -4.933055
v -0.040470 0.310321 -4.912756
v -0.034808 0.310401 -4.926744
v -0.030412 0.309958 -4.940046
v -0.040029 0.308918 -4.944845
v -0.026873 0.309042 -4.952749
v -0.035893 0.307950 -4.956667
v -0.044017 0.306304 -4.961553
v -0.051714 0.304110 -4.966822
v -0.032155 0.306614 -4.967951
v -0.039519 0.304794 -4.972890
v -0.046693 0.302211 -4.979244
v -0.040424 0.300459 -4.990660
v -0.046818 0.296861 -5.000217
v -0.054299 0.298920 -4.986693
v -0.059861 0.301404 -4.971883
v -0.062782 0.295038 -4.995306
v -0.069155 0.298233 -4.977117
v -0.072836 0.301373 -4.958308
v -0.079672 0.294988 -4.982840
v -0.084623 0.298939 -4.959284
v -0.085344 0.302096 -4.936243
v -0.097597 0.297460 -4.960500
v -0.100321 0.301027 -4.931979
v -0.097299 0.304338 -4.904580
v -0.081278 0.304907 -4.914709
v -0.086796 0.307375 -4.880571
v -0.071740 0.307436 -4.895965
v -0.069597 0.309938 -4.861897
v -0.057236 0.309465 -4.881153
v -0.047741 0.309810 -4.897844
v -0.038985 0.310655 -4.870881
v -0.032323 0.310708 -4.889635
v -0.027092 0.311047 -4.906412
v -0.015140 0.310864 -4.884876
v -0.012322 0.311220 -4.902704
v -0.009959 0.311192 -4.919226
v -0.022911 0.311016 -4.922002
v -0.007969 0.310791 -4.934374
v -0.019592 0.310568 -4.936455
v -0.006277 0.309938 -4.948493
v -0.016915 0.309670 -4.950007
v -0.004841 0.308609 -4.961838
v -0.014763 0.308321 -4.962788
v -0.023953 0.307714 -4.964722
v -0.013169 0.306537 -4.974909
v -0.003669 0.306791 -4.974689
v -0.002804 0.304463 -4.987441
v -0.012320 0.304301 -4.986659
v -0.002246 0.301628 -5.000658
v -0.012448 0.301542 -4.998732
v -0.001830 0.298427 -5.014927
v -0.013247 0.298323 -5.011950
v -0.023741 0.298531 -5.007078
v -0.014409 0.294956 -5.026744
v -0.026639 0.294999 -5.020432
v -0.037545 0.295563 -5.011595
v -0.032847 0.299194 -5.000090
v -0.030064 0.291482 -5.035802
v -0.043009 0.291561 -5.025251
v -0.054020 0.292705 -5.011615
v -0.049458 0.287306 -5.041388
v -0.062062 0.288397 -5.024946
v -0.072083 0.291086 -5.005160
v -0.069989 0.286664 -5.039171
v -0.082013 0.288702 -5.015942
v -0.091415 0.292736 -4.989153
v -0.092018 0.291701 -5.025987
v -0.103757 0.294174 -4.995246
v -0.111532 0.299219 -4.961701
v -0.109600 0.305144 -4.997727
v -0.119469 0.308527 -4.962195
v -0.125578 0.312949 -4.925550
v -0.118498 0.302298 -4.927681
v -0.124121 0.317638 -4.889680
v -0.117548 0.306867 -4.893600
v -0.113891 0.321310 -4.857233
v -0.104782 0.311146 -4.864532
v -0.094163 0.323742 -4.830721
v -0.083932 0.313953 -4.842366
v -0.065620 0.325053 -4.812948
v -0.056909 0.315666 -4.828858
v -0.047447 0.311512 -4.849528
v -0.027062 0.315703 -4.822387
v -0.022592 0.311624 -4.842992
v -0.018520 0.310794 -4.865045
v 0.003029 0.310407 -4.841334
v 0.002706 0.309965 -4.863351
v 0.002669 0.310357 -4.883591
v 0.002929 0.310878 -4.901828
v 0.003363 0.310998 -4.918587
v 0.003945 0.310706 -4.933926
v 0.004626 0.309942 -4.948201
v 0.005385 0.308691 -4.961713
v 0.006225 0.306933 -4.974790
v 0.007189 0.304651 -4.987857
v 0.008367 0.301872 -5.001450
v 0.009900 0.298754 -5.016103
v 0.011947 0.295660 -5.032203
v -0.001343 0.295217 -5.030646
v 0.014656 0.293170 -5.049937
v -0.000605 0.292583 -5.047998
v -0.015720 0.291971 -5.043310
v 0.000513 0.291286 -5.066984
v -0.017058 0.290042 -5.061730
v -0.034059 0.288327 -5.053489
v -0.018007 0.290694 -5.081419
v -0.037600 0.288002 -5.072401
v -0.055222 0.286371 -5.058348
v -0.039922 0.293744 -5.090244
v -0.060430 0.290951 -5.075046
v -0.077423 0.290865 -5.052463
v -0.061390 0.304156 -5.081818
v -0.080660 0.302974 -5.059059
v -0.096748 0.303298 -5.030557
v -0.082163 0.314772 -5.061944
v -0.099448 0.314300 -5.032665
v -0.113172 0.315313 -4.998753
v -0.103365 0.322280 -5.034501
v -0.118501 0.321829 -4.999820
v -0.129970 0.323426 -4.962137
v -0.123681 0.318057 -4.961994
v -0.137518 0.326764 -4.923024
v -0.130289 0.321937 -4.923993
v -0.138608 0.330809 -4.883841
v -0.130412 0.326038 -4.886513
v -0.129247 0.334144 -4.846624
v -0.121035 0.329129 -4.851863
v -0.107351 0.335825 -4.815339
v -0.100539 0.331018 -4.823338
v -0.074670 0.335942 -4.795192
v -0.070318 0.332083 -4.804498
v -0.036114 0.335307 -4.787448
v -0.034262 0.332272 -4.795839
v -0.031302 0.324267 -4.805869
v 0.003629 0.330780 -4.795073
v 0.003451 0.322810 -4.805517
v 0.003313 0.314411 -4.821038
v 0.003845 0.334648 -4.786625
v 0.003894 0.333734 -4.777959
v 0.003715 0.329888 -4.769185
v 0.003297 0.325191 -4.761316
v -0.033775 0.321410 -4.751288
v 0.002931 0.322259 -4.754187
v -0.032170 0.321041 -4.744501
v 0.002850 0.321877 -4.746725
v -0.030683 0.323184 -4.737179
v 0.002967 0.323862 -4.738804
v -0.029465 0.327163 -4.729406
v 0.003122 0.327724 -4.730493
v -0.028661 0.332333 -4.720510
v 0.003275 0.332900 -4.720996
v -0.028367 0.338397 -4.708940
v 0.003353 0.338892 -4.708816
v -0.060266 0.324403 -4.726715
v -0.059275 0.329179 -4.719012
v -0.059161 0.335065 -4.708860
v -0.060185 0.342447 -4.694583
v -0.028768 0.345876 -4.693055
v -0.087124 0.322258 -4.717848
v -0.087514 0.327377 -4.709461
v -0.089476 0.334049 -4.697347
v -0.092849 0.341792 -4.680132
v -0.062182 0.351226 -4.675319
v -0.112092 0.313195 -4.710487
v -0.114695 0.318603 -4.700414
v -0.119348 0.325272 -4.685436
v -0.096245 0.348332 -4.657112
v -0.134229 0.296416 -4.702191
v -0.139719 0.301910 -4.689362
v -0.148086 0.271259 -4.702266
v -0.154152 0.275452 -4.691287
v -0.157574 0.247812 -4.700358
v -0.164414 0.250824 -4.690155
v -0.163256 0.228511 -4.695635
v -0.171033 0.230241 -4.685711
v -0.164824 0.213705 -4.687328
v -0.172792 0.215331 -4.676105
v -0.162471 0.204672 -4.672575
v -0.170500 0.204907 -4.662837
v -0.181536 0.203898 -4.651746
v -0.165328 0.197750 -4.647153
v -0.175409 0.196555 -4.637380
v -0.187906 0.194304 -4.625720
v -0.195737 0.201184 -4.638775
v -0.202543 0.191131 -4.611755
v -0.212757 0.196530 -4.623897
v -0.218586 0.187846 -4.594955
v -0.231353 0.191709 -4.606444
v -0.239743 0.200154 -4.613434
v -0.250047 0.188188 -4.585464
v -0.259897 0.196539 -4.591871
v -0.259257 0.210935 -4.590417
v -0.240011 0.213987 -4.612114
v -0.250654 0.227159 -4.582436
v -0.233824 0.229678 -4.602803
v -0.217197 0.235755 -4.619558
v -0.224130 0.244658 -4.589131
v -0.210778 0.248565 -4.603061
v -0.199269 0.255907 -4.613153
v -0.190349 0.267181 -4.619066
v -0.201180 0.257651 -4.584198
v -0.192442 0.261357 -4.591808
v -0.185634 0.267957 -4.596111
v -0.180586 0.277069 -4.596858
v -0.183056 0.281718 -4.618789
v -0.182363 0.261829 -4.570550
v -0.177145 0.265360 -4.573872
v -0.173306 0.271077 -4.574340
v -0.170736 0.278371 -4.571461
v -0.175862 0.287888 -4.591496
v -0.166704 0.259440 -4.553727
v -0.163971 0.263400 -4.553755
v -0.162794 0.268676 -4.551009
v -0.163370 0.274362 -4.545374
v -0.169505 0.286208 -4.564029
v -0.154220 0.253766 -4.536076
v -0.154406 0.257467 -4.532777
v -0.156207 0.261271 -4.527344
v -0.159499 0.264346 -4.520461
v -0.165687 0.279406 -4.536721
v -0.146294 0.244002 -4.519424
v -0.148969 0.245867 -4.514248
v -0.152986 0.246853 -4.508541
v -0.158720 0.246145 -4.502474
v -0.164874 0.265605 -4.512081
v -0.141893 0.230212 -4.511357
v -0.145623 0.229573 -4.505910
v -0.150735 0.227592 -4.499859
v -0.157515 0.223616 -4.492378
v -0.167153 0.242567 -4.494726
v -0.138384 0.216495 -4.509437
v -0.142323 0.214297 -4.503736
v -0.147194 0.210655 -4.496700
v -0.135103 0.204801 -4.511898
v -0.138384 0.201906 -4.505885
v -0.141921 0.198115 -4.499090
v -0.152923 0.205441 -4.488095
v -0.166089 0.217087 -4.482438
v -0.174915 0.208382 -4.469324
v -0.192787 0.222447 -4.466863
v -0.178988 0.234715 -4.483376
v -0.158534 0.199058 -4.477966
v -0.144925 0.193664 -4.491599
v -0.145878 0.189483 -4.483920
v -0.161216 0.192801 -4.466515
v -0.142451 0.186410 -4.476235
v -0.157755 0.188033 -4.454394
v -0.133677 0.184804 -4.469128
v -0.147047 0.185133 -4.443561
v -0.120590 0.184344 -4.462959
v -0.131453 0.184202 -4.434664
v -0.142566 0.184270 -4.406571
v -0.152321 0.184787 -4.377992
v -0.112408 0.184340 -4.427593
v -0.120159 0.184230 -4.398170
v -0.126700 0.184088 -4.368988
v -0.131623 0.183992 -4.339074
v -0.160930 0.183855 -4.346844
v -0.093448 0.184393 -4.391932
v -0.097156 0.184350 -4.362685
v -0.100172 0.184336 -4.333302
v -0.102588 0.184456 -4.303948
v -0.135381 0.184044 -4.308355
v -0.064841 0.184393 -4.357635
v -0.066640 0.184429 -4.328759
v -0.068130 0.184639 -4.300824
v -0.068955 0.185123 -4.274921
v -0.104212 0.184757 -4.275718
v -0.031893 0.184479 -4.325703
v -0.032572 0.184799 -4.298895
v -0.032840 0.185441 -4.274697
v -0.032632 0.186338 -4.253151
v -0.068961 0.185847 -4.251545
v 0.003389 0.184918 -4.298324
v 0.003622 0.185639 -4.274615
v 0.003843 0.186594 -4.253351
v 0.004093 0.187624 -4.233648
v -0.032064 0.187335 -4.233408
v -0.031277 0.188265 -4.214599
v -0.067445 0.187484 -4.210010
v -0.068379 0.186682 -4.230149
v 0.004395 0.188574 -4.214745
v 0.004688 0.189299 -4.197210
v -0.030355 0.188982 -4.197226
v -0.029482 0.189389 -4.182659
v -0.064730 0.188477 -4.176630
v -0.066172 0.188117 -4.191746
v 0.004893 0.189699 -4.182487
v 0.004982 0.189692 -4.170157
v -0.028918 0.189392 -4.170355
v -0.028712 0.189159 -4.158048
v -0.063066 0.188208 -4.151014
v -0.063607 0.188442 -4.163836
v 0.004974 0.189440 -4.157977
v 0.004911 0.190547 -4.145501
v -0.028565 0.190324 -4.145426
v -0.028040 0.195844 -4.137945
v -0.061721 0.195104 -4.131120
v -0.062698 0.189488 -4.138201
v 0.004872 0.196022 -4.138144
v 0.004898 0.206656 -4.143401
v -0.026960 0.206414 -4.142925
v -0.025697 0.221482 -4.157027
v -0.057178 0.220577 -4.151199
v -0.059728 0.205592 -4.136638
v 0.004850 0.221886 -4.157941
v 0.004517 0.243589 -4.169407
v -0.024940 0.242888 -4.168366
v -0.025166 0.267046 -4.172572
v -0.054876 0.265706 -4.169747
v -0.055204 0.241799 -4.163606
v 0.003897 0.268102 -4.172798
v 0.003188 0.289908 -4.173460
v -0.026301 0.288620 -4.174973
v 0.002584 0.307592 -4.174689
v -0.027919 0.306320 -4.178232
v -0.058455 0.304698 -4.179351
v -0.056186 0.287091 -4.174267
v -0.088270 0.303183 -4.174309
v -0.085798 0.285549 -4.168401
v -0.084625 0.264382 -4.162415
v -0.085716 0.240965 -4.154471
v -0.114508 0.282277 -4.157230
v -0.117008 0.300068 -4.163154
v -0.144004 0.293262 -4.148368
v -0.141213 0.275033 -4.142705
v -0.167800 0.283542 -4.133457
v -0.164307 0.264041 -4.128066
v -0.187322 0.274070 -4.122477
v -0.183110 0.252847 -4.116968
v -0.173953 0.231361 -4.112709
v -0.198434 0.243430 -4.111405
v -0.187030 0.220027 -4.105746
v -0.164811 0.202758 -4.103040
v -0.155518 0.214715 -4.111041
v -0.132989 0.195075 -4.107390
v -0.127259 0.206521 -4.115375
v -0.097058 0.194056 -4.118821
v -0.093734 0.204783 -4.125629
v -0.089395 0.219990 -4.140875
v -0.136612 0.187996 -4.110392
v -0.098826 0.188061 -4.124430
v -0.138489 0.185367 -4.120986
v -0.099597 0.186469 -4.136791
v -0.139608 0.185102 -4.134515
v -0.100405 0.186687 -4.150214
v -0.140639 0.185295 -4.150277
v -0.101740 0.186871 -4.164272
v -0.141448 0.185279 -4.170010
v -0.103206 0.186690 -4.181251
v -0.141699 0.184965 -4.194036
v -0.104251 0.186257 -4.201980
v -0.141326 0.184560 -4.220625
v -0.104792 0.185714 -4.225035
v -0.140263 0.184318 -4.248546
v -0.104870 0.185196 -4.249477
v -0.138295 0.184178 -4.277836
v -0.174625 0.184055 -4.250696
v -0.171051 0.183696 -4.282430
v -0.166667 0.183512 -4.314736
v -0.201263 0.185873 -4.290477
v -0.196487 0.184909 -4.323826
v -0.225276 0.194873 -4.300931
v -0.222380 0.192509 -4.334417
v -0.239010 0.211666 -4.310018
v -0.239359 0.208487 -4.342400
v -0.241988 0.232178 -4.314652
v -0.244233 0.228939 -4.345347
v -0.245648 0.231191 -4.377460
v -0.238310 0.247526 -4.344333
v -0.240558 0.250512 -4.374974
v -0.238370 0.259392 -4.407246
v -0.241787 0.238976 -4.410790
v -0.228099 0.272128 -4.438728
v -0.229975 0.251523 -4.442280
v -0.211534 0.285357 -4.467072
v -0.211939 0.265680 -4.469018
v -0.205271 0.243443 -4.468149
v -0.193376 0.276909 -4.490968
v -0.187800 0.256181 -4.487112
v -0.179169 0.282373 -4.509448
v -0.173879 0.263492 -4.501333
v -0.170426 0.282583 -4.524778
v -0.181429 0.298820 -4.514926
v -0.173739 0.297654 -4.535205
v -0.170221 0.293062 -4.551871
v -0.172177 0.311484 -4.540015
v -0.170692 0.306521 -4.562010
v -0.172284 0.298356 -4.579668
v -0.165844 0.319262 -4.567129
v -0.169904 0.310791 -4.591105
v -0.175960 0.297571 -4.609320
v -0.156096 0.329696 -4.568979
v -0.153736 0.332443 -4.538383
v -0.138232 0.338779 -4.535866
v -0.141210 0.337101 -4.568757
v -0.165111 0.323344 -4.540255
v -0.168837 0.323753 -4.512348
v -0.155890 0.332214 -4.508157
v -0.177975 0.312794 -4.515404
v -0.188732 0.309310 -4.489385
v -0.177102 0.319700 -4.484206
v -0.194406 0.294991 -4.492147
v -0.203040 0.299982 -4.462090
v -0.216571 0.286571 -4.432943
v -0.198036 0.295676 -4.426942
v -0.188095 0.309848 -4.455797
v -0.175540 0.304378 -4.421771
v -0.169444 0.318650 -4.449779
v -0.161879 0.328234 -4.478605
v -0.147576 0.329576 -4.444538
v -0.143286 0.337025 -4.473529
v -0.139357 0.339211 -4.504097
v -0.119770 0.345793 -4.469421
v -0.117534 0.344909 -4.500652
v -0.117058 0.342842 -4.533140
v -0.090077 0.348933 -4.498217
v -0.089921 0.345423 -4.530648
v -0.091981 0.345831 -4.563376
v -0.119744 0.342197 -4.566469
v -0.095405 0.349181 -4.596340
v -0.060716 0.350652 -4.560682
v -0.062952 0.356721 -4.592375
v -0.064441 0.360826 -4.623181
v -0.097513 0.350892 -4.628526
v -0.064051 0.358740 -4.651284
v -0.030711 0.368705 -4.619728
v -0.030724 0.364546 -4.647534
v -0.029801 0.355304 -4.672321
v 0.002667 0.365605 -4.645968
v 0.002860 0.355302 -4.671118
v 0.003228 0.346072 -4.692387
v 0.003015 0.372566 -4.618276
v -0.029750 0.365494 -4.589869
v 0.003673 0.372397 -4.589097
v -0.028541 0.358301 -4.559205
v 0.004069 0.366017 -4.559405
v -0.027869 0.353193 -4.528355
v 0.003838 0.358308 -4.529519
v -0.027996 0.353526 -4.497247
v 0.003124 0.354132 -4.499038
v -0.028622 0.358268 -4.466116
v 0.002356 0.355380 -4.467923
v -0.029124 0.363948 -4.435653
v 0.001942 0.360421 -4.436862
v -0.028512 0.365389 -4.406206
v 0.002477 0.363989 -4.406572
v -0.026197 0.358534 -4.376947
v 0.004451 0.360247 -4.376923
v -0.023149 0.346504 -4.346873
v 0.007239 0.349841 -4.347321
v -0.020775 0.336975 -4.318029
v 0.009574 0.339274 -4.318977
v -0.019252 0.332464 -4.295365
v 0.010966 0.332437 -4.295292
v -0.018816 0.332214 -4.280242
v 0.011288 0.330790 -4.277480
v -0.020439 0.337144 -4.268093
v 0.010172 0.335469 -4.262695
v -0.023947 0.345670 -4.253859
v 0.007768 0.343688 -4.247344
v -0.027563 0.352289 -4.237415
v 0.005136 0.349995 -4.230917
v -0.029982 0.353987 -4.221984
v 0.003222 0.351977 -4.215604
v -0.031161 0.351644 -4.208822
v 0.002192 0.350464 -4.202329
v -0.031428 0.345686 -4.197302
v 0.001796 0.345415 -4.190744
v -0.030863 0.335478 -4.188133
v 0.001823 0.335939 -4.181898
v -0.029579 0.321814 -4.182175
v 0.002124 0.322799 -4.176939
v -0.063042 0.334022 -4.191875
v -0.060950 0.320204 -4.184827
v -0.093883 0.332661 -4.188623
v -0.091197 0.318773 -4.180557
v -0.123285 0.330238 -4.178926
v -0.120140 0.316068 -4.169749
v -0.150775 0.324703 -4.166216
v -0.147251 0.310018 -4.155565
v -0.174940 0.316265 -4.153315
v -0.171147 0.301233 -4.141331
v -0.194325 0.307113 -4.142791
v -0.190594 0.292475 -4.130620
v -0.203071 0.266452 -4.117883
v -0.215850 0.260371 -4.119868
v -0.211052 0.235773 -4.111979
v -0.225660 0.255472 -4.127944
v -0.220515 0.229732 -4.118824
v -0.204758 0.205125 -4.111744
v -0.197444 0.211149 -4.105295
v -0.175853 0.189761 -4.111535
v -0.171626 0.194257 -4.103494
v -0.208814 0.201540 -4.124222
v -0.177994 0.188040 -4.124494
v -0.210447 0.199464 -4.142379
v -0.178880 0.187483 -4.141700
v -0.210697 0.197629 -4.166170
v -0.179001 0.187016 -4.163920
v -0.210055 0.194821 -4.194379
v -0.178455 0.186066 -4.190644
v -0.208367 0.191134 -4.225169
v -0.177086 0.184862 -4.219990
v -0.205368 0.187897 -4.257411
v -0.229775 0.206731 -4.235103
v -0.227771 0.199788 -4.267739
v -0.239997 0.228562 -4.245624
v -0.239151 0.218829 -4.277771
v -0.242418 0.251471 -4.253545
v -0.241389 0.240432 -4.284227
v -0.238504 0.272694 -4.259419
v -0.236536 0.260609 -4.287704
v -0.236269 0.251177 -4.315615
v -0.224077 0.276681 -4.291194
v -0.222667 0.265513 -4.316296
v -0.223623 0.260640 -4.342813
v -0.201851 0.275466 -4.318701
v -0.201996 0.269273 -4.342827
v -0.203468 0.271622 -4.369573
v -0.225527 0.263540 -4.371649
v -0.203242 0.281501 -4.397962
v -0.224414 0.273145 -4.402256
v -0.177150 0.279716 -4.368165
v -0.177944 0.289773 -4.394603
v -0.148166 0.292037 -4.365640
v -0.149883 0.302293 -4.391221
v -0.150055 0.316716 -4.417281
v -0.119629 0.318513 -4.387117
v -0.121546 0.331970 -4.413179
v -0.121595 0.341969 -4.440233
v -0.091010 0.346907 -4.409666
v -0.092058 0.353154 -4.437213
v -0.091351 0.352895 -4.466746
v -0.060747 0.361046 -4.435714
v -0.060219 0.357236 -4.465688
v -0.059363 0.351595 -4.497035
v -0.059321 0.348384 -4.528880
v -0.059781 0.358886 -4.407238
v -0.057071 0.349245 -4.378897
v -0.088322 0.335072 -4.382618
v -0.085548 0.324066 -4.354694
v -0.053997 0.337369 -4.349377
v -0.117302 0.308057 -4.360894
v -0.115882 0.306264 -4.336064
v -0.083832 0.320647 -4.327984
v -0.146819 0.290480 -4.341584
v -0.146680 0.297724 -4.321467
v -0.115247 0.312461 -4.316214
v -0.175800 0.277857 -4.343282
v -0.175887 0.284921 -4.321518
v -0.177931 0.298118 -4.302186
v -0.148014 0.309902 -4.304751
v -0.203930 0.288142 -4.296464
v -0.207294 0.302914 -4.273562
v -0.181444 0.313019 -4.281912
v -0.226874 0.290193 -4.265654
v -0.228546 0.301433 -4.238858
v -0.209645 0.315121 -4.248607
v -0.239743 0.283153 -4.230636
v -0.238071 0.289623 -4.202830
v -0.227094 0.307942 -4.212158
v -0.243231 0.261492 -4.223138
v -0.241830 0.268107 -4.194527
v -0.237970 0.271882 -4.169786
v -0.233651 0.292681 -4.178237
v -0.240570 0.237756 -4.214422
v -0.239677 0.244072 -4.185511
v -0.236987 0.247998 -4.160736
v -0.232496 0.251426 -4.141519
v -0.232446 0.274496 -4.150414
v -0.230780 0.218715 -4.175034
v -0.229465 0.221978 -4.150496
v -0.226404 0.225240 -4.131671
v -0.230857 0.213705 -4.203825
v -0.227910 0.293712 -4.158504
v -0.217997 0.309618 -4.167071
v -0.223040 0.310277 -4.187707
v -0.202441 0.322672 -4.177155
v -0.206166 0.324265 -4.198611
v -0.209073 0.322103 -4.222918
v -0.183860 0.335198 -4.209603
v -0.185325 0.332875 -4.233665
v -0.184597 0.325510 -4.258616
v -0.157369 0.341694 -4.241681
v -0.155139 0.334579 -4.265734
v -0.151207 0.323107 -4.287204
v -0.123021 0.341663 -4.267408
v -0.118362 0.331945 -4.286479
v -0.115618 0.321881 -4.301329
v -0.084836 0.336775 -4.280827
v -0.082393 0.329740 -4.293377
v -0.082679 0.324078 -4.307308
v -0.049935 0.332460 -4.285423
v -0.050407 0.330261 -4.299303
v -0.051869 0.330863 -4.321030
v -0.052068 0.337854 -4.274015
v -0.056650 0.346203 -4.259513
v -0.089848 0.345291 -4.264459
v -0.094413 0.351626 -4.245066
v -0.061107 0.352722 -4.242289
v -0.126711 0.348205 -4.245258
v -0.127982 0.349983 -4.224194
v -0.096629 0.353078 -4.226974
v -0.157339 0.343909 -4.218467
v -0.156009 0.341943 -4.198214
v -0.127447 0.347508 -4.206463
v -0.181491 0.333405 -4.188124
v -0.178541 0.327229 -4.169300
v -0.153823 0.335655 -4.180760
v -0.198437 0.317148 -4.158597
v -0.125814 0.341008 -4.191413
v -0.095827 0.343377 -4.199341
v -0.096837 0.350123 -4.212083
v -0.064288 0.344626 -4.201503
v -0.064562 0.351234 -4.213051
v -0.063698 0.354173 -4.226306
v 0.003188 0.184525 -4.324683
v -0.031026 0.184392 -4.354180
v 0.003088 0.184399 -4.352955
v -0.030165 0.184391 -4.383369
v 0.003068 0.184388 -4.382119
v -0.029285 0.184397 -4.412969
v 0.003057 0.184396 -4.411684
v -0.028180 0.184396 -4.443180
v 0.003019 0.184397 -4.441835
v -0.026663 0.184395 -4.474149
v 0.003016 0.184394 -4.472892
v -0.024820 0.184411 -4.505534
v 0.003198 0.184397 -4.504711
v -0.023076 0.184482 -4.536425
v 0.003619 0.184428 -4.536417
v -0.021838 0.184664 -4.565666
v 0.004120 0.184533 -4.566657
v -0.021281 0.185033 -4.592446
v 0.004471 0.184794 -4.594302
v -0.021360 0.185684 -4.616382
v 0.004623 0.185362 -4.618703
v -0.021928 0.186700 -4.637267
v 0.004691 0.186430 -4.639506
v -0.022789 0.188047 -4.654944
v 0.004795 0.188015 -4.656528
v -0.023721 0.189443 -4.669334
v 0.005021 0.189724 -4.669732
v -0.024578 0.190427 -4.680693
v 0.005374 0.190896 -4.679458
v -0.025311 0.190639 -4.690012
v 0.005724 0.191065 -4.686975
v -0.025905 0.190018 -4.699216
v 0.005854 0.190225 -4.694687
v -0.026292 0.188825 -4.710727
v 0.005617 0.188762 -4.705312
v -0.026393 0.187539 -4.726502
v 0.005039 0.187249 -4.720697
v -0.026147 0.186516 -4.747171
v 0.004297 0.186088 -4.741246
v -0.025480 0.185763 -4.772189
v 0.003628 0.185308 -4.766429
v -0.024340 0.185176 -4.801184
v 0.003211 0.184800 -4.795966
v -0.022844 0.184758 -4.833728
v 0.003067 0.184518 -4.829346
v -0.021802 0.184715 -4.871806
v 0.003142 0.184635 -4.869913
v -0.021075 0.184645 -4.908001
v 0.003174 0.184619 -4.906941
v -0.020666 0.184565 -4.942169
v 0.003183 0.184557 -4.941773
v -0.020904 0.184508 -4.975537
v 0.003153 0.184492 -4.975873
v -0.022129 0.184471 -5.009741
v 0.003018 0.184417 -5.010801
v -0.024481 0.184379 -5.043459
v 0.003092 0.184314 -5.045465
v -0.027128 0.183890 -5.076550
v 0.003206 0.183906 -5.079298
v -0.030034 0.182840 -5.108758
v 0.003259 0.183055 -5.111892
v -0.033155 0.181461 -5.141072
v 0.003179 0.181807 -5.144240
v -0.035817 0.181731 -5.174104
v 0.002973 0.181788 -5.177350
v -0.036668 0.188536 -5.204867
v 0.002920 0.187916 -5.208872
v -0.034886 0.206285 -5.226424
v 0.003893 0.205287 -5.231696
v -0.030740 0.232547 -5.233190
v 0.007286 0.231972 -5.239011
v -0.024779 0.259785 -5.227233
v 0.013707 0.260195 -5.232435
v -0.018213 0.284415 -5.217175
v 0.021229 0.285889 -5.221653
v -0.012762 0.307712 -5.208542
v 0.026933 0.310097 -5.212921
v -0.008424 0.329161 -5.199491
v 0.030418 0.332180 -5.203826
v -0.004578 0.346173 -5.188087
v 0.032558 0.349464 -5.191891
v -0.000821 0.356554 -5.175399
v 0.033838 0.359973 -5.178519
v 0.002831 0.359358 -5.162519
v 0.034581 0.362970 -5.165164
v 0.005861 0.355572 -5.150477
v 0.034989 0.359229 -5.152889
v 0.007975 0.348952 -5.139913
v 0.035039 0.352190 -5.142334
v 0.009300 0.342530 -5.130582
v 0.034699 0.345026 -5.133146
v 0.009852 0.335698 -5.123193
v 0.034036 0.337578 -5.125838
v 0.009496 0.326629 -5.118628
v 0.033042 0.328190 -5.121284
v 0.008048 0.314301 -5.115300
v 0.031303 0.315626 -5.118020
v 0.004948 0.300413 -5.104536
v 0.027169 0.301482 -5.107416
v 0.002217 0.292671 -5.087032
v 0.022398 0.293519 -5.089757
v 0.018125 0.292023 -5.069316
v -0.017634 0.297576 -5.099166
v -0.015955 0.311036 -5.109076
v -0.039526 0.307067 -5.098317
v -0.014756 0.323263 -5.112433
v -0.038819 0.319367 -5.101673
v -0.061657 0.316384 -5.085100
v -0.039062 0.328766 -5.105289
v -0.062675 0.326008 -5.088123
v -0.084519 0.323919 -5.064422
v -0.065486 0.332776 -5.092587
v -0.088577 0.330645 -5.067698
v -0.108998 0.328191 -5.036812
v -0.094249 0.336280 -5.071977
v -0.115700 0.333371 -5.039742
v -0.133544 0.330167 -5.003330
v -0.125685 0.326288 -5.001311
v -0.147245 0.328870 -4.964178
v -0.138396 0.326445 -4.962844
v -0.156290 0.330843 -4.923137
v -0.146832 0.329091 -4.922692
v -0.158002 0.335256 -4.880597
v -0.148292 0.333397 -4.881736
v -0.148171 0.338871 -4.837948
v -0.138405 0.337210 -4.841691
v -0.124686 0.338297 -4.799438
v -0.114839 0.338297 -4.806937
v -0.159056 0.338184 -4.836836
v -0.140152 0.335862 -4.796149
v -0.170140 0.333830 -4.838949
v -0.156638 0.329878 -4.797615
v -0.141054 0.322113 -4.765320
v -0.172776 0.320349 -4.803261
v -0.163961 0.311142 -4.770551
v -0.156063 0.300752 -4.749708
v -0.129503 0.314013 -4.745830
v -0.148536 0.292101 -4.738636
v -0.122438 0.308488 -4.736377
v -0.095516 0.316565 -4.739528
v -0.091936 0.315274 -4.734452
v -0.064141 0.319127 -4.739563
v -0.067104 0.319875 -4.745376
v -0.117766 0.306259 -4.731001
v -0.114509 0.305974 -4.726667
v -0.089556 0.316121 -4.729493
v -0.141112 0.288939 -4.731231
v -0.135684 0.288177 -4.726057
v -0.132409 0.288498 -4.721750
v -0.112414 0.307025 -4.722365
v -0.149977 0.264908 -4.728077
v -0.145889 0.265342 -4.722383
v -0.144275 0.266380 -4.716878
v -0.130965 0.289850 -4.717066
v -0.156756 0.241897 -4.729563
v -0.153297 0.242680 -4.722342
v -0.152286 0.243770 -4.715668
v -0.156595 0.224122 -4.718953
v -0.156405 0.225284 -4.711486
v -0.158528 0.226773 -4.703951
v -0.153641 0.245446 -4.708599
v -0.144916 0.268269 -4.710468
v -0.131418 0.292403 -4.710924
v -0.111501 0.309391 -4.717331
v -0.087913 0.318508 -4.724123
v -0.061937 0.320891 -4.733395
v -0.157002 0.211593 -4.703145
v -0.159642 0.212713 -4.695445
v -0.154296 0.202152 -4.690589
v -0.157121 0.203719 -4.681532
v -0.148812 0.196987 -4.673005
v -0.152109 0.197732 -4.663859
v -0.157610 0.198054 -4.655668
v -0.145180 0.193446 -4.643122
v -0.151025 0.193582 -4.636379
v -0.158390 0.193190 -4.629434
v -0.150848 0.190671 -4.610461
v -0.158829 0.189893 -4.603604
v -0.167427 0.192159 -4.621032
v -0.168068 0.188701 -4.594314
v -0.178243 0.190497 -4.610543
v -0.178577 0.187275 -4.582363
v -0.190705 0.188400 -4.597535
v -0.190185 0.185889 -4.567550
v -0.204419 0.186322 -4.581648
v -0.202720 0.184842 -4.549735
v -0.218903 0.184786 -4.562617
v -0.235089 0.185349 -4.574811
v -0.233871 0.184099 -4.540461
v -0.251402 0.184006 -4.551512
v -0.267422 0.186758 -4.561284
v -0.267020 0.183957 -4.526211
v -0.283287 0.186662 -4.536006
v -0.293495 0.195789 -4.542098
v -0.277232 0.195957 -4.567118
v -0.292858 0.210455 -4.541373
v -0.276295 0.210657 -4.565987
v -0.283589 0.226207 -4.535103
v -0.267060 0.226682 -4.559160
v -0.270700 0.241441 -4.526310
v -0.254413 0.242454 -4.549611
v -0.238818 0.243175 -4.571218
v -0.239098 0.255430 -4.537970
v -0.224531 0.256307 -4.557751
v -0.211837 0.256366 -4.573056
v -0.207782 0.261846 -4.542228
v -0.197253 0.261322 -4.555501
v -0.189008 0.260656 -4.564525
v -0.182057 0.258010 -4.537941
v -0.175785 0.257002 -4.545793
v -0.170703 0.257279 -4.551013
v -0.162835 0.248631 -4.529552
v -0.158907 0.249041 -4.534402
v -0.155914 0.250765 -4.536692
v -0.147683 0.238393 -4.521900
v -0.145680 0.239863 -4.523818
v -0.145121 0.241853 -4.522914
v -0.138373 0.227972 -4.519241
v -0.138255 0.229067 -4.518708
v -0.139428 0.229919 -4.515876
v -0.132891 0.217996 -4.520132
v -0.133570 0.218094 -4.517951
v -0.135491 0.217717 -4.514294
v -0.130059 0.209144 -4.524699
v -0.130942 0.208418 -4.521598
v -0.132534 0.206918 -4.517153
v -0.128036 0.201485 -4.531476
v -0.128905 0.200364 -4.527619
v -0.130379 0.198705 -4.523030
v -0.126388 0.195490 -4.539243
v -0.127009 0.194358 -4.534894
v -0.127892 0.192884 -4.530822
v -0.132083 0.196395 -4.518065
v -0.128569 0.191121 -4.527646
v -0.133706 0.193563 -4.513037
v -0.128417 0.189273 -4.525023
v -0.134929 0.190728 -4.508105
v -0.126538 0.187555 -4.522648
v -0.134326 0.188105 -4.503310
v -0.122047 0.186187 -4.520366
v -0.130478 0.186142 -4.498633
v -0.114398 0.185281 -4.518154
v -0.122581 0.185027 -4.494177
v -0.103445 0.184829 -4.515861
v -0.110941 0.184582 -4.490132
v -0.089492 0.184575 -4.513687
v -0.096459 0.184420 -4.486503
v -0.104284 0.184385 -4.457354
v -0.077933 0.184405 -4.481915
v -0.083678 0.184402 -4.451814
v -0.088940 0.184409 -4.421611
v -0.057847 0.184397 -4.446788
v -0.060665 0.184404 -4.416504
v -0.062900 0.184403 -4.386843
v -0.054330 0.184398 -4.477464
v -0.072460 0.184452 -4.511220
v -0.050551 0.184431 -4.507970
v -0.068372 0.184580 -4.539347
v -0.047400 0.184537 -4.537570
v -0.065634 0.184932 -4.565367
v -0.045485 0.184773 -4.565513
v -0.064965 0.185454 -4.590109
v -0.044742 0.185228 -4.591186
v -0.066103 0.186184 -4.613501
v -0.045218 0.185934 -4.614661
v -0.068781 0.187127 -4.635500
v -0.046732 0.186902 -4.635884
v -0.072543 0.188192 -4.655873
v -0.048833 0.188079 -4.654572
v -0.050997 0.189237 -4.670507
v -0.076358 0.189182 -4.673769
v -0.080088 0.189891 -4.689264
v -0.053153 0.190052 -4.683982
v -0.105246 0.189976 -4.696638
v -0.110020 0.190106 -4.712898
v -0.083471 0.190106 -4.703499
v -0.128066 0.190391 -4.706512
v -0.134144 0.190322 -4.724297
v -0.138594 0.189982 -4.743999
v -0.113495 0.189882 -4.730166
v -0.147336 0.191395 -4.719061
v -0.154697 0.191004 -4.737548
v -0.160373 0.190421 -4.759133
v -0.162542 0.190066 -4.784047
v -0.139957 0.189808 -4.766634
v -0.170000 0.192730 -4.751879
v -0.177064 0.191881 -4.774743
v -0.180630 0.191281 -4.801149
v -0.180584 0.191108 -4.829709
v -0.161338 0.190264 -4.811186
v -0.186811 0.195228 -4.789888
v -0.191950 0.194518 -4.817092
v -0.193752 0.194173 -4.846469
v -0.193670 0.193708 -4.876804
v -0.178697 0.190958 -4.858978
v -0.195899 0.200410 -4.830871
v -0.199475 0.200228 -4.860613
v -0.201334 0.200061 -4.891665
v -0.202332 0.199395 -4.923594
v -0.193204 0.192344 -4.907441
v -0.199108 0.208915 -4.871198
v -0.201786 0.209351 -4.902567
v -0.202758 0.210018 -4.935203
v -0.201222 0.210992 -4.968874
v -0.202245 0.197851 -4.956147
v -0.198234 0.219360 -4.908951
v -0.197468 0.220245 -4.941692
v -0.192425 0.222163 -4.975486
v -0.182879 0.224769 -5.010128
v -0.196448 0.211548 -5.003342
v -0.193065 0.227529 -4.943568
v -0.184871 0.227558 -4.977294
v -0.171018 0.229351 -5.011553
v -0.154333 0.231648 -5.046386
v -0.170474 0.225645 -5.045517
v -0.185125 0.231050 -4.975757
v -0.169177 0.230862 -5.010317
v -0.149959 0.233598 -5.045005
v -0.131929 0.237079 -5.080393
v -0.138845 0.231619 -5.082115
v -0.175530 0.238654 -5.007076
v -0.155724 0.241295 -5.042855
v -0.136553 0.246578 -5.078942
v -0.119916 0.252468 -5.115671
v -0.117320 0.239198 -5.116993
v -0.162391 0.257386 -5.038704
v -0.143580 0.262679 -5.076132
v -0.125540 0.269424 -5.113083
v -0.106866 0.276202 -5.148306
v -0.104344 0.257519 -5.152114
v -0.144874 0.281384 -5.070245
v -0.125951 0.287908 -5.106961
v -0.105044 0.294834 -5.141106
v -0.080348 0.301028 -5.171004
v -0.084260 0.281236 -5.179173
v -0.120799 0.304924 -5.098969
v -0.099055 0.312002 -5.132374
v -0.074182 0.319213 -5.161928
v -0.044140 0.325118 -5.185173
v -0.049532 0.305160 -5.194167
v -0.093707 0.327079 -5.125296
v -0.068703 0.334642 -5.153692
v -0.039103 0.341318 -5.175336
v -0.063631 0.345194 -5.145881
v -0.033976 0.351407 -5.164872
v -0.057369 0.348676 -5.137101
v -0.028293 0.353904 -5.153738
v -0.050642 0.345676 -5.127792
v -0.022976 0.349991 -5.142759
v -0.045010 0.340257 -5.118971
v -0.018897 0.343921 -5.132701
v -0.041074 0.335121 -5.111135
v -0.016117 0.338475 -5.123668
v -0.014716 0.332258 -5.116680
v -0.070313 0.338183 -5.098625
v -0.076789 0.342924 -5.105591
v -0.101046 0.340299 -5.077032
v -0.083792 0.344089 -5.112896
v -0.107628 0.339507 -5.082500
v -0.128998 0.334026 -5.047519
v -0.122816 0.336402 -5.043345
v -0.147550 0.328624 -5.009518
v -0.141243 0.331929 -5.006055
v -0.162617 0.326305 -4.969445
v -0.155617 0.329652 -4.966346
v -0.172981 0.328440 -4.927418
v -0.165153 0.331338 -4.924643
v -0.176114 0.332528 -4.883458
v -0.167363 0.335573 -4.881042
v -0.178780 0.321012 -4.931455
v -0.183512 0.325249 -4.887815
v -0.180566 0.325661 -4.843992
v -0.189724 0.314039 -4.894094
v -0.190184 0.314197 -4.851685
v -0.187612 0.308030 -4.812762
v -0.200003 0.299972 -4.862111
v -0.200434 0.294039 -4.825871
v -0.199107 0.282469 -4.797723
v -0.184163 0.296961 -4.781516
v -0.209896 0.279401 -4.841841
v -0.207473 0.269499 -4.817356
v -0.201248 0.255371 -4.803560
v -0.194379 0.233874 -4.823910
v -0.192640 0.239782 -4.797571
v -0.189925 0.221020 -4.820116
v -0.185869 0.224834 -4.794165
v -0.189346 0.209865 -4.813567
v -0.182922 0.212232 -4.788505
v -0.176252 0.215862 -4.767053
v -0.181947 0.202689 -4.778948
v -0.173938 0.204824 -4.758617
v -0.166976 0.206927 -4.742398
v -0.169487 0.219640 -4.749838
v -0.161606 0.208435 -4.729748
v -0.163394 0.221919 -4.736932
v -0.158114 0.209517 -4.719629
v -0.158957 0.223148 -4.727104
v -0.156560 0.210517 -4.711015
v -0.154295 0.200464 -4.707808
v -0.153393 0.201261 -4.698854
v -0.147371 0.194972 -4.692650
v -0.147253 0.196088 -4.682518
v -0.139041 0.192700 -4.663535
v -0.141622 0.193146 -4.653270
v -0.130041 0.190208 -4.642931
v -0.122371 0.188474 -4.622024
v -0.117119 0.187336 -4.601665
v -0.121693 0.187610 -4.594535
v -0.109765 0.187085 -4.607158
v -0.106868 0.186324 -4.585202
v -0.114460 0.186658 -4.581679
v -0.098936 0.186810 -4.610954
v -0.096138 0.186022 -4.587629
v -0.096039 0.185492 -4.564297
v -0.106682 0.185860 -4.563259
v -0.084124 0.186477 -4.612607
v -0.082125 0.185719 -4.589103
v -0.082357 0.185183 -4.564933
v -0.084871 0.184807 -4.539916
v -0.098479 0.185123 -4.540468
v -0.109145 0.185569 -4.540958
v -0.116810 0.186229 -4.541256
v -0.114346 0.186328 -4.561649
v -0.121659 0.187130 -4.541328
v -0.119312 0.186927 -4.559402
v -0.119330 0.187063 -4.577008
v -0.122079 0.187661 -4.556590
v -0.122020 0.187596 -4.571161
v -0.124041 0.187983 -4.585558
v -0.124617 0.188622 -4.574813
v -0.124627 0.189878 -4.563380
v -0.126540 0.190329 -4.570004
v -0.125032 0.192072 -4.551382
v -0.125923 0.192634 -4.556050
v -0.127694 0.193010 -4.559313
v -0.129593 0.190726 -4.574852
v -0.130308 0.193135 -4.560231
v -0.133476 0.190869 -4.576131
v -0.133725 0.192980 -4.558581
v -0.138109 0.190698 -4.574212
v -0.143917 0.189904 -4.591667
v -0.143543 0.190222 -4.569466
v -0.150647 0.189314 -4.586111
v -0.149788 0.189483 -4.562018
v -0.158359 0.188419 -4.577873
v -0.156774 0.188536 -4.551827
v -0.167053 0.187336 -4.566903
v -0.164403 0.187428 -4.538788
v -0.176640 0.186211 -4.553099
v -0.172690 0.186181 -4.522776
v -0.187091 0.185196 -4.536387
v -0.181971 0.184812 -4.503702
v -0.198651 0.184455 -4.516690
v -0.216205 0.184351 -4.528841
v -0.212557 0.184283 -4.492618
v -0.230879 0.184334 -4.504384
v -0.249156 0.184067 -4.515513
v -0.245891 0.184273 -4.478692
v -0.264338 0.184089 -4.489969
v -0.282344 0.183946 -4.500824
v -0.279374 0.184034 -4.464608
v -0.297381 0.183881 -4.475540
v -0.314044 0.185922 -4.485374
v -0.298839 0.186383 -4.510739
v -0.325334 0.193992 -4.491692
v -0.309552 0.195113 -4.517027
v -0.325992 0.207998 -4.491460
v -0.309459 0.209532 -4.516566
v -0.317270 0.223212 -4.485539
v -0.300366 0.224998 -4.510503
v -0.304535 0.237411 -4.476944
v -0.287465 0.239659 -4.501921
v -0.289181 0.248139 -4.466280
v -0.271797 0.251063 -4.491367
v -0.254999 0.253741 -4.515531
v -0.252900 0.254897 -4.478588
v -0.236166 0.258607 -4.502618
v -0.220924 0.261008 -4.524244
v -0.216449 0.254465 -4.488799
v -0.202114 0.257453 -4.509706
v -0.190611 0.258424 -4.526222
v -0.184950 0.247574 -4.496086
v -0.174755 0.248855 -4.511607
v -0.167814 0.248879 -4.522325
v -0.160015 0.236476 -4.499789
v -0.154300 0.237087 -4.510271
v -0.150593 0.237553 -4.517406
v -0.141618 0.225730 -4.512408
v -0.139591 0.226850 -4.517187
v -0.135522 0.215098 -4.512593
v -0.133842 0.216365 -4.517550
v -0.133065 0.217387 -4.520090
v -0.131650 0.208046 -4.522557
v -0.130533 0.208872 -4.525459
v -0.129936 0.209254 -4.526099
v -0.129848 0.202018 -4.533926
v -0.128500 0.202255 -4.535025
v -0.127885 0.202096 -4.534096
v -0.128627 0.196911 -4.546492
v -0.127093 0.196764 -4.545727
v -0.126361 0.196290 -4.543104
v -0.130938 0.196743 -4.545065
v -0.131790 0.201417 -4.530598
v -0.133932 0.196274 -4.541282
v -0.137902 0.192548 -4.554354
v -0.137437 0.195524 -4.535045
v -0.142745 0.191858 -4.547525
v -0.141230 0.194542 -4.526247
v -0.148106 0.190938 -4.537997
v -0.145150 0.193440 -4.514638
v -0.153844 0.189799 -4.525588
v -0.149951 0.192596 -4.499442
v -0.159962 0.188376 -4.510012
v -0.157583 0.191823 -4.480046
v -0.168559 0.187205 -4.490499
v -0.169365 0.191221 -4.457678
v -0.180548 0.186439 -4.467679
v -0.195088 0.184365 -4.480116
v -0.195284 0.185821 -4.443147
v -0.209802 0.183906 -4.454871
v -0.227480 0.184092 -4.466950
v -0.225705 0.183350 -4.429307
v -0.242869 0.183708 -4.441269
v -0.261002 0.184065 -4.453118
v -0.258602 0.183340 -4.416164
v -0.276132 0.183871 -4.428078
v -0.294148 0.184083 -4.439778
v -0.290887 0.184150 -4.404434
v -0.308267 0.184778 -4.416493
v -0.325557 0.185032 -4.427736
v -0.311931 0.184027 -4.450760
v -0.341914 0.186368 -4.437340
v -0.328581 0.185665 -4.460421
v -0.354131 0.192746 -4.443851
v -0.340417 0.192931 -4.466757
v -0.356884 0.205708 -4.444986
v -0.342032 0.206455 -4.466980
v -0.349765 0.220929 -4.440441
v -0.333934 0.221575 -4.461459
v -0.337730 0.234947 -4.432004
v -0.321486 0.235554 -4.452831
v -0.323167 0.245284 -4.420419
v -0.306557 0.246005 -4.441786
v -0.305594 0.248725 -4.406133
v -0.288459 0.249218 -4.428251
v -0.270585 0.251330 -4.453269
v -0.268644 0.244253 -4.413864
v -0.250558 0.246101 -4.439291
v -0.232868 0.250023 -4.464854
v -0.232040 0.236008 -4.426327
v -0.214553 0.239893 -4.451960
v -0.198512 0.244393 -4.475768
v -0.198655 0.228660 -4.440713
v -0.182792 0.232482 -4.464415
v -0.169548 0.235182 -4.484515
v -0.170600 0.220545 -4.455306
v -0.186548 0.218041 -4.431843
v -0.179343 0.207545 -4.427303
v -0.163440 0.209051 -4.450854
v -0.178660 0.197991 -4.428002
v -0.162973 0.198883 -4.451627
v -0.184330 0.190498 -4.433641
v -0.196198 0.196808 -4.403772
v -0.201426 0.189678 -4.409238
v -0.211422 0.184989 -4.418075
v -0.217711 0.188019 -4.384060
v -0.227732 0.183589 -4.392971
v -0.242286 0.182876 -4.404382
v -0.245383 0.183099 -4.369887
v -0.259096 0.182853 -4.381102
v -0.274267 0.183395 -4.392502
v -0.275197 0.183201 -4.360240
v -0.289025 0.183981 -4.371284
v -0.304528 0.185212 -4.383499
v -0.302096 0.184616 -4.352066
v -0.316508 0.186562 -4.365360
v -0.332111 0.188782 -4.379536
v -0.321084 0.186545 -4.396295
v -0.347953 0.190199 -4.392201
v -0.337715 0.187340 -4.408108
v -0.363122 0.191139 -4.401815
v -0.353547 0.188457 -4.417756
v -0.375308 0.195287 -4.408508
v -0.365904 0.193788 -4.424477
v -0.380420 0.206140 -4.411918
v -0.369910 0.205931 -4.426827
v -0.376745 0.221466 -4.410590
v -0.364279 0.221367 -4.423829
v -0.366901 0.236712 -4.403529
v -0.353000 0.235827 -4.415979
v -0.353210 0.247860 -4.391208
v -0.338735 0.246238 -4.403941
v -0.336227 0.251786 -4.375376
v -0.321519 0.249753 -4.388865
v -0.317355 0.248232 -4.358824
v -0.302479 0.245770 -4.373223
v -0.286171 0.244325 -4.391198
v -0.284314 0.236678 -4.359135
v -0.267738 0.234776 -4.377835
v -0.250061 0.234324 -4.400790
v -0.251797 0.223869 -4.366463
v -0.233976 0.223518 -4.389660
v -0.216003 0.225196 -4.415141
v -0.220815 0.213790 -4.381015
v -0.203910 0.215555 -4.406901
v -0.213396 0.204115 -4.377084
v -0.197102 0.205824 -4.402971
v -0.212270 0.195004 -4.378101
v -0.228801 0.202857 -4.350762
v -0.227102 0.192677 -4.351653
v -0.233753 0.185780 -4.359197
v -0.245712 0.191880 -4.331944
v -0.252152 0.185400 -4.339547
v -0.262828 0.183196 -4.349720
v -0.278137 0.183383 -4.331248
v -0.289406 0.183487 -4.340856
v -0.290050 0.185268 -4.312932
v -0.301204 0.184597 -4.321176
v -0.313648 0.185450 -4.333073
v -0.311199 0.190247 -4.303957
v -0.324582 0.189461 -4.316137
v -0.338379 0.190310 -4.332832
v -0.327360 0.187619 -4.348289
v -0.341780 0.190256 -4.364500
v -0.356352 0.192089 -4.378267
v -0.370495 0.193286 -4.387789
v -0.385285 0.201051 -4.380999
v -0.381950 0.196886 -4.394412
v -0.383836 0.210457 -4.367529
v -0.375868 0.221776 -4.352991
v -0.377255 0.234479 -4.361696
v -0.373959 0.243545 -4.370270
v -0.362169 0.229282 -4.337300
v -0.362374 0.242403 -4.345441
v -0.358122 0.250413 -4.353465
v -0.349019 0.252926 -4.363568
v -0.365594 0.247703 -4.380105
v -0.339679 0.249164 -4.335444
v -0.330191 0.250310 -4.345993
v -0.321944 0.241528 -4.318583
v -0.312045 0.241993 -4.329606
v -0.299295 0.239517 -4.343603
v -0.296793 0.229752 -4.315400
v -0.283888 0.228094 -4.330185
v -0.268671 0.225668 -4.346893
v -0.271500 0.215158 -4.319336
v -0.255674 0.214278 -4.336512
v -0.238242 0.213422 -4.356772
v -0.246980 0.202478 -4.330538
v -0.284954 0.214829 -4.305163
v -0.307426 0.228646 -4.304330
v -0.296396 0.212202 -4.295672
v -0.307556 0.207606 -4.292734
v -0.299109 0.192926 -4.297622
v -0.320125 0.203028 -4.297202
v -0.334690 0.200271 -4.308576
v -0.357817 0.213231 -4.328244
v -0.349320 0.198704 -4.324843
v -0.134083 0.200471 -4.524958
v -0.132936 0.206728 -4.517342
v -0.124180 0.188231 -4.541259
v -0.149283 0.194427 -4.703689
v -0.157227 0.199660 -4.718226
v -0.162531 0.198755 -4.730913
v -0.154140 0.194036 -4.717087
v -0.161556 0.193496 -4.732903
v -0.170039 0.197616 -4.746641
v -0.178794 0.196344 -4.766195
v -0.189822 0.201145 -4.803288
v -0.194944 0.208902 -4.841382
v -0.193394 0.219299 -4.848055
v -0.196396 0.218999 -4.877661
v -0.194830 0.230715 -4.851265
v -0.195629 0.229391 -4.880001
v -0.195835 0.228475 -4.910866
v -0.198813 0.237576 -4.908404
v -0.194906 0.234007 -4.941441
v -0.206831 0.249624 -4.901221
v -0.202599 0.244958 -4.935321
v -0.192115 0.240231 -4.971154
v -0.208243 0.262442 -4.925338
v -0.197585 0.257642 -4.963273
v -0.181315 0.255368 -5.001135
v -0.195052 0.277597 -4.953459
v -0.180041 0.274894 -4.993035
v -0.162755 0.276382 -5.032009
v -0.174328 0.291959 -4.984858
v -0.157872 0.293200 -5.024443
v -0.140267 0.298337 -5.062751
v -0.153580 0.307468 -5.018166
v -0.135629 0.312963 -5.056480
v -0.115763 0.319855 -5.092492
v -0.132814 0.325462 -5.051802
v -0.112276 0.332133 -5.087589
v -0.089445 0.338612 -5.119482
v -0.151173 0.319767 -5.013466
v -0.169901 0.306183 -4.978285
v -0.167042 0.318028 -4.973359
v -0.182973 0.309624 -4.936877
v -0.188277 0.295164 -4.944176
v -0.196826 0.299498 -4.902627
v -0.204962 0.281958 -4.913507
v -0.209332 0.283545 -4.875140
v -0.212648 0.265896 -4.889243
v -0.054546 0.283490 -5.202684
v -0.059052 0.260472 -5.211034
v -0.085498 0.260305 -5.185194
v -0.063638 0.234898 -5.215625
v -0.087884 0.237594 -5.188184
v -0.104232 0.239288 -5.153943
v -0.094832 0.214550 -5.185672
v -0.112699 0.221203 -5.153993
v -0.125886 0.227751 -5.118523
v -0.126042 0.203099 -5.147361
v -0.143266 0.213316 -5.115932
v -0.157251 0.221883 -5.081225
v -0.156488 0.194913 -5.102567
v -0.174586 0.203648 -5.071684
v -0.187790 0.209622 -5.038019
v -0.177541 0.184399 -5.051100
v -0.192288 0.190256 -5.021027
v -0.199728 0.194951 -4.988924
v -0.182292 0.178836 -4.996973
v -0.189800 0.184585 -4.968105
v -0.192431 0.189374 -4.938023
v -0.171991 0.182659 -4.944245
v -0.174922 0.187203 -4.916651
v -0.176710 0.189932 -4.888108
v -0.153395 0.188480 -4.893955
v -0.155686 0.190344 -4.866876
v -0.158493 0.190673 -4.839116
v -0.132303 0.190911 -4.844866
v -0.135390 0.190847 -4.818136
v -0.138412 0.190184 -4.791733
v -0.110538 0.190184 -4.797311
v -0.113242 0.189794 -4.772545
v -0.114557 0.189653 -4.749944
v -0.086102 0.189025 -4.754795
v -0.086930 0.189374 -4.734844
v -0.086009 0.189851 -4.718101
v -0.057389 0.189064 -4.721528
v -0.056702 0.189885 -4.707676
v -0.055156 0.190283 -4.695841
v -0.057051 0.188200 -4.739046
v -0.055836 0.187522 -4.760669
v -0.084039 0.188864 -4.777900
v -0.081370 0.188515 -4.803409
v -0.053979 0.186903 -4.785792
v -0.107483 0.190156 -4.823343
v -0.104565 0.189204 -4.850049
v -0.078445 0.187671 -4.830775
v -0.129693 0.189693 -4.871357
v -0.127034 0.187324 -4.897308
v -0.101615 0.187541 -4.877043
v -0.150674 0.185070 -4.920072
v -0.145355 0.181147 -4.945173
v -0.122886 0.184631 -4.922618
v -0.165187 0.177492 -4.970582
v -0.151788 0.174170 -4.995406
v -0.135007 0.178633 -4.969244
v -0.167098 0.174314 -5.023782
v -0.144618 0.173132 -5.047848
v -0.131715 0.174577 -5.018285
v -0.155624 0.179412 -5.077826
v -0.128722 0.177230 -5.100304
v -0.117992 0.175313 -5.068717
v -0.133216 0.186970 -5.128817
v -0.104943 0.182662 -5.149484
v -0.099018 0.178046 -5.118397
v -0.102932 0.195116 -5.173364
v -0.072840 0.190696 -5.192762
v -0.072235 0.181691 -5.164613
v -0.068915 0.209495 -5.210566
v -0.067281 0.180112 -5.132183
v -0.061023 0.181638 -5.099940
v -0.089985 0.178863 -5.086225
v -0.055456 0.183359 -5.068500
v -0.081990 0.181392 -5.055485
v -0.107593 0.177875 -5.038520
v -0.075383 0.183403 -5.026229
v -0.098469 0.181241 -5.011034
v -0.118910 0.178935 -4.991657
v -0.115548 0.182798 -4.947110
v -0.093084 0.184619 -4.930204
v -0.098006 0.185806 -4.903926
v -0.068819 0.184809 -4.918717
v -0.072064 0.185467 -4.889042
v -0.075341 0.186517 -4.859570
v -0.046630 0.184979 -4.878102
v -0.048977 0.185444 -4.844780
v -0.051636 0.186178 -4.813967
v -0.045053 0.184738 -4.911925
v -0.043913 0.184590 -4.943846
v -0.044068 0.184539 -4.974648
v -0.046546 0.184561 -5.005963
v -0.050695 0.184312 -5.037146
v 0.206758 0.202096 -4.409053
v 0.143064 0.186954 -4.621771
v 0.161344 0.315249 -4.641294
v 0.206502 0.228848 -4.660615
v 0.347506 0.226863 -4.286090
v 0.091920 0.328516 -4.772653
v 0.147598 0.209853 -4.492691
v 0.145779 0.205264 -4.503771
v 0.397370 0.204980 -4.364134
v 0.135476 0.246729 -4.184211
v 0.173024 0.258242 -4.752792
v 0.278977 0.190858 -4.295675
v 0.206655 0.244191 -4.853460
v 0.376507 0.185913 -4.333550
v 0.131524 0.189339 -4.550601
v 0.218345 0.294822 -4.203292
v 0.128054 0.187701 -4.663994
v 0.038349 0.305477 -4.986047
v 0.087899 0.184372 -4.971953
v 0.058782 0.308046 -4.949470
v 0.222003 0.196219 -4.368541
v 0.243970 0.215051 -4.375067
v 0.235452 0.222091 -4.410309
v 0.229834 0.231152 -4.443933
v 0.208998 0.210954 -4.443215
v 0.185832 0.201150 -4.453101
v 0.181203 0.194772 -4.433629
v 0.181813 0.190575 -4.390625
v 0.194637 0.187591 -4.357161
v 0.166113 0.188871 -4.418611
v 0.139498 0.188032 -4.596079
v 0.144310 0.188043 -4.598443
v 0.149421 0.187140 -4.621398
v 0.140924 0.186443 -4.635820
v 0.134111 0.186320 -4.614553
v 0.135787 0.186893 -4.602552
v 0.135124 0.187987 -4.586473
v 0.178701 0.283563 -4.660007
v 0.186790 0.284167 -4.640483
v 0.176321 0.306171 -4.625038
v 0.152684 0.306460 -4.671279
v 0.169034 0.277944 -4.679549
v 0.133842 0.337861 -4.634574
v 0.130022 0.329840 -4.663649
v 0.154031 0.333142 -4.603092
v 0.132078 0.346532 -4.600878
v 0.168173 0.322031 -4.598836
v 0.209240 0.244751 -4.638848
v 0.197259 0.262477 -4.644533
v 0.191651 0.255944 -4.665367
v 0.208529 0.205997 -4.661788
v 0.227415 0.201822 -4.640472
v 0.227607 0.217998 -4.637223
v 0.181417 0.250358 -4.683300
v 0.190564 0.226161 -4.682222
v 0.192816 0.206954 -4.678449
v 0.342768 0.233695 -4.287360
v 0.357925 0.236171 -4.299511
v 0.359014 0.225508 -4.294438
v 0.340742 0.216949 -4.280749
v 0.329891 0.223218 -4.278781
v 0.354566 0.211911 -4.289318
v 0.120954 0.321412 -4.767996
v 0.106483 0.314602 -4.751680
v 0.077863 0.321668 -4.756438
v 0.045662 0.329724 -4.769541
v 0.045054 0.333417 -4.779491
v 0.084873 0.332520 -4.786460
v 0.042079 0.324706 -4.760217
v 0.154004 0.223444 -4.492446
v 0.162961 0.222951 -4.476055
v 0.158669 0.210755 -4.473114
v 0.145882 0.214476 -4.504866
v 0.150749 0.225329 -4.503982
v 0.143833 0.206899 -4.511018
v 0.150799 0.200027 -4.493689
v 0.147988 0.199842 -4.507940
v 0.159737 0.200462 -4.474492
v 0.144867 0.200610 -4.518176
v 0.393673 0.206921 -4.375086
v 0.395253 0.194658 -4.377972
v 0.397936 0.196544 -4.362349
v 0.393043 0.215377 -4.354087
v 0.386149 0.221091 -4.365607
v 0.394954 0.206743 -4.347133
v 0.145455 0.234962 -4.178412
v 0.123107 0.226637 -4.170762
v 0.117262 0.245005 -4.181524
v 0.115555 0.265114 -4.186262
v 0.139306 0.260726 -4.187573
v 0.158328 0.250238 -4.184464
v 0.178705 0.272367 -4.765061
v 0.194431 0.259083 -4.783146
v 0.189144 0.245387 -4.775103
v 0.185578 0.230057 -4.771851
v 0.176968 0.235302 -4.753026
v 0.168968 0.237332 -4.739808
v 0.160897 0.258585 -4.738506
v 0.286506 0.187722 -4.297205
v 0.273730 0.185687 -4.314420
v 0.267152 0.190974 -4.306945
v 0.284042 0.200525 -4.289674
v 0.296090 0.196861 -4.284216
v 0.269146 0.203592 -4.303095
v 0.202528 0.237497 -4.852674
v 0.204030 0.242451 -4.828960
v 0.209005 0.250650 -4.838287
v 0.206724 0.243897 -4.871804
v 0.201220 0.234692 -4.878340
v 0.210863 0.254716 -4.858479
v 0.370335 0.188762 -4.320703
v 0.379625 0.197885 -4.319485
v 0.384760 0.189853 -4.336315
v 0.371370 0.183533 -4.344894
v 0.359858 0.184348 -4.331812
v 0.383224 0.184810 -4.352714
v 0.130911 0.188438 -4.553100
v 0.132727 0.189600 -4.540855
v 0.132959 0.190749 -4.542065
v 0.132843 0.191553 -4.546126
v 0.131584 0.189434 -4.556269
v 0.130821 0.188047 -4.564167
v 0.210018 0.301925 -4.202692
v 0.214451 0.308949 -4.213241
v 0.223678 0.296137 -4.210678
v 0.218414 0.283117 -4.197312
v 0.206947 0.288897 -4.194434
v 0.227146 0.279696 -4.204270
v 0.146482 0.188616 -4.685056
v 0.150297 0.190184 -4.699560
v 0.133646 0.189544 -4.684999
v 0.112682 0.189789 -4.676808
v 0.106505 0.188037 -4.658914
v 0.098768 0.186778 -4.636628
v 0.114969 0.186628 -4.635760
v 0.134541 0.186754 -4.654116
v 0.146329 0.187135 -4.675388
v 0.124683 0.186285 -4.630417
v 0.041813 0.304249 -4.992234
v 0.045359 0.305387 -4.984629
v 0.039515 0.306449 -4.979268
v 0.033405 0.305350 -4.986750
v 0.036026 0.303431 -4.996731
v 0.032933 0.306869 -4.976919
v 0.093191 0.184270 -4.954581
v 0.111683 0.182705 -4.970363
v 0.097194 0.183574 -4.988427
v 0.072059 0.184474 -4.973509
v 0.072725 0.184548 -4.948103
v 0.077157 0.184355 -4.999493
v 0.058159 0.307598 -4.957912
v 0.064478 0.306959 -4.960152
v 0.063229 0.307714 -4.947325
v 0.054580 0.308473 -4.943514
v 0.052017 0.308263 -4.953089
v 0.059149 0.308165 -4.935866
v 0.070026 0.307266 -4.944252
v 0.065851 0.307565 -4.928128
v 0.058977 0.307627 -4.913377
v 0.052403 0.308506 -4.925102
v 0.047852 0.308948 -4.936177
v 0.043084 0.308920 -4.915717
v 0.039054 0.309454 -4.929284
v 0.036367 0.309460 -4.942146
v 0.044854 0.308891 -4.947429
v 0.034584 0.308985 -4.954472
v 0.042716 0.308381 -4.958785
v 0.049998 0.307597 -4.963916
v 0.056896 0.306668 -4.969270
v 0.041002 0.307515 -4.969682
v 0.047916 0.306583 -4.974811
v 0.054856 0.305356 -4.981205
v 0.051731 0.303831 -4.992312
v 0.059122 0.302043 -5.001772
v 0.062402 0.304011 -4.988473
v 0.064118 0.305711 -4.974231
v 0.070988 0.302847 -4.996519
v 0.072244 0.304942 -4.979061
v 0.071965 0.306434 -4.961378
v 0.081461 0.304719 -4.983955
v 0.080725 0.306314 -4.962155
v 0.078636 0.307013 -4.940550
v 0.090536 0.306985 -4.962695
v 0.088732 0.307328 -4.936427
v 0.085729 0.306501 -4.910500
v 0.074731 0.306913 -4.919656
v 0.079724 0.305256 -4.886468
v 0.067972 0.306379 -4.900457
v 0.068097 0.304989 -4.866463
v 0.057153 0.306251 -4.884389
v 0.049021 0.307847 -4.900763
v 0.042006 0.307015 -4.872625
v 0.035775 0.308479 -4.891494
v 0.031382 0.309515 -4.908456
v 0.019998 0.309438 -4.885763
v 0.017769 0.310233 -4.903759
v 0.016373 0.310557 -4.920123
v 0.028441 0.310006 -4.923768
v 0.015616 0.310405 -4.935128
v 0.026551 0.309970 -4.937925
v 0.015334 0.309759 -4.949117
v 0.025422 0.309436 -4.951219
v 0.015443 0.308628 -4.962354
v 0.024902 0.308441 -4.963786
v 0.033447 0.308098 -4.966137
v 0.025004 0.307003 -4.975760
v 0.015956 0.307004 -4.975131
v 0.016985 0.304873 -4.987854
v 0.025949 0.305120 -4.987449
v 0.018716 0.302253 -5.001100
v 0.028144 0.302772 -4.999564
v 0.021274 0.299279 -5.015465
v 0.031626 0.300028 -5.012935
v 0.040362 0.301039 -5.008368
v 0.036440 0.297158 -5.028016
v 0.046283 0.298416 -5.021972
v 0.053865 0.300086 -5.013163
v 0.047071 0.302322 -5.001565
v 0.053910 0.295938 -5.037698
v 0.062354 0.297922 -5.026826
v 0.067884 0.300378 -5.012788
v 0.072970 0.296167 -5.042754
v 0.078348 0.299265 -5.025353
v 0.080840 0.302291 -5.005319
v 0.090910 0.299121 -5.039631
v 0.091946 0.302880 -5.014765
v 0.091622 0.305503 -4.988919
v 0.103888 0.305261 -5.024450
v 0.102220 0.307770 -4.993754
v 0.100892 0.308833 -4.963101
v 0.112326 0.311853 -4.998035
v 0.111000 0.312067 -4.963452
v 0.111095 0.311319 -4.928438
v 0.099810 0.308643 -4.932203
v 0.112232 0.309917 -4.892794
v 0.098491 0.307309 -4.901367
v 0.110857 0.311232 -4.857974
v 0.094834 0.305659 -4.871533
v 0.094830 0.315864 -4.832839
v 0.081474 0.307171 -4.848307
v 0.068622 0.319235 -4.817029
v 0.059683 0.309783 -4.832810
v 0.050341 0.306090 -4.852163
v 0.032720 0.312351 -4.824364
v 0.027915 0.308238 -4.844080
v 0.023356 0.308496 -4.865737
v 0.024778 0.296278 -5.031371
v 0.029353 0.293770 -5.049043
v 0.042703 0.294600 -5.045064
v 0.035108 0.292382 -5.068594
v 0.050613 0.292822 -5.064325
v 0.063578 0.293955 -5.055853
v 0.060183 0.292779 -5.085661
v 0.075728 0.292907 -5.076857
v 0.086617 0.294916 -5.061696
v 0.088402 0.297646 -5.097506
v 0.103678 0.296453 -5.083278
v 0.105377 0.301287 -5.054946
v 0.109067 0.310878 -5.089912
v 0.119314 0.309308 -5.068096
v 0.115193 0.310521 -5.032869
v 0.122752 0.321788 -5.070921
v 0.123847 0.318427 -5.038487
v 0.120922 0.317612 -5.001327
v 0.130410 0.327128 -5.042880
v 0.128859 0.323620 -5.003895
v 0.129074 0.320836 -4.964232
v 0.120375 0.316462 -4.963717
v 0.130581 0.318273 -4.923978
v 0.121341 0.315019 -4.925689
v 0.132188 0.318083 -4.882975
v 0.122833 0.314573 -4.887094
v 0.127586 0.322978 -4.846225
v 0.119387 0.318581 -4.851472
v 0.109935 0.328198 -4.815970
v 0.103037 0.323656 -4.823872
v 0.080055 0.331835 -4.796763
v 0.075578 0.327945 -4.805768
v 0.043202 0.333814 -4.788841
v 0.040539 0.329492 -4.798140
v 0.037075 0.321181 -4.808955
v 0.039124 0.321499 -4.752633
v 0.037405 0.321003 -4.745346
v 0.036255 0.322895 -4.737766
v 0.035469 0.326664 -4.729705
v 0.035046 0.331744 -4.720420
v 0.034972 0.337655 -4.708596
v 0.065247 0.322413 -4.727332
v 0.064701 0.327373 -4.718911
v 0.064916 0.333331 -4.708357
v 0.065922 0.340022 -4.694069
v 0.035175 0.344408 -4.692698
v 0.091147 0.318708 -4.717226
v 0.092023 0.324436 -4.708415
v 0.094243 0.331098 -4.696499
v 0.097787 0.338328 -4.679473
v 0.067644 0.347471 -4.674696
v 0.115228 0.309020 -4.708650
v 0.118509 0.315081 -4.699155
v 0.123829 0.322203 -4.684958
v 0.101685 0.345672 -4.656299
v 0.137977 0.292199 -4.701328
v 0.144378 0.298672 -4.689812
v 0.153205 0.266419 -4.703187
v 0.159904 0.271477 -4.693802
v 0.164678 0.242202 -4.704213
v 0.171687 0.245636 -4.695755
v 0.171674 0.221789 -4.702756
v 0.179389 0.223646 -4.694649
v 0.173128 0.205861 -4.697067
v 0.181199 0.206465 -4.689544
v 0.169328 0.194777 -4.686144
v 0.177108 0.194763 -4.679146
v 0.188199 0.194417 -4.669231
v 0.169112 0.188303 -4.663671
v 0.179366 0.188396 -4.653832
v 0.192504 0.187837 -4.640345
v 0.202915 0.193154 -4.654723
v 0.207914 0.186588 -4.622961
v 0.220365 0.190858 -4.635055
v 0.224783 0.185082 -4.601959
v 0.238361 0.189125 -4.611279
v 0.246265 0.198765 -4.616048
v 0.255436 0.188597 -4.585648
v 0.263764 0.197837 -4.590432
v 0.263733 0.211929 -4.589189
v 0.246261 0.213207 -4.613702
v 0.256909 0.228219 -4.582467
v 0.240291 0.229488 -4.604425
v 0.224150 0.234299 -4.624013
v 0.230842 0.245747 -4.590906
v 0.217626 0.249137 -4.606091
v 0.206672 0.256009 -4.616677
v 0.197862 0.267050 -4.621592
v 0.207780 0.259841 -4.585900
v 0.199645 0.262978 -4.593405
v 0.193224 0.268570 -4.597433
v 0.187665 0.277049 -4.597507
v 0.190078 0.281532 -4.619871
v 0.188516 0.263458 -4.570775
v 0.183450 0.266100 -4.574135
v 0.179610 0.271197 -4.574844
v 0.176974 0.278350 -4.571867
v 0.182586 0.287651 -4.591985
v 0.171944 0.259873 -4.553598
v 0.169095 0.263798 -4.553746
v 0.168262 0.269072 -4.551014
v 0.169229 0.274629 -4.545343
v 0.175695 0.286113 -4.564340
v 0.159741 0.254232 -4.535880
v 0.159533 0.258363 -4.531920
v 0.161838 0.261951 -4.526446
v 0.165316 0.264795 -4.519780
v 0.171653 0.279521 -4.536610
v 0.152351 0.244827 -4.518999
v 0.154847 0.246736 -4.512299
v 0.159259 0.247293 -4.507371
v 0.165479 0.246186 -4.502448
v 0.170882 0.265930 -4.511822
v 0.149320 0.231026 -4.510494
v 0.153003 0.228742 -4.503343
v 0.158304 0.226665 -4.498919
v 0.164927 0.223228 -4.492615
v 0.174411 0.242390 -4.495730
v 0.147031 0.217309 -4.509266
v 0.150638 0.214654 -4.503735
v 0.154427 0.210146 -4.496048
v 0.144230 0.205960 -4.512283
v 0.147027 0.202822 -4.506252
v 0.150056 0.198985 -4.499549
v 0.160293 0.205596 -4.488268
v 0.173429 0.216949 -4.482852
v 0.182096 0.208760 -4.469833
v 0.200265 0.222600 -4.467321
v 0.186606 0.234565 -4.484632
v 0.165588 0.200052 -4.478750
v 0.151995 0.194001 -4.491499
v 0.152441 0.190031 -4.483836
v 0.167319 0.194442 -4.467256
v 0.148469 0.187093 -4.476003
v 0.163016 0.189903 -4.454826
v 0.139409 0.185242 -4.468657
v 0.152071 0.186478 -4.443820
v 0.126089 0.184530 -4.462376
v 0.136547 0.184759 -4.434820
v 0.147210 0.185614 -4.407170
v 0.157685 0.185850 -4.378219
v 0.117935 0.184398 -4.427572
v 0.126711 0.184350 -4.397871
v 0.133219 0.184258 -4.368772
v 0.137932 0.184253 -4.339037
v 0.166759 0.184458 -4.347009
v 0.099735 0.184414 -4.391860
v 0.103410 0.184396 -4.362656
v 0.106402 0.184445 -4.333418
v 0.108958 0.184692 -4.304544
v 0.141586 0.184412 -4.309025
v 0.070994 0.184396 -4.357701
v 0.072906 0.184482 -4.328991
v 0.074705 0.184798 -4.301276
v 0.075929 0.185444 -4.275527
v 0.110830 0.185257 -4.277532
v 0.038235 0.184525 -4.325910
v 0.039297 0.184909 -4.299166
v 0.040021 0.185615 -4.274719
v 0.040229 0.186554 -4.252530
v 0.076262 0.186371 -4.252278
v 0.040087 0.187577 -4.231984
v 0.039781 0.188538 -4.212530
v 0.075071 0.188505 -4.211849
v 0.075884 0.187444 -4.231250
v 0.039323 0.189284 -4.194753
v 0.038781 0.189700 -4.179906
v 0.072531 0.189848 -4.179667
v 0.073891 0.189361 -4.194373
v 0.038366 0.189697 -4.167397
v 0.038142 0.189447 -4.154978
v 0.070873 0.189592 -4.153967
v 0.071447 0.189851 -4.166903
v 0.037879 0.190574 -4.142420
v 0.037283 0.196043 -4.135423
v 0.069406 0.196344 -4.134843
v 0.070420 0.190804 -4.141220
v 0.036255 0.206595 -4.141448
v 0.034893 0.221781 -4.157017
v 0.064900 0.221781 -4.158121
v 0.067491 0.206776 -4.141787
v 0.033441 0.243550 -4.169692
v 0.032338 0.268209 -4.173745
v 0.060541 0.267493 -4.177096
v 0.062276 0.243219 -4.171889
v 0.031932 0.290065 -4.173853
v 0.032243 0.307516 -4.173802
v 0.060932 0.306205 -4.176742
v 0.060136 0.289046 -4.177403
v 0.089163 0.303999 -4.181957
v 0.088143 0.287202 -4.182688
v 0.088567 0.266545 -4.182048
v 0.090830 0.243535 -4.176456
v 0.115851 0.284160 -4.187217
v 0.117240 0.300604 -4.187018
v 0.144316 0.295012 -4.189931
v 0.142049 0.278311 -4.189158
v 0.168370 0.287009 -4.190210
v 0.164767 0.268813 -4.188037
v 0.187995 0.278368 -4.188790
v 0.183193 0.258185 -4.184471
v 0.173752 0.237648 -4.177791
v 0.198277 0.248532 -4.180242
v 0.186480 0.226050 -4.170433
v 0.164993 0.208946 -4.158924
v 0.156041 0.221115 -4.167974
v 0.135265 0.200241 -4.147903
v 0.129807 0.211740 -4.156835
v 0.102197 0.197250 -4.139219
v 0.099040 0.207917 -4.147166
v 0.094860 0.222914 -4.163116
v 0.138787 0.193047 -4.149709
v 0.103932 0.191287 -4.144093
v 0.140617 0.190361 -4.159764
v 0.104724 0.189747 -4.156391
v 0.141785 0.190005 -4.172669
v 0.105582 0.189967 -4.169753
v 0.143130 0.189917 -4.186296
v 0.107060 0.190010 -4.182928
v 0.144675 0.189324 -4.201159
v 0.108850 0.189474 -4.197515
v 0.146018 0.188158 -4.217570
v 0.110379 0.188475 -4.214312
v 0.146723 0.186764 -4.235534
v 0.111361 0.187272 -4.232917
v 0.146324 0.185597 -4.256146
v 0.111614 0.186146 -4.253665
v 0.144525 0.184823 -4.280739
v 0.180414 0.185104 -4.259370
v 0.177279 0.183918 -4.285292
v 0.173025 0.183487 -4.315120
v 0.208462 0.184764 -4.292063
v 0.203907 0.183481 -4.323426
v 0.234029 0.193452 -4.301297
v 0.231559 0.190806 -4.333274
v 0.248186 0.213827 -4.310544
v 0.249078 0.210913 -4.341212
v 0.250603 0.241236 -4.316904
v 0.253247 0.238993 -4.345098
v 0.254271 0.241243 -4.377614
v 0.247737 0.266930 -4.345717
v 0.249449 0.268749 -4.375869
v 0.246235 0.274455 -4.408333
v 0.249509 0.247972 -4.411658
v 0.235221 0.283169 -4.439691
v 0.236883 0.258599 -4.443246
v 0.218522 0.292342 -4.467643
v 0.218494 0.270326 -4.469694
v 0.212735 0.245551 -4.469277
v 0.199813 0.279228 -4.491277
v 0.194711 0.257325 -4.488095
v 0.185367 0.283211 -4.509385
v 0.180301 0.263967 -4.501745
v 0.176427 0.282783 -4.524584
v 0.188026 0.300351 -4.514821
v 0.179951 0.297966 -4.535104
v 0.176331 0.292949 -4.551970
v 0.178810 0.312463 -4.540067
v 0.176859 0.306450 -4.562057
v 0.178590 0.298059 -4.579919
v 0.172192 0.319610 -4.567174
v 0.176065 0.310488 -4.591154
v 0.182516 0.297292 -4.609743
v 0.163052 0.331276 -4.569266
v 0.162394 0.336127 -4.539941
v 0.148196 0.344798 -4.538849
v 0.149322 0.341617 -4.569593
v 0.172574 0.325454 -4.540820
v 0.177781 0.327924 -4.513794
v 0.165927 0.336639 -4.511317
v 0.185560 0.315681 -4.515749
v 0.197044 0.314754 -4.490122
v 0.186799 0.325897 -4.486150
v 0.201347 0.298660 -4.492314
v 0.211638 0.309482 -4.463122
v 0.225488 0.301809 -4.434166
v 0.208415 0.313340 -4.428205
v 0.198002 0.320184 -4.457550
v 0.185585 0.320174 -4.422636
v 0.178939 0.325921 -4.452258
v 0.171823 0.332439 -4.482189
v 0.155005 0.330066 -4.447970
v 0.152015 0.336476 -4.479069
v 0.149711 0.342710 -4.509385
v 0.126450 0.339162 -4.476969
v 0.127335 0.346768 -4.508088
v 0.128001 0.351962 -4.537800
v 0.098695 0.349114 -4.506890
v 0.100943 0.357248 -4.536609
v 0.102475 0.360752 -4.565941
v 0.129293 0.351756 -4.568139
v 0.103786 0.358651 -4.596590
v 0.070872 0.367120 -4.563518
v 0.071429 0.368032 -4.592726
v 0.071035 0.363301 -4.622250
v 0.104037 0.352761 -4.627789
v 0.069607 0.355602 -4.650260
v 0.036973 0.370400 -4.619024
v 0.036196 0.362204 -4.646765
v 0.035583 0.352638 -4.671865
v 0.037548 0.373318 -4.590106
v 0.037413 0.369338 -4.561114
v 0.036292 0.360847 -4.532055
v 0.034515 0.352778 -4.502011
v 0.032959 0.349518 -4.470681
v 0.032360 0.351894 -4.438963
v 0.033025 0.355751 -4.408015
v 0.034922 0.354794 -4.378286
v 0.037403 0.347570 -4.349540
v 0.039473 0.338517 -4.322122
v 0.040632 0.331691 -4.297640
v 0.040864 0.329833 -4.276951
v 0.040137 0.334132 -4.259030
v 0.038540 0.341330 -4.242100
v 0.036659 0.346665 -4.225670
v 0.035214 0.348430 -4.210985
v 0.034429 0.347336 -4.198384
v 0.034010 0.343018 -4.187413
v 0.033567 0.334430 -4.179133
v 0.032924 0.322139 -4.174909
v 0.063702 0.331993 -4.181177
v 0.062340 0.320372 -4.177265
v 0.092884 0.329509 -4.186648
v 0.090983 0.318043 -4.182471
v 0.121834 0.326830 -4.193140
v 0.119429 0.314923 -4.188172
v 0.149923 0.323034 -4.198259
v 0.146982 0.310177 -4.192169
v 0.175091 0.317315 -4.201069
v 0.171619 0.303501 -4.193746
v 0.195338 0.309980 -4.202129
v 0.191619 0.296001 -4.193851
v 0.203732 0.270607 -4.187619
v 0.216547 0.264031 -4.188885
v 0.210869 0.240393 -4.178415
v 0.226524 0.258682 -4.194244
v 0.220468 0.233904 -4.181609
v 0.204188 0.210328 -4.170034
v 0.196823 0.216741 -4.166931
v 0.175891 0.195400 -4.163230
v 0.171702 0.200136 -4.157065
v 0.208436 0.206365 -4.179145
v 0.178113 0.193433 -4.174356
v 0.210616 0.203828 -4.192458
v 0.179434 0.192469 -4.188069
v 0.211984 0.201378 -4.208202
v 0.180559 0.191334 -4.203506
v 0.213020 0.197730 -4.224960
v 0.181522 0.189454 -4.220089
v 0.213257 0.192820 -4.243113
v 0.181745 0.187106 -4.238116
v 0.211831 0.188015 -4.264957
v 0.235350 0.208114 -4.253053
v 0.235335 0.199686 -4.274369
v 0.245682 0.230919 -4.265346
v 0.246885 0.221170 -4.285313
v 0.247887 0.255855 -4.275498
v 0.248695 0.247458 -4.294026
v 0.244182 0.280020 -4.282252
v 0.244209 0.273607 -4.299494
v 0.245325 0.268809 -4.320160
v 0.232752 0.296641 -4.302484
v 0.233115 0.292354 -4.321621
v 0.234748 0.290005 -4.345129
v 0.213655 0.310155 -4.321730
v 0.214630 0.306769 -4.344067
v 0.215845 0.305782 -4.370167
v 0.236272 0.290625 -4.372993
v 0.214617 0.308033 -4.398729
v 0.234161 0.294780 -4.403520
v 0.190059 0.316473 -4.367027
v 0.189448 0.316905 -4.394142
v 0.160951 0.325539 -4.363220
v 0.160492 0.325115 -4.389710
v 0.158318 0.326289 -4.417887
v 0.129152 0.333022 -4.385839
v 0.127680 0.332620 -4.414375
v 0.126417 0.333938 -4.445050
v 0.095504 0.338714 -4.411948
v 0.094886 0.337752 -4.443104
v 0.096134 0.341111 -4.475387
v 0.063104 0.343322 -4.441209
v 0.064206 0.344114 -4.473402
v 0.066719 0.350795 -4.504938
v 0.069287 0.360272 -4.534731
v 0.063762 0.346103 -4.409933
v 0.065573 0.346854 -4.380341
v 0.097055 0.339838 -4.382790
v 0.098497 0.338326 -4.355521
v 0.067637 0.342945 -4.352378
v 0.129951 0.332977 -4.359174
v 0.130269 0.332790 -4.334348
v 0.099499 0.335332 -4.330016
v 0.160645 0.327347 -4.338611
v 0.160699 0.330658 -4.316686
v 0.130687 0.333836 -4.311867
v 0.189234 0.318639 -4.342008
v 0.188827 0.322708 -4.320131
v 0.189427 0.327713 -4.301729
v 0.161468 0.335179 -4.297835
v 0.213841 0.314794 -4.303285
v 0.214498 0.319664 -4.287473
v 0.190314 0.332542 -4.285848
v 0.233098 0.301841 -4.286206
v 0.232471 0.306776 -4.270829
v 0.213963 0.323587 -4.272507
v 0.243647 0.286398 -4.266302
v 0.240917 0.291430 -4.250524
v 0.229592 0.310434 -4.255321
v 0.247146 0.263902 -4.259030
v 0.244771 0.269932 -4.243066
v 0.240287 0.273948 -4.227913
v 0.235973 0.294651 -4.235377
v 0.244449 0.239938 -4.248366
v 0.242309 0.246307 -4.232208
v 0.238762 0.250517 -4.216870
v 0.233697 0.254274 -4.203808
v 0.234312 0.276923 -4.214725
v 0.232730 0.221621 -4.218880
v 0.230340 0.225339 -4.203271
v 0.226662 0.229010 -4.190255
v 0.234397 0.216039 -4.235385
v 0.229915 0.296143 -4.221878
v 0.219631 0.312053 -4.225838
v 0.224927 0.312348 -4.240029
v 0.203299 0.324340 -4.227187
v 0.207381 0.326101 -4.241920
v 0.211298 0.325721 -4.257280
v 0.184294 0.335319 -4.240585
v 0.187517 0.336395 -4.255805
v 0.189912 0.335712 -4.270897
v 0.159776 0.342398 -4.250698
v 0.161929 0.342595 -4.265919
v 0.162321 0.339819 -4.281352
v 0.131607 0.344483 -4.258031
v 0.132053 0.341344 -4.274397
v 0.131431 0.336940 -4.292031
v 0.101017 0.338794 -4.266306
v 0.100788 0.334566 -4.285346
v 0.100211 0.333401 -4.306540
v 0.070534 0.331258 -4.279656
v 0.070195 0.332006 -4.301567
v 0.069256 0.336848 -4.325957
v 0.070257 0.335384 -4.260118
v 0.069242 0.341143 -4.242309
v 0.100392 0.343070 -4.248881
v 0.098825 0.344685 -4.232832
v 0.067717 0.344777 -4.225971
v 0.129759 0.344587 -4.242437
v 0.127484 0.342594 -4.227890
v 0.097051 0.343802 -4.218624
v 0.157047 0.340369 -4.235781
v 0.154724 0.337362 -4.221557
v 0.125600 0.339735 -4.214498
v 0.181292 0.332661 -4.225853
v 0.178365 0.327091 -4.212281
v 0.152535 0.332127 -4.208580
v 0.199295 0.319318 -4.213654
v 0.123891 0.335062 -4.202448
v 0.094409 0.337318 -4.195062
v 0.095643 0.341564 -4.206126
v 0.064671 0.339942 -4.189164
v 0.065392 0.344010 -4.199725
v 0.066321 0.345454 -4.211810
v 0.037187 0.184401 -4.354258
v 0.036291 0.184389 -4.383382
v 0.035392 0.184396 -4.412953
v 0.034260 0.184398 -4.443132
v 0.032899 0.184396 -4.474147
v 0.031711 0.184392 -4.505913
v 0.031001 0.184400 -4.537628
v 0.030204 0.184513 -4.567082
v 0.030658 0.184691 -4.595073
v 0.031613 0.185050 -4.620779
v 0.032156 0.186181 -4.641384
v 0.033070 0.188000 -4.657965
v 0.034300 0.189959 -4.670708
v 0.035652 0.191227 -4.680196
v 0.036780 0.191330 -4.687936
v 0.037299 0.190394 -4.696490
v 0.036992 0.188920 -4.708406
v 0.035932 0.187484 -4.724959
v 0.034373 0.186412 -4.746104
v 0.032572 0.185666 -4.771411
v 0.030725 0.185112 -4.800786
v 0.028979 0.184730 -4.833630
v 0.028180 0.184767 -4.872821
v 0.027496 0.184682 -4.908755
v 0.027114 0.184584 -4.942592
v 0.027344 0.184515 -4.975715
v 0.028391 0.184470 -5.009820
v 0.031200 0.184368 -5.043750
v 0.034385 0.183856 -5.077079
v 0.037521 0.182823 -5.109383
v 0.040284 0.181601 -5.141485
v 0.042123 0.182132 -5.173998
v 0.042591 0.189085 -5.204295
v 0.042745 0.206895 -5.225754
v 0.045337 0.233554 -5.232526
v 0.051865 0.261779 -5.226394
v 0.059872 0.287658 -5.216128
v 0.065568 0.311971 -5.207486
v 0.068118 0.333938 -5.198696
v 0.068505 0.350968 -5.187741
v 0.067319 0.361006 -5.175573
v 0.065235 0.363235 -5.163218
v 0.063076 0.358791 -5.151660
v 0.061041 0.351584 -5.141490
v 0.058973 0.344704 -5.132447
v 0.057036 0.337491 -5.125248
v 0.055356 0.328070 -5.120789
v 0.053329 0.315374 -5.117518
v 0.048758 0.300954 -5.107841
v 0.041976 0.293328 -5.089560
v 0.069366 0.299495 -5.104880
v 0.074073 0.314269 -5.113345
v 0.093112 0.312662 -5.104576
v 0.076267 0.327222 -5.116566
v 0.095494 0.326003 -5.107723
v 0.111845 0.324234 -5.093006
v 0.097696 0.336258 -5.111140
v 0.114465 0.334733 -5.095877
v 0.126319 0.331525 -5.073406
v 0.118376 0.342194 -5.100298
v 0.131251 0.338662 -5.076815
v 0.137057 0.332851 -5.045522
v 0.137529 0.344568 -5.081310
v 0.144541 0.337878 -5.048821
v 0.145184 0.330269 -5.009627
v 0.136807 0.327721 -5.006314
v 0.145999 0.324231 -4.966857
v 0.137501 0.323659 -4.965215
v 0.147967 0.318950 -4.923347
v 0.139318 0.319532 -4.923254
v 0.151256 0.320900 -4.879795
v 0.141670 0.319765 -4.880903
v 0.146467 0.326604 -4.837564
v 0.136741 0.325476 -4.841316
v 0.127221 0.330010 -4.800383
v 0.117497 0.330467 -4.807771
v 0.157144 0.325199 -4.836300
v 0.142148 0.326135 -4.796844
v 0.167719 0.319937 -4.838347
v 0.157562 0.318316 -4.798195
v 0.143135 0.311486 -4.767969
v 0.172367 0.307216 -4.803956
v 0.164155 0.298628 -4.773320
v 0.156424 0.288970 -4.754275
v 0.131641 0.303683 -4.750299
v 0.149601 0.282055 -4.743527
v 0.124451 0.298969 -4.741208
v 0.099105 0.310504 -4.743412
v 0.095272 0.309744 -4.737444
v 0.068465 0.317138 -4.741535
v 0.071585 0.317811 -4.748144
v 0.119646 0.297857 -4.734961
v 0.116273 0.298655 -4.728969
v 0.092887 0.311156 -4.731297
v 0.142671 0.280353 -4.735397
v 0.137320 0.280612 -4.728671
v 0.134066 0.281741 -4.722260
v 0.114287 0.300757 -4.722628
v 0.153906 0.258972 -4.730126
v 0.149803 0.259572 -4.723292
v 0.148315 0.260815 -4.716760
v 0.133022 0.283932 -4.715802
v 0.163202 0.237866 -4.730833
v 0.159855 0.238165 -4.723761
v 0.158934 0.238788 -4.717298
v 0.164205 0.220002 -4.721274
v 0.164361 0.220137 -4.715092
v 0.166795 0.220676 -4.709134
v 0.160505 0.240042 -4.710955
v 0.149416 0.262998 -4.710259
v 0.134267 0.287357 -4.709169
v 0.113889 0.304221 -4.715975
v 0.091476 0.314200 -4.724597
v 0.066511 0.318864 -4.734712
v 0.164820 0.205492 -4.708605
v 0.167825 0.205520 -4.703020
v 0.161243 0.195058 -4.697292
v 0.164203 0.194828 -4.691821
v 0.155176 0.188742 -4.681290
v 0.157583 0.188485 -4.675575
v 0.162047 0.188359 -4.670168
v 0.150759 0.186979 -4.651756
v 0.155757 0.187174 -4.646486
v 0.162580 0.187169 -4.640515
v 0.155919 0.187084 -4.617665
v 0.163657 0.186863 -4.610814
v 0.171538 0.187035 -4.631979
v 0.172895 0.186433 -4.600854
v 0.182538 0.186551 -4.620399
v 0.183483 0.185793 -4.587898
v 0.195075 0.185638 -4.605992
v 0.195110 0.185045 -4.572180
v 0.209033 0.184646 -4.588634
v 0.207402 0.184364 -4.554038
v 0.224547 0.184215 -4.566715
v 0.241280 0.184834 -4.576992
v 0.240144 0.184244 -4.541223
v 0.257192 0.184894 -4.551334
v 0.271715 0.188570 -4.560043
v 0.272803 0.184791 -4.525901
v 0.287767 0.188272 -4.534935
v 0.296948 0.197350 -4.540389
v 0.280413 0.197768 -4.565140
v 0.297529 0.211763 -4.540387
v 0.280658 0.211992 -4.564710
v 0.290755 0.228452 -4.535655
v 0.273793 0.228407 -4.559404
v 0.278994 0.244650 -4.527668
v 0.262223 0.244707 -4.550733
v 0.245943 0.244722 -4.572095
v 0.246386 0.257499 -4.539017
v 0.231351 0.257848 -4.558634
v 0.218304 0.258379 -4.574428
v 0.213974 0.262889 -4.542728
v 0.203228 0.262772 -4.556041
v 0.194944 0.262678 -4.565017
v 0.187890 0.258584 -4.537909
v 0.181376 0.257930 -4.545516
v 0.176165 0.257889 -4.550725
v 0.168787 0.248939 -4.529064
v 0.164775 0.249371 -4.534151
v 0.161725 0.251131 -4.536623
v 0.155260 0.239031 -4.523073
v 0.153413 0.240495 -4.525327
v 0.152393 0.242498 -4.524201
v 0.146614 0.229424 -4.520067
v 0.146292 0.230528 -4.519446
v 0.147079 0.231276 -4.516030
v 0.141523 0.219686 -4.520505
v 0.142321 0.219770 -4.518288
v 0.144181 0.219068 -4.514348
v 0.138574 0.210335 -4.524626
v 0.139781 0.209595 -4.521547
v 0.141732 0.208154 -4.517325
v 0.136505 0.202225 -4.531369
v 0.137543 0.201124 -4.527479
v 0.139039 0.199504 -4.522925
v 0.134652 0.195902 -4.539091
v 0.135246 0.194814 -4.534587
v 0.136008 0.193386 -4.530445
v 0.140723 0.197325 -4.518041
v 0.136447 0.191636 -4.527230
v 0.142202 0.194671 -4.513104
v 0.135901 0.189733 -4.524518
v 0.142676 0.191671 -4.507993
v 0.133584 0.187976 -4.522006
v 0.141274 0.188991 -4.502982
v 0.128676 0.186555 -4.519519
v 0.136716 0.186893 -4.498024
v 0.120681 0.185557 -4.517081
v 0.128440 0.185487 -4.493351
v 0.109496 0.184968 -4.514782
v 0.116626 0.184762 -4.489212
v 0.095246 0.184672 -4.512642
v 0.101832 0.184494 -4.485613
v 0.109724 0.184425 -4.457078
v 0.084577 0.184400 -4.482238
v 0.089924 0.184407 -4.451823
v 0.095174 0.184418 -4.421552
v 0.064032 0.184398 -4.446739
v 0.066795 0.184398 -4.416474
v 0.069044 0.184395 -4.386841
v 0.060943 0.184398 -4.477574
v 0.077982 0.184518 -4.510567
v 0.056988 0.184428 -4.508327
v 0.074159 0.184658 -4.538374
v 0.054061 0.184517 -4.537849
v 0.072607 0.184863 -4.565259
v 0.052813 0.184678 -4.566096
v 0.073085 0.185204 -4.590954
v 0.053170 0.184960 -4.592858
v 0.075424 0.185777 -4.615192
v 0.054840 0.185469 -4.617661
v 0.079552 0.186694 -4.637713
v 0.057937 0.186315 -4.640336
v 0.085053 0.188110 -4.657579
v 0.060503 0.188047 -4.658203
v 0.062606 0.190071 -4.671614
v 0.088851 0.190035 -4.673094
v 0.091787 0.191086 -4.686819
v 0.064730 0.191270 -4.682643
v 0.116542 0.190770 -4.693348
v 0.119450 0.190726 -4.710222
v 0.093994 0.191032 -4.700451
v 0.138218 0.190554 -4.703214
v 0.141895 0.190604 -4.722301
v 0.143930 0.190233 -4.743398
v 0.120865 0.190173 -4.728739
v 0.155457 0.191077 -4.716774
v 0.160028 0.191192 -4.736628
v 0.163130 0.190908 -4.759249
v 0.164601 0.190635 -4.784242
v 0.144231 0.189995 -4.766598
v 0.173145 0.193242 -4.752003
v 0.177768 0.192823 -4.775338
v 0.181131 0.192223 -4.801439
v 0.183031 0.191571 -4.829598
v 0.164580 0.190578 -4.810996
v 0.187557 0.196629 -4.790431
v 0.192835 0.195554 -4.817250
v 0.196871 0.194360 -4.846471
v 0.199197 0.193027 -4.877156
v 0.183304 0.190805 -4.858914
v 0.198878 0.201262 -4.830756
v 0.204171 0.199976 -4.860700
v 0.208094 0.198987 -4.892403
v 0.210884 0.198131 -4.925136
v 0.200139 0.191180 -4.908325
v 0.204750 0.208120 -4.871377
v 0.208629 0.208045 -4.903529
v 0.211696 0.209181 -4.937176
v 0.213907 0.211116 -4.972102
v 0.212947 0.196837 -4.958471
v 0.203716 0.217248 -4.909859
v 0.205183 0.219163 -4.943661
v 0.205591 0.222903 -4.979189
v 0.202900 0.226414 -5.015925
v 0.213294 0.211985 -5.007800
v 0.198664 0.225566 -4.944935
v 0.197071 0.228321 -4.980707
v 0.192311 0.232020 -5.017922
v 0.182426 0.233942 -5.055246
v 0.194896 0.226423 -5.052728
v 0.194814 0.232023 -4.978078
v 0.189213 0.234695 -5.016253
v 0.178736 0.237582 -5.054464
v 0.164335 0.239334 -5.091336
v 0.168471 0.232380 -5.091444
v 0.192564 0.243003 -5.012218
v 0.183350 0.246356 -5.052366
v 0.170319 0.249964 -5.090844
v 0.154706 0.254156 -5.126647
v 0.147947 0.239903 -5.126370
v 0.188502 0.262111 -5.048409
v 0.178625 0.266588 -5.088826
v 0.164604 0.272258 -5.125241
v 0.146447 0.279125 -5.156704
v 0.136495 0.258803 -5.159321
v 0.180571 0.285524 -5.083225
v 0.168444 0.292178 -5.119612
v 0.150688 0.299927 -5.150106
v 0.128049 0.307112 -5.175002
v 0.123494 0.285064 -5.182654
v 0.165274 0.310727 -5.111321
v 0.148675 0.319315 -5.141356
v 0.127423 0.327365 -5.166212
v 0.100905 0.332649 -5.185691
v 0.099799 0.311393 -5.194291
v 0.145347 0.336164 -5.133898
v 0.125157 0.344270 -5.158116
v 0.099816 0.349481 -5.176361
v 0.121941 0.355558 -5.150437
v 0.097118 0.359579 -5.166462
v 0.117030 0.359039 -5.141891
v 0.093078 0.361561 -5.155939
v 0.111215 0.355484 -5.132911
v 0.088742 0.356817 -5.145570
v 0.105708 0.349291 -5.124403
v 0.084749 0.349894 -5.136025
v 0.101053 0.343385 -5.116798
v 0.081165 0.343722 -5.127367
v 0.078314 0.336860 -5.120637
v 0.123798 0.348185 -5.106345
v 0.130267 0.353384 -5.113336
v 0.144700 0.348724 -5.086667
v 0.136828 0.354694 -5.120765
v 0.151653 0.347845 -5.092617
v 0.159770 0.338589 -5.057623
v 0.152443 0.340930 -5.052841
v 0.161725 0.328009 -5.016951
v 0.154040 0.331390 -5.012893
v 0.162165 0.319370 -4.972921
v 0.154390 0.323245 -4.969395
v 0.165020 0.315523 -4.927819
v 0.156901 0.318551 -4.924920
v 0.169130 0.317243 -4.882651
v 0.160529 0.320679 -4.880230
v 0.171364 0.308513 -4.931964
v 0.176317 0.309812 -4.887012
v 0.177406 0.310870 -4.843442
v 0.182482 0.298985 -4.893244
v 0.186327 0.298931 -4.851140
v 0.186156 0.294171 -4.813446
v 0.195786 0.285136 -4.861452
v 0.198472 0.280492 -4.826364
v 0.197985 0.271227 -4.799604
v 0.183236 0.284423 -4.783963
v 0.207922 0.267137 -4.842031
v 0.206876 0.259969 -4.818624
v 0.202368 0.249506 -4.805307
v 0.198829 0.232071 -4.824503
v 0.196369 0.237485 -4.798873
v 0.195797 0.221259 -4.820177
v 0.191720 0.225070 -4.794636
v 0.194593 0.211187 -4.813405
v 0.188844 0.213705 -4.788594
v 0.182627 0.216475 -4.767214
v 0.186185 0.204326 -4.779230
v 0.179592 0.205670 -4.758777
v 0.173388 0.206471 -4.742468
v 0.176092 0.218856 -4.749992
v 0.168330 0.206534 -4.730293
v 0.170304 0.219894 -4.737374
v 0.165099 0.206159 -4.721390
v 0.166220 0.220055 -4.728327
v 0.163926 0.205736 -4.714501
v 0.161088 0.196246 -4.709867
v 0.160197 0.195524 -4.703096
v 0.154738 0.190168 -4.694212
v 0.154231 0.189264 -4.687334
v 0.147276 0.186292 -4.668199
v 0.148404 0.186634 -4.660298
v 0.138390 0.186306 -4.645652
v 0.130612 0.186130 -4.623460
v 0.125086 0.185966 -4.602216
v 0.129349 0.186275 -4.595297
v 0.118156 0.185894 -4.607482
v 0.114657 0.185650 -4.585100
v 0.122073 0.185908 -4.581609
v 0.107774 0.185937 -4.611273
v 0.104108 0.185505 -4.587625
v 0.103260 0.185251 -4.563861
v 0.113929 0.185545 -4.562778
v 0.093237 0.185923 -4.613349
v 0.090166 0.185377 -4.589371
v 0.089463 0.185045 -4.564593
v 0.091129 0.184835 -4.538996
v 0.105051 0.185100 -4.539627
v 0.115908 0.185538 -4.540173
v 0.123748 0.186221 -4.540546
v 0.121605 0.185992 -4.561176
v 0.128809 0.187170 -4.540689
v 0.126627 0.186635 -4.558955
v 0.126841 0.186358 -4.576996
v 0.129511 0.187472 -4.556154
v 0.129536 0.187054 -4.571148
v 0.131565 0.186902 -4.586350
v 0.132218 0.187962 -4.575375
v 0.132408 0.189628 -4.563647
v 0.134177 0.189811 -4.570983
v 0.133029 0.192171 -4.551389
v 0.133823 0.192613 -4.556523
v 0.135338 0.192868 -4.560355
v 0.136897 0.189923 -4.576705
v 0.137576 0.192923 -4.561843
v 0.140322 0.189922 -4.578783
v 0.140588 0.192775 -4.560667
v 0.144501 0.189772 -4.577426
v 0.149720 0.187919 -4.596457
v 0.149596 0.189466 -4.572921
v 0.156141 0.187649 -4.591033
v 0.155694 0.189006 -4.565375
v 0.163755 0.187222 -4.582444
v 0.162745 0.188387 -4.554803
v 0.172507 0.186640 -4.570796
v 0.170560 0.187575 -4.541207
v 0.182178 0.185921 -4.556234
v 0.178800 0.186428 -4.524686
v 0.192430 0.185069 -4.539035
v 0.187090 0.184665 -4.505450
v 0.203788 0.184348 -4.518775
v 0.222111 0.184335 -4.530447
v 0.218476 0.184338 -4.492823
v 0.237062 0.184337 -4.504462
v 0.255409 0.184229 -4.515475
v 0.252016 0.184338 -4.478654
v 0.270531 0.184180 -4.489961
v 0.288233 0.184552 -4.500690
v 0.285524 0.184166 -4.464734
v 0.303345 0.184317 -4.475562
v 0.319221 0.186824 -4.484929
v 0.303703 0.187628 -4.510005
v 0.329603 0.194763 -4.490692
v 0.313471 0.196299 -4.515704
v 0.330865 0.208673 -4.490741
v 0.314367 0.210671 -4.515820
v 0.324134 0.225525 -4.485857
v 0.307623 0.227616 -4.511146
v 0.312647 0.242271 -4.477959
v 0.295927 0.244027 -4.503331
v 0.297097 0.255172 -4.467428
v 0.279754 0.256211 -4.492662
v 0.262662 0.256927 -4.516701
v 0.259821 0.260269 -4.479493
v 0.242763 0.261312 -4.503263
v 0.227303 0.262426 -4.524801
v 0.222379 0.256772 -4.489153
v 0.207940 0.258312 -4.509984
v 0.196430 0.258930 -4.526421
v 0.190476 0.248213 -4.496544
v 0.180385 0.249212 -4.511850
v 0.173652 0.249319 -4.522067
v 0.165429 0.236905 -4.500086
v 0.159984 0.237752 -4.509633
v 0.157382 0.238147 -4.517501
v 0.149322 0.226954 -4.512528
v 0.147761 0.228230 -4.517794
v 0.144166 0.216743 -4.512949
v 0.142672 0.218135 -4.518061
v 0.141700 0.219095 -4.520517
v 0.139932 0.209458 -4.522953
v 0.138695 0.210167 -4.525645
v 0.138211 0.210485 -4.526121
v 0.137554 0.202838 -4.534451
v 0.136440 0.203028 -4.535284
v 0.136103 0.202843 -4.534132
v 0.136242 0.197229 -4.547318
v 0.135028 0.197096 -4.546167
v 0.134525 0.196659 -4.543203
v 0.138219 0.197080 -4.546265
v 0.139415 0.202324 -4.531391
v 0.140976 0.196681 -4.542786
v 0.144443 0.192433 -4.556741
v 0.144475 0.196075 -4.536736
v 0.149157 0.191917 -4.550000
v 0.148606 0.195333 -4.527960
v 0.154663 0.191245 -4.540335
v 0.153216 0.194548 -4.516188
v 0.160799 0.190390 -4.527577
v 0.158224 0.193730 -4.500767
v 0.167310 0.189172 -4.511497
v 0.165179 0.192602 -4.481007
v 0.174080 0.187150 -4.491753
v 0.177898 0.192665 -4.458407
v 0.187592 0.187161 -4.468053
v 0.201464 0.184649 -4.480243
v 0.201926 0.186692 -4.443220
v 0.216479 0.184525 -4.454824
v 0.233521 0.184331 -4.466937
v 0.232891 0.184769 -4.429679
v 0.249099 0.184328 -4.441436
v 0.267091 0.184351 -4.453225
v 0.264750 0.184336 -4.416435
v 0.282237 0.184357 -4.428340
v 0.300302 0.184185 -4.439898
v 0.297085 0.184361 -4.404105
v 0.314550 0.184218 -4.415604
v 0.331894 0.184021 -4.426045
v 0.317995 0.184136 -4.450592
v 0.347972 0.185221 -4.434883
v 0.334079 0.185987 -4.459758
v 0.359581 0.191059 -4.440491
v 0.345077 0.192935 -4.465445
v 0.362306 0.202949 -4.440603
v 0.346892 0.205943 -4.465424
v 0.356052 0.218091 -4.435318
v 0.340232 0.222117 -4.460260
v 0.344697 0.233981 -4.426736
v 0.328855 0.238786 -4.452089
v 0.330169 0.248296 -4.415867
v 0.313966 0.252768 -4.441534
v 0.312376 0.256945 -4.402744
v 0.295427 0.259583 -4.428548
v 0.277721 0.260006 -4.454386
v 0.275176 0.256727 -4.414387
v 0.257033 0.255458 -4.440316
v 0.239056 0.255351 -4.465503
v 0.238193 0.244721 -4.427207
v 0.220404 0.244827 -4.452600
v 0.204125 0.246445 -4.476251
v 0.204345 0.232833 -4.441362
v 0.188215 0.234215 -4.465126
v 0.174832 0.235749 -4.485233
v 0.175072 0.222399 -4.455337
v 0.189987 0.221687 -4.431329
v 0.186080 0.210460 -4.427679
v 0.171057 0.210839 -4.451329
v 0.187138 0.200480 -4.428933
v 0.172174 0.200665 -4.452522
v 0.192549 0.192444 -4.434380
v 0.203105 0.199701 -4.403838
v 0.208359 0.191767 -4.409368
v 0.218167 0.186524 -4.418229
v 0.222894 0.189519 -4.382740
v 0.234901 0.185934 -4.393271
v 0.249173 0.184642 -4.404786
v 0.251427 0.184734 -4.368586
v 0.265219 0.184349 -4.380309
v 0.280391 0.184390 -4.392139
v 0.281168 0.184788 -4.356722
v 0.295273 0.184607 -4.368394
v 0.310977 0.184393 -4.380445
v 0.308782 0.184683 -4.344618
v 0.323523 0.184284 -4.357249
v 0.339197 0.184153 -4.369758
v 0.327675 0.184255 -4.392082
v 0.355141 0.183845 -4.380657
v 0.344480 0.183974 -4.402456
v 0.370446 0.183978 -4.389202
v 0.360327 0.184581 -4.411038
v 0.382635 0.187518 -4.394897
v 0.372419 0.189265 -4.416662
v 0.387784 0.197007 -4.396132
v 0.376381 0.200012 -4.417210
v 0.384322 0.210644 -4.391689
v 0.371191 0.214296 -4.412122
v 0.374621 0.225293 -4.382260
v 0.360219 0.229277 -4.403070
v 0.361130 0.238464 -4.369671
v 0.345960 0.242938 -4.391502
v 0.344730 0.247259 -4.355093
v 0.328786 0.252045 -4.377866
v 0.326608 0.249442 -4.339931
v 0.309881 0.253461 -4.363246
v 0.292750 0.256526 -4.388435
v 0.291714 0.246851 -4.349502
v 0.274207 0.247660 -4.374903
v 0.256381 0.246334 -4.401070
v 0.258065 0.234572 -4.363066
v 0.240154 0.233248 -4.389393
v 0.221998 0.232383 -4.415733
v 0.226228 0.220952 -4.379763
v 0.208370 0.221082 -4.406159
v 0.216641 0.208511 -4.374034
v 0.202781 0.209802 -4.402503
v 0.216981 0.197510 -4.376163
v 0.232550 0.207292 -4.346086
v 0.230492 0.193917 -4.347352
v 0.239157 0.186950 -4.357058
v 0.249827 0.192428 -4.325243
v 0.257152 0.185685 -4.334278
v 0.268512 0.184565 -4.345442
v 0.283931 0.185125 -4.323351
v 0.295543 0.185193 -4.333212
v 0.296755 0.186615 -4.302121
v 0.308360 0.185780 -4.309936
v 0.321441 0.184754 -4.321146
v 0.320187 0.190465 -4.290167
v 0.333968 0.187925 -4.300942
v 0.347546 0.185928 -4.315776
v 0.335356 0.184075 -4.334976
v 0.349529 0.183764 -4.349262
v 0.363883 0.183422 -4.361359
v 0.378039 0.183557 -4.369950
v 0.392979 0.188955 -4.358328
v 0.389579 0.186514 -4.375686
v 0.391956 0.197473 -4.341341
v 0.385240 0.209545 -4.324263
v 0.386497 0.220760 -4.330949
v 0.382979 0.229359 -4.339413
v 0.373393 0.219831 -4.308059
v 0.373482 0.231679 -4.314564
v 0.368825 0.239565 -4.323084
v 0.358864 0.243789 -4.336334
v 0.374202 0.234647 -4.351985
v 0.352155 0.243033 -4.307135
v 0.341452 0.246458 -4.320544
v 0.335137 0.239443 -4.293548
v 0.323871 0.242440 -4.306623
v 0.308801 0.244614 -4.326046
v 0.307798 0.232136 -4.295810
v 0.292738 0.234061 -4.314538
v 0.275663 0.234985 -4.337646
v 0.278877 0.219616 -4.306118
v 0.261562 0.220921 -4.327928
v 0.243570 0.221086 -4.352757
v 0.251413 0.205799 -4.322667
v 0.294119 0.216860 -4.289390
v 0.319744 0.228775 -4.283612
v 0.306698 0.212779 -4.279447
v 0.318364 0.207612 -4.276412
v 0.307626 0.193496 -4.284590
v 0.331206 0.202282 -4.279969
v 0.345696 0.197690 -4.289641
v 0.368775 0.205891 -4.302956
v 0.359545 0.193276 -4.304177
v 0.141916 0.201545 -4.525972
v 0.141737 0.208374 -4.517973
v 0.131576 0.188338 -4.540674
v 0.157114 0.191395 -4.703228
v 0.164048 0.197102 -4.718657
v 0.168982 0.197774 -4.730683
v 0.161760 0.192575 -4.715780
v 0.167547 0.193229 -4.732038
v 0.175121 0.197918 -4.746665
v 0.181525 0.197479 -4.766709
v 0.192716 0.202769 -4.803393
v 0.199957 0.209243 -4.841147
v 0.198919 0.218599 -4.847969
v 0.201599 0.217198 -4.877905
v 0.199242 0.228326 -4.851441
v 0.199356 0.226050 -4.880175
v 0.199245 0.224990 -4.911342
v 0.199774 0.232538 -4.908134
v 0.197706 0.231257 -4.941655
v 0.205276 0.242447 -4.900277
v 0.202143 0.240833 -4.934400
v 0.198133 0.240818 -4.972235
v 0.204917 0.255266 -4.923980
v 0.199757 0.255718 -4.963791
v 0.194855 0.258220 -5.005936
v 0.193633 0.271813 -4.953977
v 0.189791 0.274770 -4.997775
v 0.186782 0.279752 -5.041774
v 0.180367 0.288909 -4.989421
v 0.179212 0.295077 -5.033846
v 0.175571 0.302682 -5.075321
v 0.172140 0.308161 -5.026939
v 0.169654 0.317468 -5.068249
v 0.160740 0.326930 -5.104108
v 0.165149 0.330031 -5.062697
v 0.156844 0.340047 -5.098396
v 0.141924 0.348800 -5.127649
v 0.167269 0.319627 -5.021553
v 0.172935 0.301022 -4.982525
v 0.167940 0.311572 -4.977228
v 0.176602 0.298251 -4.937459
v 0.183870 0.285970 -4.944771
v 0.190104 0.285836 -4.901643
v 0.199557 0.271076 -4.912288
v 0.205236 0.270432 -4.874245
v 0.209316 0.255677 -4.888135
v 0.094591 0.287923 -5.202586
v 0.086020 0.263061 -5.210827
v 0.114174 0.262246 -5.187916
v 0.079223 0.236251 -5.215175
v 0.107057 0.238509 -5.189822
v 0.129388 0.239652 -5.159477
v 0.107537 0.215409 -5.185898
v 0.131921 0.221333 -5.157342
v 0.151849 0.227613 -5.125646
v 0.140813 0.203546 -5.148957
v 0.163831 0.212850 -5.120620
v 0.181694 0.221482 -5.088160
v 0.172933 0.194937 -5.105975
v 0.193321 0.203066 -5.076468
v 0.206847 0.209410 -5.043119
v 0.192474 0.184170 -5.054698
v 0.206563 0.189545 -5.024395
v 0.212651 0.194145 -4.991882
v 0.193133 0.178229 -4.999087
v 0.199151 0.183518 -4.969744
v 0.200452 0.188120 -4.939325
v 0.178945 0.182199 -4.944876
v 0.181078 0.186622 -4.917081
v 0.182374 0.189427 -4.888337
v 0.159044 0.188325 -4.893853
v 0.161195 0.190143 -4.866651
v 0.163274 0.190616 -4.838768
v 0.138262 0.190591 -4.844383
v 0.140939 0.190582 -4.817659
v 0.143100 0.190165 -4.791524
v 0.116769 0.189856 -4.796725
v 0.119190 0.189640 -4.772214
v 0.120685 0.189704 -4.749439
v 0.093127 0.188902 -4.753979
v 0.094633 0.189458 -4.733384
v 0.094991 0.190296 -4.715601
v 0.066710 0.189185 -4.718983
v 0.067110 0.190405 -4.704298
v 0.066386 0.191286 -4.692811
v 0.065334 0.188114 -4.737484
v 0.063268 0.187354 -4.759503
v 0.090792 0.188622 -4.777081
v 0.087907 0.188238 -4.802546
v 0.060744 0.186726 -4.784809
v 0.113831 0.189783 -4.822661
v 0.110765 0.188905 -4.849560
v 0.084741 0.187435 -4.830201
v 0.135597 0.189474 -4.871009
v 0.132805 0.187238 -4.897120
v 0.107591 0.187361 -4.876786
v 0.156569 0.185023 -4.920115
v 0.151995 0.181252 -4.945611
v 0.128774 0.184663 -4.922686
v 0.173534 0.177354 -4.971713
v 0.162201 0.174418 -4.997402
v 0.143058 0.178872 -4.970333
v 0.179774 0.174392 -5.026644
v 0.158974 0.173721 -5.051341
v 0.144216 0.174965 -5.021095
v 0.170606 0.179975 -5.081264
v 0.142719 0.178309 -5.103122
v 0.132654 0.175964 -5.072234
v 0.146338 0.187968 -5.130417
v 0.114841 0.184102 -5.149825
v 0.110904 0.179060 -5.120369
v 0.112577 0.196386 -5.172830
v 0.079631 0.191872 -5.191748
v 0.079796 0.182732 -5.164512
v 0.077864 0.210540 -5.209626
v 0.076523 0.180653 -5.133285
v 0.071083 0.181751 -5.101594
v 0.102971 0.179264 -5.089037
v 0.064968 0.183326 -5.069954
v 0.094029 0.181454 -5.057980
v 0.120870 0.178126 -5.041563
v 0.085208 0.183388 -5.027800
v 0.108979 0.181320 -5.012952
v 0.128607 0.179149 -4.993360
v 0.122034 0.182908 -4.947527
v 0.098927 0.184580 -4.930574
v 0.103851 0.185739 -4.903854
v 0.075353 0.184844 -4.920377
v 0.078373 0.185483 -4.890447
v 0.081452 0.186362 -4.859318
v 0.053245 0.185081 -4.879939
v 0.055114 0.185362 -4.844595
v 0.057959 0.186039 -4.813401
v 0.051626 0.184797 -4.913290
v 0.050535 0.184611 -4.944613
v 0.050804 0.184535 -4.974917
v 0.053476 0.184554 -5.006296
v 0.058875 0.184284 -5.038024
vt 0.672976 0.483860
vt 0.698075 0.490108
vt 0.176319 0.587390
vt 0.198691 0.581198
vt 0.219445 0.569737
vt 0.654069 0.488734
vt 0.643579 0.474590
vt 0.654688 0.469167
vt 0.681025 0.466618
vt 0.702640 0.472924
vt 0.661876 0.458416
vt 0.513410 0.420102
vt 0.529755 0.426803
vt 0.526962 0.428993
vt 0.512037 0.424166
vt 0.505403 0.413840
vt 0.519568 0.416815
vt 0.526576 0.422050
vt 0.536830 0.427438
vt 0.341064 0.468493
vt 0.359802 0.483032
vt 0.349410 0.491735
vt 0.334480 0.482799
vt 0.360070 0.459962
vt 0.372165 0.475322
vt 0.331292 0.448614
vt 0.349385 0.442973
vt 0.314686 0.466973
vt 0.309759 0.451349
vt 0.315048 0.478812
vt 0.375996 0.514248
vt 0.361311 0.516634
vt 0.358332 0.503320
vt 0.370496 0.497096
vt 0.467670 0.438675
vt 0.468948 0.450210
vt 0.373251 0.532159
vt 0.381553 0.489735
vt 0.388014 0.502892
vt 0.465424 0.428671
vt 0.501942 0.658657
vt 0.509035 0.661286
vt 0.282145 0.716259
vt 0.280564 0.724133
vt 0.502509 0.649686
vt 0.510238 0.648728
vt 0.491698 0.651155
vt 0.897605 0.673540
vt 0.895843 0.650956
vt 0.910379 0.657475
vt 0.911117 0.681342
vt 0.904552 0.709304
vt 0.897573 0.710859
vt 0.889097 0.680726
vt 0.911607 0.710735
vt 0.573460 0.494472
vt 0.580875 0.501655
vt 0.575746 0.513521
vt 0.568643 0.508945
vt 0.578989 0.487111
vt 0.585384 0.494731
vt 0.572580 0.485304
vt 0.574856 0.480002
vt 0.567163 0.492465
vt 0.568853 0.481972
vt 0.563242 0.506077
vt 0.570247 0.474004
vt 0.330405 0.706552
vt 0.332123 0.701125
vt 0.339175 0.705245
vt 0.333977 0.711201
vt 0.322501 0.706306
vt 0.322128 0.698660
vt 0.324133 0.713640
vt 0.902968 0.058877
vt 0.912544 0.050956
vt 0.915970 0.067069
vt 0.901916 0.072323
vt 0.887737 0.073422
vt 0.893505 0.056151
vt 0.902993 0.042084
vt 0.901219 0.586654
vt 0.889843 0.594924
vt 0.875972 0.580394
vt 0.883974 0.570619
vt 0.888140 0.558895
vt 0.902010 0.567471
vt 0.423403 0.469934
vt 0.414880 0.458316
vt 0.518373 0.620307
vt 0.514258 0.620439
vt 0.516901 0.611428
vt 0.522057 0.614600
vt 0.519874 0.625552
vt 0.514489 0.628389
vt 0.526203 0.619428
vt 0.826260 0.564860
vt 0.826621 0.558204
vt 0.844063 0.562718
vt 0.837100 0.570323
vt 0.813058 0.565738
vt 0.807404 0.557456
vt 0.823180 0.574259
vt 0.461354 0.632454
vt 0.469520 0.636331
vt 0.464429 0.643458
vt 0.455398 0.635100
vt 0.459585 0.624978
vt 0.470336 0.626882
vt 0.450418 0.625813
vt 0.562348 0.438658
vt 0.560641 0.437028
vt 0.569831 0.442634
vt 0.568662 0.443105
vt 0.565364 0.442237
vt 0.558100 0.436725
vt 0.552624 0.432859
vt 0.014666 0.559164
vt 0.969949 0.196066
vt 0.023754 0.549006
vt 0.021162 0.559410
vt 0.010016 0.566917
vt 0.980825 0.197104
vt 0.017156 0.570282
vt 0.491060 0.395411
vt 0.472920 0.395742
vt 0.215287 0.684339
vt 0.202190 0.676852
vt 0.187586 0.672816
vt 0.182824 0.660409
vt 0.514572 0.390836
vt 0.511275 0.399227
vt 0.495399 0.402954
vt 0.479369 0.400982
vt 0.512108 0.406061
vt 0.771525 0.725331
vt 0.767931 0.723521
vt 0.771945 0.720097
vt 0.775252 0.723809
vt 0.771295 0.728860
vt 0.765684 0.728026
vt 0.776791 0.728303
vt 0.199264 0.857584
vt 0.201317 0.846192
vt 0.213432 0.854198
vt 0.205677 0.866849
vt 0.189698 0.860070
vt 0.187760 0.843561
vt 0.194532 0.875775
vt 0.790841 0.705464
vt 0.785992 0.706892
vt 0.783889 0.701837
vt 0.791545 0.701485
vt 0.794677 0.708473
vt 0.789334 0.711480
vt 0.798692 0.704030
vt 0.792396 0.695240
vt 0.802450 0.697811
vt 0.811717 0.703176
vt 0.805489 0.709051
vt 0.799354 0.713466
vt 0.811373 0.716129
vt 0.803670 0.719994
vt 0.796348 0.722922
vt 0.793023 0.716747
vt 0.789374 0.725199
vt 0.786646 0.719416
vt 0.783286 0.714218
vt 0.779604 0.709291
vt 0.780562 0.721757
vt 0.777269 0.717048
vt 0.773065 0.712460
vt 0.767189 0.716337
vt 0.761230 0.712284
vt 0.768075 0.707632
vt 0.775844 0.704076
vt 0.762211 0.702355
vt 0.771704 0.698174
vt 0.781943 0.695632
vt 0.766986 0.691640
vt 0.779745 0.688049
vt 0.793051 0.687414
vt 0.777160 0.679813
vt 0.793549 0.677920
vt 0.810180 0.679366
vt 0.806218 0.689731
vt 0.825852 0.685152
vt 0.818419 0.695404
vt 0.839112 0.695428
vt 0.828700 0.704362
vt 0.819572 0.711072
vt 0.836271 0.716081
vt 0.825436 0.721015
vt 0.815832 0.724780
vt 0.828939 0.732330
vt 0.818513 0.734463
vt 0.808991 0.736154
vt 0.806995 0.727693
vt 0.800383 0.737473
vt 0.798880 0.729913
vt 0.792457 0.738491
vt 0.791327 0.731610
vt 0.785009 0.739243
vt 0.784262 0.732880
vt 0.782813 0.726998
vt 0.777550 0.733708
vt 0.777873 0.739731
vt 0.770800 0.739928
vt 0.771028 0.733990
vt 0.763467 0.739823
vt 0.764291 0.733584
vt 0.755562 0.739509
vt 0.756900 0.732691
vt 0.759142 0.726420
vt 0.748661 0.731521
vt 0.751550 0.724375
vt 0.755696 0.717906
vt 0.762483 0.720945
vt 0.742882 0.722061
vt 0.747682 0.714503
vt 0.754114 0.707856
vt 0.738279 0.710678
vt 0.745821 0.703153
vt 0.755462 0.696798
vt 0.737216 0.698906
vt 0.748149 0.691227
vt 0.761686 0.684614
vt 0.741115 0.685514
vt 0.756388 0.677324
vt 0.774474 0.670917
vt 0.752439 0.670102
vt 0.772341 0.663245
vt 0.793877 0.658720
vt 0.793798 0.666596
vt 0.816243 0.658933
vt 0.814082 0.666366
vt 0.837678 0.664600
vt 0.833248 0.672679
vt 0.856655 0.676064
vt 0.849476 0.684731
vt 0.871075 0.694175
vt 0.860731 0.701940
vt 0.848586 0.709562
vt 0.866790 0.722276
vt 0.853997 0.726236
vt 0.840688 0.729643
vt 0.855457 0.743884
vt 0.842035 0.744000
vt 0.829915 0.744236
vt 0.819175 0.744574
vt 0.809470 0.744922
vt 0.800722 0.745262
vt 0.792681 0.745562
vt 0.785135 0.745814
vt 0.777873 0.746018
vt 0.770637 0.746186
vt 0.763121 0.746350
vt 0.755035 0.746557
vt 0.746198 0.746870
vt 0.746897 0.739110
vt 0.736542 0.747356
vt 0.737399 0.738738
vt 0.739505 0.730231
vt 0.727051 0.738480
vt 0.729393 0.728904
vt 0.733003 0.719484
vt 0.718602 0.727744
vt 0.722652 0.717305
vt 0.728769 0.707614
vt 0.712486 0.715640
vt 0.719183 0.704902
vt 0.728852 0.694795
vt 0.711362 0.701813
vt 0.721695 0.690123
vt 0.735376 0.679420
vt 0.715767 0.685735
vt 0.730647 0.673880
vt 0.749182 0.663963
vt 0.727080 0.669432
vt 0.746839 0.659068
vt 0.769461 0.651614
vt 0.770665 0.656756
vt 0.793793 0.647162
vt 0.793947 0.652500
vt 0.818830 0.646903
vt 0.817861 0.652689
vt 0.843422 0.652199
vt 0.840866 0.658265
vt 0.865907 0.664575
vt 0.861422 0.670232
vt 0.882869 0.685269
vt 0.877132 0.689453
vt 0.891483 0.712873
vt 0.885965 0.714892
vt 0.878147 0.718108
vt 0.887678 0.743058
vt 0.879351 0.743279
vt 0.868246 0.743650
vt 0.893588 0.742999
vt 0.899153 0.742897
vt 0.905298 0.742661
vt 0.911123 0.742239
vt 0.916724 0.711945
vt 0.916038 0.741851
vt 0.921174 0.712737
vt 0.388979 0.352804
vt 0.386359 0.374959
vt 0.383876 0.353539
vt 0.380831 0.375073
vt 0.378175 0.354343
vt 0.374413 0.375548
vt 0.371488 0.355304
vt 0.366379 0.376595
vt 0.363160 0.356566
vt 0.382716 0.394954
vt 0.377048 0.395152
vt 0.369828 0.396102
vt 0.360069 0.398115
vt 0.355723 0.378475
vt 0.380460 0.413333
vt 0.374394 0.414311
vt 0.365935 0.416523
vt 0.354485 0.420080
vt 0.347326 0.401174
vt 0.380680 0.431267
vt 0.373494 0.433528
vt 0.363259 0.437482
vt 0.340084 0.424575
vt 0.382071 0.449871
vt 0.372991 0.453878
vt 0.390616 0.465711
vt 0.382749 0.469548
vt 0.397913 0.479934
vt 0.390744 0.483894
vt 0.402826 0.491916
vt 0.396232 0.496240
vt 0.405633 0.502118
vt 0.462644 0.420622
vt 0.470420 0.415005
vt 0.473252 0.421560
vt 0.475628 0.429542
vt 0.484899 0.423374
vt 0.486762 0.430804
vt 0.488115 0.439711
vt 0.477298 0.439127
vt 0.488594 0.450109
vt 0.477733 0.450165
vt 0.487832 0.461974
vt 0.476485 0.462426
vt 0.380093 0.550672
vt 0.473989 0.476071
vt 0.464655 0.476577
vt 0.368786 0.564636
vt 0.371570 0.548163
vt 0.356628 0.561117
vt 0.359553 0.545380
vt 0.361108 0.530781
vt 0.345138 0.543116
vt 0.346509 0.530568
vt 0.346399 0.519575
vt 0.344217 0.509710
vt 0.330677 0.531711
vt 0.330464 0.523399
vt 0.328955 0.516405
vt 0.325743 0.509972
vt 0.338697 0.500672
vt 0.314185 0.528302
vt 0.313045 0.523449
vt 0.310826 0.519127
vt 0.306852 0.514815
vt 0.318837 0.504156
vt 0.298043 0.530871
vt 0.296545 0.528091
vt 0.293815 0.525180
vt 0.289385 0.522292
vt 0.300128 0.510938
vt 0.605173 0.513873
vt 0.606735 0.513399
vt 0.609035 0.512746
vt 0.612015 0.512064
vt 0.282958 0.520148
vt 0.602084 0.499801
vt 0.604796 0.499027
vt 0.608073 0.498287
vt 0.612034 0.497304
vt 0.615748 0.511041
vt 0.598772 0.487066
vt 0.602469 0.485696
vt 0.606980 0.483966
vt 0.613177 0.481906
vt 0.617553 0.495481
vt 0.595647 0.475273
vt 0.600478 0.473588
vt 0.606533 0.471422
vt 0.592452 0.464721
vt 0.597880 0.463104
vt 0.603959 0.461169
vt 0.614049 0.469072
vt 0.621769 0.479687
vt 0.632268 0.477333
vt 0.638926 0.490826
vt 0.626233 0.492985
vt 0.622587 0.466773
vt 0.610359 0.459033
vt 0.616186 0.456644
vt 0.630906 0.464089
vt 0.620939 0.452547
vt 0.638062 0.459379
vt 0.624632 0.445525
vt 0.643476 0.451264
vt 0.627692 0.435922
vt 0.647668 0.440569
vt 0.667236 0.445893
vt 0.686571 0.451043
vt 0.651041 0.427823
vt 0.671057 0.431495
vt 0.690594 0.434922
vt 0.710314 0.437755
vt 0.707095 0.455900
vt 0.674065 0.414383
vt 0.693518 0.416434
vt 0.712949 0.418378
vt 0.732254 0.420221
vt 0.730341 0.440247
vt 0.696428 0.396206
vt 0.715544 0.397771
vt 0.734005 0.399285
vt 0.751080 0.400443
vt 0.750726 0.421744
vt 0.717939 0.376445
vt 0.735699 0.377756
vt 0.751722 0.378760
vt 0.765938 0.379368
vt 0.766449 0.401057
vt 0.737219 0.356028
vt 0.752909 0.356961
vt 0.766969 0.357765
vt 0.779978 0.358455
vt 0.778960 0.379699
vt 0.791345 0.379863
vt 0.793698 0.401241
vt 0.780495 0.401274
vt 0.792425 0.359057
vt 0.803925 0.359598
vt 0.802752 0.379892
vt 0.812285 0.379852
vt 0.815543 0.400462
vt 0.805657 0.400947
vt 0.813535 0.360075
vt 0.821544 0.360528
vt 0.820304 0.379915
vt 0.828287 0.380177
vt 0.832246 0.400044
vt 0.823896 0.400095
vt 0.829420 0.361043
vt 0.837476 0.361622
vt 0.939754 0.126260
vt 0.933807 0.126131
vt 0.934559 0.103643
vt 0.940238 0.104345
vt 0.934380 0.147484
vt 0.926821 0.147737
vt 0.926362 0.127231
vt 0.913240 0.129045
vt 0.914201 0.108929
vt 0.927155 0.105629
vt 0.913376 0.148330
vt 0.897741 0.148842
vt 0.897863 0.130352
vt 0.882325 0.130543
vt 0.883120 0.111783
vt 0.898745 0.111275
vt 0.882018 0.148863
vt 0.868179 0.148650
vt 0.868574 0.130017
vt 0.856956 0.148433
vt 0.960489 0.314233
vt 0.960129 0.294928
vt 0.869271 0.111135
vt 0.961330 0.275886
vt 0.870750 0.092083
vt 0.884669 0.092564
vt 0.900259 0.091457
vt 0.874337 0.072804
vt 0.965298 0.256739
vt 0.972493 0.238149
vt 0.881113 0.054193
vt 0.981454 0.221561
vt 0.890320 0.037919
vt 0.989123 0.208052
vt 0.899045 0.025026
vt 0.912921 0.030792
vt 0.905679 0.015111
vt 0.920990 0.022108
vt 0.932191 0.035902
vt 0.923553 0.042395
vt 0.936610 0.056005
vt 0.928314 0.060541
vt 0.936230 0.079686
vt 0.928544 0.082766
vt 0.915677 0.087683
vt 0.941693 0.054257
vt 0.849309 0.421434
vt 0.851176 0.445444
vt 0.841175 0.421742
vt 0.842338 0.445761
vt 0.832411 0.421981
vt 0.832087 0.446077
vt 0.823239 0.422517
vt 0.819331 0.446273
vt 0.812180 0.423079
vt 0.803884 0.446090
vt 0.798699 0.423308
vt 0.786840 0.445439
vt 0.783718 0.423166
vt 0.768943 0.444287
vt 0.767829 0.422695
vt 0.750067 0.442490
vt 0.768424 0.465489
vt 0.748336 0.462676
vt 0.727774 0.459483
vt 0.744724 0.481529
vt 0.724012 0.477945
vt 0.739581 0.497624
vt 0.719419 0.494674
vt 0.735165 0.511482
vt 0.155431 0.590235
vt 0.136115 0.578151
vt 0.155471 0.576706
vt 0.175196 0.573035
vt 0.153129 0.564214
vt 0.172382 0.560599
vt 0.191969 0.553402
vt 0.195111 0.565928
vt 0.211025 0.542479
vt 0.214482 0.554957
vt 0.229249 0.529513
vt 0.232406 0.541532
vt 0.641380 0.505714
vt 0.248619 0.529484
vt 0.251198 0.543543
vt 0.262781 0.522220
vt 0.262090 0.536125
vt 0.274228 0.519698
vt 0.263250 0.510741
vt 0.278096 0.507895
vt 0.290531 0.508322
vt 0.279134 0.497990
vt 0.294877 0.497665
vt 0.308363 0.499815
vt 0.295829 0.487746
vt 0.313033 0.489114
vt 0.327905 0.493458
vt 0.294722 0.477972
vt 0.274739 0.479084
vt 0.271268 0.468086
vt 0.292282 0.466960
vt 0.277607 0.488735
vt 0.259107 0.492108
vt 0.255313 0.482185
vt 0.262109 0.501342
vt 0.244382 0.508373
vt 0.240870 0.498608
vt 0.246714 0.517991
vt 0.226284 0.519077
vt 0.207663 0.531231
vt 0.203468 0.518920
vt 0.222360 0.508142
vt 0.199069 0.504512
vt 0.217844 0.495706
vt 0.236471 0.487795
vt 0.213346 0.480862
vt 0.231887 0.475102
vt 0.251171 0.470745
vt 0.227198 0.459584
vt 0.246777 0.456377
vt 0.267129 0.454012
vt 0.242399 0.438607
vt 0.262503 0.436289
vt 0.282682 0.434587
vt 0.288062 0.452625
vt 0.303127 0.432561
vt 0.277256 0.414257
vt 0.296751 0.411636
vt 0.315411 0.408299
vt 0.322821 0.429181
vt 0.332250 0.404723
vt 0.309492 0.387020
vt 0.326229 0.384235
vt 0.342022 0.381208
vt 0.322062 0.363512
vt 0.338311 0.360785
vt 0.352261 0.358352
vt 0.305088 0.365962
vt 0.291609 0.389927
vt 0.287845 0.368290
vt 0.272843 0.392898
vt 0.269895 0.371199
vt 0.254064 0.395577
vt 0.251540 0.374466
vt 0.235225 0.398253
vt 0.233016 0.377764
vt 0.216096 0.401366
vt 0.214090 0.381234
vt 0.197195 0.404584
vt 0.194897 0.384964
vt 0.179007 0.407096
vt 0.176166 0.388185
vt 0.160313 0.408950
vt 0.157600 0.390118
vt 0.139851 0.410991
vt 0.137929 0.391664
vt 0.120403 0.412619
vt 0.118798 0.393214
vt 0.105462 0.413429
vt 0.103090 0.394443
vt 0.095673 0.414082
vt 0.091677 0.395587
vt 0.087337 0.415977
vt 0.081900 0.397472
vt 0.076962 0.419347
vt 0.071074 0.400383
vt 0.065811 0.422668
vt 0.060105 0.403273
vt 0.055976 0.424957
vt 0.050417 0.405342
vt 0.047482 0.426335
vt 0.042005 0.406618
vt 0.039243 0.427210
vt 0.034035 0.407421
vt 0.030533 0.427912
vt 0.942984 0.334363
vt 0.950320 0.313818
vt 0.951855 0.334083
vt 0.033619 0.447258
vt 0.949657 0.293842
vt 0.033065 0.466219
vt 0.950650 0.274462
vt 0.029123 0.485577
vt 0.954283 0.255142
vt 0.023558 0.505089
vt 0.960875 0.236538
vt 0.018254 0.523676
vt 0.969081 0.220059
vt 0.014886 0.539642
vt 0.976273 0.206918
vt 0.890524 0.012316
vt 0.003906 0.579011
vt 0.864538 0.506620
vt 0.011395 0.583631
vt 0.856082 0.506724
vt 0.856885 0.488346
vt 0.863901 0.487235
vt 0.856733 0.468621
vt 0.862936 0.467056
vt 0.848517 0.489354
vt 0.848301 0.469230
vt 0.837231 0.490030
vt 0.837305 0.469406
vt 0.822484 0.490228
vt 0.823212 0.469330
vt 0.804843 0.489516
vt 0.806339 0.468813
vt 0.785498 0.487673
vt 0.787828 0.467581
vt 0.765314 0.484903
vt 0.780645 0.504699
vt 0.760037 0.500988
vt 0.775909 0.520640
vt 0.115058 0.592743
vt 0.095442 0.577602
vt 0.116226 0.578239
vt 0.096192 0.563688
vt 0.115634 0.564785
vt 0.134489 0.565275
vt 0.115557 0.551425
vt 0.133053 0.552224
vt 0.150492 0.551510
vt 0.133319 0.536695
vt 0.148978 0.536209
vt 0.165858 0.533663
vt 0.168966 0.548278
vt 0.184380 0.528003
vt 0.188406 0.541594
vt 0.163109 0.516411
vt 0.180510 0.511882
vt 0.159674 0.496675
vt 0.176752 0.492996
vt 0.194974 0.487292
vt 0.172473 0.471764
vt 0.190827 0.467488
vt 0.208821 0.463295
vt 0.186517 0.446703
vt 0.204290 0.444014
vt 0.222731 0.441357
vt 0.200270 0.424243
vt 0.218960 0.421557
vt 0.238482 0.418709
vt 0.257933 0.416329
vt 0.182484 0.426395
vt 0.163564 0.428764
vt 0.167764 0.449907
vt 0.148529 0.452780
vt 0.143203 0.431290
vt 0.154627 0.474985
vt 0.138775 0.476107
vt 0.131072 0.453993
vt 0.144702 0.497996
vt 0.131517 0.497523
vt 0.125563 0.475486
vt 0.147718 0.518213
vt 0.133685 0.518238
vt 0.119382 0.517606
vt 0.118763 0.496780
vt 0.117266 0.535949
vt 0.100393 0.534985
vt 0.103858 0.517265
vt 0.097361 0.550041
vt 0.079572 0.549012
vt 0.083372 0.534309
vt 0.076976 0.562640
vt 0.059286 0.561982
vt 0.062857 0.548441
vt 0.074873 0.576799
vt 0.055910 0.575855
vt 0.039703 0.574624
vt 0.043755 0.561209
vt 0.071738 0.592501
vt 0.815536 0.526924
vt 0.832241 0.526676
vt 0.845717 0.525466
vt 0.026872 0.572760
vt 0.819113 0.509063
vt 0.834678 0.508684
vt 0.846757 0.507612
vt 0.800687 0.507757
vt 0.031047 0.560238
vt 0.034762 0.548124
vt 0.047741 0.548110
vt 0.038796 0.534843
vt 0.052172 0.534099
vt 0.067159 0.534009
vt 0.056593 0.518485
vt 0.071549 0.517890
vt 0.087553 0.517487
vt 0.074438 0.500100
vt 0.090008 0.498585
vt 0.105179 0.497121
vt 0.089446 0.478713
vt 0.102986 0.476081
vt 0.114398 0.474947
vt 0.098284 0.455287
vt 0.107597 0.453576
vt 0.117402 0.453713
vt 0.100900 0.433303
vt 0.110112 0.433050
vt 0.124347 0.432765
vt 0.092771 0.435220
vt 0.082124 0.438863
vt 0.086452 0.458710
vt 0.073420 0.462116
vt 0.070358 0.442452
vt 0.074922 0.481362
vt 0.061631 0.483222
vt 0.061842 0.464377
vt 0.059911 0.501338
vt 0.047131 0.502561
vt 0.050299 0.484442
vt 0.043142 0.519592
vt 0.030657 0.521359
vt 0.035342 0.503900
vt 0.026648 0.536579
vt 0.039808 0.485284
vt 0.042843 0.466208
vt 0.052123 0.465601
vt 0.042781 0.446917
vt 0.051340 0.446168
vt 0.060070 0.444838
vt 0.719720 0.354917
vt 0.699092 0.375020
vt 0.701002 0.353618
vt 0.679838 0.373667
vt 0.681796 0.352206
vt 0.660457 0.372401
vt 0.662501 0.350765
vt 0.640930 0.371042
vt 0.643100 0.349328
vt 0.621310 0.369298
vt 0.623509 0.347854
vt 0.601906 0.366944
vt 0.603904 0.346254
vt 0.583182 0.364012
vt 0.584718 0.344477
vt 0.565552 0.361017
vt 0.566448 0.342774
vt 0.549284 0.358385
vt 0.549579 0.341390
vt 0.534529 0.356320
vt 0.534458 0.340358
vt 0.521432 0.354877
vt 0.521349 0.339595
vt 0.510252 0.354009
vt 0.119056 0.666647
vt 0.138250 0.672358
vt 0.119951 0.675028
vt 0.139655 0.679450
vt 0.120491 0.681208
vt 0.140829 0.685245
vt 0.120863 0.685958
vt 0.141912 0.690990
vt 0.121399 0.690839
vt 0.143039 0.698231
vt 0.122406 0.697552
vt 0.144313 0.708174
vt 0.124008 0.707211
vt 0.145762 0.721213
vt 0.126134 0.720081
vt 0.147328 0.737028
vt 0.128613 0.735874
vt 0.148990 0.755394
vt 0.131341 0.754440
vt 0.150826 0.776024
vt 0.134298 0.775460
vt 0.153527 0.800085
vt 0.137838 0.801026
vt 0.156321 0.822927
vt 0.141163 0.824359
vt 0.159164 0.844487
vt 0.144349 0.846326
vt 0.162376 0.865520
vt 0.147522 0.867864
vt 0.166339 0.887012
vt 0.150868 0.889933
vt 0.171031 0.908077
vt 0.154071 0.911840
vt 0.175914 0.928661
vt 0.157166 0.933174
vt 0.180907 0.948593
vt 0.160167 0.953654
vt 0.186023 0.968522
vt 0.163211 0.973916
vt 0.190817 0.988925
vt 0.526487 0.737849
vt 0.551912 0.706742
vt 0.546407 0.738693
vt 0.565989 0.713391
vt 0.562710 0.739771
vt 0.580094 0.718191
vt 0.577351 0.742154
vt 0.594818 0.722024
vt 0.592498 0.745876
vt 0.608684 0.725849
vt 0.606857 0.749912
vt 0.621440 0.729411
vt 0.620064 0.752664
vt 0.633407 0.732401
vt 0.632364 0.754076
vt 0.644068 0.734798
vt 0.643240 0.754857
vt 0.652714 0.736739
vt 0.652066 0.755314
vt 0.659762 0.738247
vt 0.659147 0.755515
vt 0.666512 0.739248
vt 0.665676 0.755487
vt 0.673093 0.739871
vt 0.672123 0.755250
vt 0.679021 0.740270
vt 0.678005 0.754878
vt 0.684259 0.740414
vt 0.683261 0.754380
vt 0.689555 0.740353
vt 0.688551 0.753771
vt 0.696319 0.740158
vt 0.695251 0.752927
vt 0.705722 0.739188
vt 0.704580 0.751099
vt 0.716088 0.738494
vt 0.714959 0.749293
vt 0.726043 0.748102
vt 0.708224 0.727201
vt 0.699195 0.727054
vt 0.704113 0.714200
vt 0.692339 0.726482
vt 0.697236 0.712558
vt 0.704753 0.698832
vt 0.691767 0.711294
vt 0.699413 0.696411
vt 0.711088 0.682148
vt 0.694878 0.694267
vt 0.707071 0.678917
vt 0.723881 0.665195
vt 0.702843 0.675349
vt 0.720408 0.660783
vt 0.741885 0.648911
vt 0.744534 0.654080
vt 0.766043 0.640329
vt 0.767954 0.646044
vt 0.791903 0.635287
vt 0.793089 0.641239
vt 0.818903 0.634610
vt 0.819181 0.640716
vt 0.846431 0.639469
vt 0.845425 0.645939
vt 0.873247 0.651313
vt 0.870142 0.658672
vt 0.845584 0.632550
vt 0.872804 0.640636
vt 0.842798 0.625216
vt 0.869530 0.629287
vt 0.892132 0.633501
vt 0.863958 0.617448
vt 0.885464 0.616581
vt 0.900520 0.614678
vt 0.907197 0.636059
vt 0.910337 0.613476
vt 0.915428 0.637782
vt 0.917477 0.660766
vt 0.392196 0.413924
vt 0.391731 0.395738
vt 0.917440 0.684565
vt 0.920057 0.639706
vt 0.392193 0.430442
vt 0.388803 0.413438
vt 0.917284 0.615598
vt 0.399158 0.446125
vt 0.395737 0.446325
vt 0.389152 0.430224
vt 0.408394 0.460071
vt 0.404024 0.461104
vt 0.400383 0.462027
vt 0.392489 0.446656
vt 0.416722 0.472210
vt 0.411893 0.473934
vt 0.407786 0.475485
vt 0.416908 0.484847
vt 0.412617 0.486824
vt 0.408141 0.489006
vt 0.403401 0.477316
vt 0.396240 0.463387
vt 0.388267 0.447647
vt 0.385601 0.430343
vt 0.385034 0.413172
vt 0.387526 0.395211
vt 0.414138 0.496689
vt 0.456394 0.409403
vt 0.463224 0.404955
vt 0.467142 0.409624
vt 0.475708 0.407402
vt 0.479779 0.412081
vt 0.482649 0.417246
vt 0.494614 0.415463
vt 0.496573 0.420293
vt 0.497982 0.425837
vt 0.512092 0.428966
vt 0.512818 0.434982
vt 0.499305 0.432566
vt 0.513782 0.442452
vt 0.500454 0.440734
vt 0.514546 0.451512
vt 0.501104 0.450449
vt 0.514606 0.462241
vt 0.500872 0.461745
vt 0.513499 0.474741
vt 0.499553 0.474701
vt 0.486118 0.475286
vt 0.496947 0.489452
vt 0.483337 0.490193
vt 0.470942 0.490943
vt 0.479700 0.506360
vt 0.467242 0.506589
vt 0.457554 0.506574
vt 0.373557 0.584164
vt 0.360619 0.599121
vt 0.364568 0.581613
vt 0.348988 0.595785
vt 0.352692 0.578029
vt 0.335910 0.592112
vt 0.339304 0.574304
vt 0.342606 0.557677
vt 0.325373 0.571075
vt 0.327963 0.555189
vt 0.329800 0.542112
vt 0.313327 0.554266
vt 0.314458 0.542927
vt 0.314654 0.534560
vt 0.299478 0.545597
vt 0.299432 0.538996
vt 0.298903 0.534245
vt 0.601296 0.514622
vt 0.602835 0.514046
vt 0.604054 0.513991
vt 0.597893 0.500502
vt 0.599252 0.500320
vt 0.600267 0.500333
vt 0.593124 0.487954
vt 0.593966 0.488360
vt 0.595864 0.488043
vt 0.586813 0.477063
vt 0.588626 0.477046
vt 0.591675 0.476510
vt 0.580963 0.466677
vt 0.583804 0.466641
vt 0.587745 0.465922
vt 0.575404 0.456899
vt 0.579004 0.457183
vt 0.583271 0.456966
vt 0.570085 0.448532
vt 0.573959 0.449243
vt 0.577664 0.449369
vt 0.587828 0.456068
vt 0.580624 0.448822
vt 0.592376 0.454651
vt 0.582994 0.447794
vt 0.596689 0.453186
vt 0.584986 0.445758
vt 0.600426 0.451166
vt 0.586783 0.441797
vt 0.603507 0.447291
vt 0.588507 0.435413
vt 0.606092 0.440663
vt 0.590556 0.426511
vt 0.608377 0.431559
vt 0.592793 0.415501
vt 0.610860 0.420518
vt 0.630608 0.424318
vt 0.614219 0.406718
vt 0.634048 0.409782
vt 0.654224 0.412197
vt 0.637688 0.391705
vt 0.657509 0.393351
vt 0.677091 0.394757
vt 0.617970 0.389367
vt 0.595477 0.402389
vt 0.598877 0.385993
vt 0.577866 0.397344
vt 0.580753 0.381846
vt 0.561863 0.391890
vt 0.563793 0.377646
vt 0.546547 0.387184
vt 0.548132 0.373867
vt 0.531997 0.383534
vt 0.533609 0.370912
vt 0.518006 0.380800
vt 0.520394 0.368878
vt 0.504905 0.378826
vt 0.153194 0.661023
vt 0.155743 0.670888
vt 0.172168 0.670971
vt 0.175642 0.680424
vt 0.158101 0.679196
vt 0.192194 0.683199
vt 0.196337 0.693032
vt 0.178795 0.689098
vt 0.207450 0.687799
vt 0.212475 0.698486
vt 0.216400 0.710521
vt 0.199670 0.703588
vt 0.220691 0.694377
vt 0.226340 0.705522
vt 0.230869 0.718668
vt 0.233651 0.733969
vt 0.218538 0.724612
vt 0.236725 0.713649
vt 0.242122 0.727317
vt 0.246079 0.743157
vt 0.248691 0.760568
vt 0.235032 0.750836
vt 0.249571 0.735701
vt 0.254777 0.751746
vt 0.258840 0.769409
vt 0.261968 0.788087
vt 0.250527 0.778687
vt 0.260913 0.759037
vt 0.265593 0.777074
vt 0.269891 0.796121
vt 0.273838 0.815901
vt 0.264682 0.807192
vt 0.809970 0.536657
vt 0.785158 0.539791
vt 0.759954 0.544884
vt 0.734270 0.550965
vt 0.277003 0.836245
vt 0.781705 0.547329
vt 0.756616 0.553120
vt 0.730799 0.560873
vt 0.704113 0.570355
vt 0.707543 0.557533
vt 0.756357 0.558753
vt 0.730193 0.567020
vt 0.703786 0.578530
vt 0.677853 0.592421
vt 0.676977 0.581736
vt 0.732321 0.568684
vt 0.704969 0.579878
vt 0.679394 0.595120
vt 0.655765 0.612225
vt 0.652585 0.607699
vt 0.711989 0.582972
vt 0.685816 0.597804
vt 0.662197 0.615509
vt 0.641514 0.635248
vt 0.633722 0.630879
vt 0.696458 0.604067
vt 0.672751 0.621203
vt 0.652296 0.640364
vt 0.635863 0.660711
vt 0.624338 0.656507
vt 0.683847 0.628136
vt 0.663631 0.646108
vt 0.647507 0.665533
vt 0.635439 0.685519
vt 0.623499 0.681340
vt 0.674193 0.652716
vt 0.658435 0.671303
vt 0.646578 0.690842
vt 0.638255 0.711150
vt 0.626789 0.706732
vt 0.667371 0.677031
vt 0.655962 0.695807
vt 0.648257 0.715002
vt 0.663138 0.699702
vt 0.656152 0.718060
vt 0.669023 0.702641
vt 0.662719 0.720511
vt 0.675228 0.705558
vt 0.669498 0.722519
vt 0.681473 0.708175
vt 0.676099 0.724170
vt 0.686939 0.710054
vt 0.681922 0.725342
vt 0.686995 0.726015
vt 0.689980 0.691609
vt 0.684560 0.688312
vt 0.698448 0.671656
vt 0.679370 0.685054
vt 0.694304 0.668357
vt 0.713457 0.653070
vt 0.716931 0.656656
vt 0.735893 0.640025
vt 0.739058 0.644232
vt 0.760782 0.630262
vt 0.763723 0.635078
vt 0.787468 0.624603
vt 0.790127 0.629765
vt 0.815078 0.623201
vt 0.817631 0.628836
vt 0.783528 0.618986
vt 0.811160 0.616987
vt 0.838331 0.617121
vt 0.805639 0.609444
vt 0.832157 0.608014
vt 0.856226 0.605426
vt 0.823999 0.597625
vt 0.846431 0.593737
vt 0.863907 0.587838
vt 0.875837 0.600835
vt 0.835018 0.583133
vt 0.850613 0.577925
vt 0.860653 0.570174
vt 0.847765 0.553535
vt 0.866828 0.560345
vt 0.851251 0.545317
vt 0.871119 0.550905
vt 0.856567 0.538720
vt 0.259038 0.730340
vt 0.255025 0.716319
vt 0.251026 0.727185
vt 0.246205 0.714324
vt 0.242023 0.703957
vt 0.251630 0.704705
vt 0.238572 0.695944
vt 0.428242 0.480158
vt 0.444356 0.400043
vt 0.421854 0.482713
vt 0.449102 0.402924
vt 0.454084 0.398190
vt 0.459055 0.401424
vt 0.465474 0.399095
vt 0.470956 0.403137
vt 0.484767 0.405779
vt 0.489857 0.410485
vt 0.499870 0.408579
vt 0.514933 0.411707
vt 0.529248 0.415635
vt 0.532495 0.420528
vt 0.527726 0.409928
vt 0.542519 0.415066
vt 0.542979 0.420852
vt 0.527918 0.402915
vt 0.543247 0.407701
vt 0.558398 0.413698
vt 0.557188 0.421554
vt 0.529710 0.394129
vt 0.544830 0.398479
vt 0.560059 0.403826
vt 0.575876 0.409836
vt 0.574005 0.420346
vt 0.572386 0.428776
vt 0.571202 0.435005
vt 0.556734 0.427505
vt 0.570513 0.439108
vt 0.557228 0.431816
vt 0.544800 0.425463
vt 0.558652 0.434853
vt 0.548061 0.429328
vt 0.537643 0.425080
vt 0.544689 0.429616
vt 0.552665 0.434589
vt 0.547262 0.433025
vt 0.561258 0.440829
vt 0.557329 0.439582
vt 0.554253 0.439171
vt 0.542800 0.432685
vt 0.552453 0.440206
vt 0.540396 0.434189
vt 0.551814 0.442926
vt 0.539580 0.437387
vt 0.526211 0.432831
vt 0.539839 0.442223
vt 0.526559 0.438165
vt 0.540677 0.448723
vt 0.527423 0.445053
vt 0.541526 0.456936
vt 0.528261 0.453586
vt 0.541728 0.466895
vt 0.528471 0.463828
vt 0.540732 0.478659
vt 0.527484 0.475861
vt 0.538339 0.492365
vt 0.524968 0.489857
vt 0.510920 0.489187
vt 0.520727 0.506960
vt 0.506972 0.506009
vt 0.493185 0.506011
vt 0.502273 0.523781
vt 0.488641 0.523279
vt 0.475240 0.523158
vt 0.483816 0.540793
vt 0.470543 0.540476
vt 0.458123 0.540355
vt 0.462766 0.523034
vt 0.448297 0.540174
vt 0.365996 0.619387
vt 0.353922 0.635728
vt 0.357126 0.617213
vt 0.342471 0.632842
vt 0.345581 0.614114
vt 0.329483 0.629621
vt 0.332620 0.610658
vt 0.316025 0.626684
vt 0.319207 0.607371
vt 0.322360 0.588659
vt 0.305043 0.604545
vt 0.308331 0.585810
vt 0.311199 0.568839
vt 0.293363 0.584039
vt 0.296491 0.567925
vt 0.298585 0.555027
vt 0.594652 0.528884
vt 0.597413 0.520626
vt 0.599548 0.516455
vt 0.589273 0.509668
vt 0.592910 0.504211
vt 0.595775 0.501592
vt 0.589099 0.490617
vt 0.591628 0.488506
vt 0.582404 0.482073
vt 0.584756 0.478522
vt 0.586275 0.476883
vt 0.578433 0.470019
vt 0.579256 0.467179
vt 0.579675 0.466433
vt 0.571606 0.458056
vt 0.571951 0.456474
vt 0.572962 0.456462
vt 0.563002 0.447609
vt 0.564292 0.447082
vt 0.566689 0.447626
vt 0.562555 0.449820
vt 0.571461 0.461702
vt 0.562746 0.453936
vt 0.552077 0.447402
vt 0.563181 0.459933
vt 0.552833 0.453659
vt 0.563264 0.467629
vt 0.553489 0.461691
vt 0.562568 0.476897
vt 0.553385 0.471463
vt 0.560879 0.488264
vt 0.552195 0.483053
vt 0.557280 0.502194
vt 0.548999 0.497273
vt 0.552290 0.518551
vt 0.544196 0.514024
vt 0.533649 0.509580
vt 0.538826 0.532187
vt 0.528431 0.527958
vt 0.515733 0.525198
vt 0.522964 0.546342
vt 0.510524 0.543335
vt 0.497296 0.541597
vt 0.505121 0.560851
vt 0.492328 0.559134
vt 0.479163 0.558315
vt 0.487778 0.575896
vt 0.475112 0.575194
vt 0.462527 0.575060
vt 0.466166 0.558080
vt 0.450606 0.575444
vt 0.453895 0.558136
vt 0.440819 0.576112
vt 0.359489 0.655738
vt 0.348278 0.670738
vt 0.350996 0.653990
vt 0.337380 0.667563
vt 0.339705 0.651129
vt 0.324430 0.664409
vt 0.326642 0.648042
vt 0.310659 0.662365
vt 0.312996 0.645538
vt 0.295858 0.661076
vt 0.298349 0.643536
vt 0.301618 0.624184
vt 0.282400 0.641748
vt 0.285845 0.622108
vt 0.289651 0.602471
vt 0.580293 0.578154
vt 0.586007 0.558801
vt 0.590929 0.541949
vt 0.574230 0.551797
vt 0.579925 0.534264
vt 0.584917 0.519759
vt 0.570413 0.528880
vt 0.564629 0.546614
vt 0.557541 0.542791
vt 0.563244 0.525075
vt 0.552566 0.539869
vt 0.558120 0.522136
vt 0.546907 0.536455
vt 0.546850 0.558259
vt 0.541216 0.554708
vt 0.533395 0.550498
vt 0.535293 0.572121
vt 0.527575 0.567827
vt 0.517002 0.563739
vt 0.520584 0.583217
vt 0.510794 0.579681
vt 0.499846 0.577316
vt 0.505476 0.594077
vt 0.495496 0.592273
vt 0.484209 0.591114
vt 0.492785 0.605788
vt 0.482063 0.604586
vt 0.470224 0.603586
vt 0.472047 0.590439
vt 0.458329 0.603308
vt 0.459872 0.590326
vt 0.447427 0.604112
vt 0.448410 0.590943
vt 0.438362 0.605463
vt 0.353366 0.687286
vt 0.342516 0.696328
vt 0.345526 0.684918
vt 0.333673 0.692319
vt 0.335418 0.681235
vt 0.322379 0.689222
vt 0.323076 0.677954
vt 0.309596 0.687987
vt 0.309598 0.676297
vt 0.295454 0.688094
vt 0.294965 0.675739
vt 0.279978 0.688662
vt 0.279245 0.675377
vt 0.279965 0.659864
vt 0.556143 0.637389
vt 0.566282 0.619773
vt 0.574280 0.599194
vt 0.555751 0.609905
vt 0.562357 0.590940
vt 0.568174 0.571045
vt 0.552614 0.584131
vt 0.558673 0.565412
vt 0.545757 0.579565
vt 0.551814 0.561368
vt 0.540880 0.576087
vt 0.539320 0.596030
vt 0.534553 0.592078
vt 0.528813 0.587740
vt 0.528027 0.604841
vt 0.522211 0.600718
vt 0.514388 0.596863
vt 0.509919 0.608859
vt 0.501962 0.607121
vt 0.508331 0.620190
vt 0.501120 0.619634
vt 0.492248 0.618783
vt 0.502210 0.630654
vt 0.493218 0.630817
vt 0.482080 0.629635
vt 0.481590 0.617314
vt 0.469835 0.615480
vt 0.458285 0.614604
vt 0.447965 0.615483
vt 0.442408 0.627120
vt 0.344528 0.710023
vt 0.447532 0.638508
vt 0.456807 0.650740
vt 0.311081 0.714115
vt 0.310443 0.706161
vt 0.471433 0.659254
vt 0.296899 0.714818
vt 0.296876 0.707344
vt 0.296357 0.698799
vt 0.310013 0.697983
vt 0.282014 0.709363
vt 0.281170 0.700274
vt 0.266649 0.712391
vt 0.530106 0.658732
vt 0.543922 0.650822
vt 0.527007 0.645330
vt 0.537829 0.637796
vt 0.547550 0.625724
vt 0.531670 0.627249
vt 0.539531 0.616285
vt 0.546582 0.601823
vt 0.532789 0.609372
vt 0.523398 0.634156
vt 0.517564 0.648226
vt 0.515796 0.637045
vt 0.509605 0.638581
vt 0.509052 0.629960
vt 0.502572 0.639751
vt 0.493236 0.640789
vt 0.477468 0.649322
vt 0.481533 0.639889
vt 0.571137 0.467182
vt 0.576943 0.474513
vt 0.570197 0.441433
vt 0.221223 0.684521
vt 0.447894 0.394781
vt 0.233459 0.699705
vt 0.225270 0.692600
vt 0.230771 0.702178
vt 0.238322 0.709503
vt 0.243842 0.721544
vt 0.256004 0.742278
vt 0.834023 0.536233
vt 0.829301 0.542987
vt 0.806006 0.543801
vt 0.827150 0.550241
vt 0.805182 0.550530
vt 0.781554 0.553467
vt 0.784959 0.558967
vt 0.759584 0.562289
vt 0.792409 0.566862
vt 0.767457 0.568693
vt 0.739969 0.573228
vt 0.778159 0.577888
vt 0.750777 0.581709
vt 0.722809 0.590301
vt 0.761421 0.592495
vt 0.733620 0.600051
vt 0.707394 0.612313
vt 0.742913 0.609854
vt 0.716998 0.620889
vt 0.693896 0.635634
vt 0.724863 0.628446
vt 0.702111 0.642604
vt 0.682767 0.659137
vt 0.708645 0.648517
vt 0.689391 0.664486
vt 0.674161 0.681676
vt 0.731230 0.634856
vt 0.750466 0.618060
vt 0.756471 0.624797
vt 0.777932 0.612025
vt 0.770579 0.603234
vt 0.798204 0.600010
vt 0.788852 0.588805
vt 0.813955 0.586445
vt 0.802900 0.576220
vt 0.614410 0.702568
vt 0.601140 0.699237
vt 0.610983 0.677873
vt 0.587021 0.695470
vt 0.597978 0.673335
vt 0.613787 0.651492
vt 0.586086 0.665535
vt 0.604238 0.643691
vt 0.627540 0.624402
vt 0.598289 0.630333
vt 0.622672 0.610991
vt 0.649676 0.595118
vt 0.623455 0.593051
vt 0.277133 0.912566
vt 0.286186 0.889831
vt 0.268203 0.897341
vt 0.275327 0.877465
vt 0.278036 0.856948
vt 0.264175 0.863938
vt 0.267035 0.845467
vt 0.266737 0.826420
vt 0.253786 0.832333
vt 0.253569 0.814786
vt 0.252175 0.796863
vt 0.237923 0.802606
vt 0.236839 0.785662
vt 0.235884 0.768303
vt 0.220096 0.774007
vt 0.219589 0.757147
vt 0.219295 0.740432
vt 0.202453 0.745996
vt 0.202280 0.730221
vt 0.201593 0.715917
vt 0.184040 0.721119
vt 0.183165 0.708508
vt 0.181425 0.698065
vt 0.163537 0.702466
vt 0.162090 0.693801
vt 0.160242 0.686487
vt 0.164610 0.713524
vt 0.165467 0.727242
vt 0.184446 0.735829
vt 0.184783 0.752105
vt 0.166259 0.743228
vt 0.202716 0.762558
vt 0.203239 0.779493
vt 0.185239 0.769554
vt 0.220914 0.790654
vt 0.221563 0.807014
vt 0.203795 0.796596
vt 0.238432 0.819106
vt 0.237085 0.835277
vt 0.221119 0.823157
vt 0.251388 0.849393
vt 0.245200 0.865971
vt 0.232579 0.851215
vt 0.257253 0.881758
vt 0.246286 0.898922
vt 0.235132 0.882064
vt 0.257033 0.916178
vt 0.242599 0.933190
vt 0.232244 0.914783
vt 0.598323 0.612548
vt 0.574749 0.635503
vt 0.225719 0.947737
vt 0.579053 0.652812
vt 0.563706 0.677915
vt 0.213138 0.979432
vt 0.573926 0.688709
vt 0.206890 0.959627
vt 0.199613 0.940100
vt 0.216519 0.928644
vt 0.192832 0.920938
vt 0.208062 0.910219
vt 0.222277 0.897077
vt 0.200876 0.892474
vt 0.213666 0.880728
vt 0.224534 0.866665
vt 0.218561 0.839097
vt 0.203099 0.830536
vt 0.203904 0.813687
vt 0.186970 0.825496
vt 0.186370 0.806626
vt 0.185805 0.787884
vt 0.169542 0.801932
vt 0.168067 0.780792
vt 0.167093 0.761176
vt 0.171576 0.823313
vt 0.173727 0.843485
vt 0.176622 0.862874
vt 0.181081 0.882402
vt 0.186684 0.901674
vt 0.691621 0.220625
vt 0.140800 0.189558
vt 0.116548 0.189516
vt 0.718209 0.217256
vt 0.673705 0.212940
vt 0.680209 0.195765
vt 0.670507 0.232911
vt 0.660673 0.225385
vt 0.719417 0.235829
vt 0.696620 0.239263
vt 0.676115 0.244717
vt 0.522367 0.260726
vt 0.520883 0.257411
vt 0.537416 0.253811
vt 0.540366 0.255740
vt 0.536930 0.259579
vt 0.529284 0.263564
vt 0.513793 0.265305
vt 0.548174 0.255462
vt 0.309535 0.256745
vt 0.299364 0.244625
vt 0.312378 0.232013
vt 0.325444 0.237737
vt 0.339985 0.241794
vt 0.330620 0.259807
vt 0.324319 0.279027
vt 0.305126 0.278876
vt 0.283844 0.282790
vt 0.284106 0.265876
vt 0.281263 0.254005
vt 0.338319 0.203117
vt 0.334222 0.221396
vt 0.319403 0.218637
vt 0.320646 0.205090
vt 0.328750 0.186537
vt 0.337408 0.180300
vt 0.474596 0.235962
vt 0.353079 0.210735
vt 0.347828 0.225327
vt 0.469956 0.246936
vt 0.551854 0.007903
vt 0.540669 0.003906
vt 0.180499 0.016839
vt 0.168442 0.017149
vt 0.558921 0.017688
vt 0.551089 0.015618
vt 0.540540 0.013290
vt 0.897323 0.809720
vt 0.910151 0.801528
vt 0.910093 0.824701
vt 0.896448 0.831466
vt 0.889140 0.803186
vt 0.897077 0.774327
vt 0.903800 0.775364
vt 0.910742 0.773184
vt 0.594342 0.193922
vt 0.592117 0.178537
vt 0.599443 0.176149
vt 0.602360 0.188674
vt 0.605987 0.195582
vt 0.599132 0.201425
vt 0.594310 0.208051
vt 0.592566 0.202489
vt 0.588243 0.205562
vt 0.588060 0.195044
vt 0.586230 0.180483
vt 0.588723 0.213900
vt 0.231087 0.016964
vt 0.233817 0.012490
vt 0.241488 0.018660
vt 0.234997 0.022910
vt 0.224467 0.026803
vt 0.222275 0.017976
vt 0.222413 0.010892
vt 0.895762 0.232532
vt 0.896742 0.220989
vt 0.910286 0.223868
vt 0.904296 0.238361
vt 0.886906 0.235309
vt 0.883784 0.220351
vt 0.894420 0.246953
vt 0.902376 0.891585
vt 0.885664 0.905748
vt 0.878191 0.898522
vt 0.891815 0.885332
vt 0.903370 0.907686
vt 0.889797 0.914952
vt 0.914043 0.886321
vt 0.390813 0.234723
vt 0.561988 0.052169
vt 0.564595 0.059897
vt 0.558512 0.062329
vt 0.557871 0.050912
vt 0.559593 0.041407
vt 0.564774 0.046130
vt 0.570657 0.054926
vt 0.829636 0.913069
vt 0.840196 0.908373
vt 0.846896 0.913765
vt 0.830008 0.918095
vt 0.811240 0.919552
vt 0.816709 0.912960
vt 0.826616 0.905969
vt 0.507632 0.030020
vt 0.503022 0.026472
vt 0.513516 0.018591
vt 0.515886 0.026536
vt 0.514853 0.037151
vt 0.504566 0.038044
vt 0.496120 0.036115
vt 0.576287 0.247424
vt 0.583200 0.243975
vt 0.584299 0.244726
vt 0.574365 0.248844
vt 0.571651 0.248674
vt 0.579711 0.244261
vt 0.565612 0.251796
vt 0.974654 0.471793
vt 0.026021 0.264431
vt 0.029782 0.273726
vt 0.021423 0.274318
vt 0.979554 0.463253
vt 0.982947 0.470835
vt 0.018920 0.255634
vt 0.498827 0.278564
vt 0.039634 0.696287
vt 0.030345 0.707051
vt 0.031528 0.697470
vt 0.505722 0.286870
vt 0.052173 0.689195
vt 0.519148 0.278304
vt 0.520860 0.286880
vt 0.487409 0.272818
vt 0.503613 0.272951
vt 0.520852 0.272195
vt 0.770777 0.765988
vt 0.774430 0.767115
vt 0.771115 0.770556
vt 0.767197 0.767808
vt 0.765060 0.763859
vt 0.770647 0.762805
vt 0.776068 0.763010
vt 0.094716 0.872660
vt 0.090529 0.883838
vt 0.079818 0.873708
vt 0.089762 0.862176
vt 0.101839 0.856329
vt 0.104662 0.872300
vt 0.103939 0.889147
vt 0.789505 0.781062
vt 0.790316 0.784110
vt 0.782952 0.784378
vt 0.784817 0.780311
vt 0.788035 0.776459
vt 0.793221 0.778476
vt 0.797194 0.781732
vt 0.801056 0.786392
vt 0.791399 0.788758
vt 0.803880 0.777445
vt 0.810181 0.781995
vt 0.797873 0.774201
vt 0.802332 0.768484
vt 0.809893 0.771331
vt 0.791724 0.771923
vt 0.795194 0.766460
vt 0.785525 0.770131
vt 0.788390 0.764957
vt 0.782162 0.774681
vt 0.778619 0.778921
vt 0.776310 0.772776
vt 0.779608 0.768554
vt 0.772240 0.776881
vt 0.767567 0.781213
vt 0.760704 0.778002
vt 0.766449 0.774102
vt 0.775180 0.783345
vt 0.771625 0.788306
vt 0.762289 0.785999
vt 0.781471 0.789266
vt 0.780005 0.795015
vt 0.767784 0.793903
vt 0.792611 0.794641
vt 0.793846 0.801545
vt 0.778420 0.801494
vt 0.805161 0.792489
vt 0.809486 0.799958
vt 0.817059 0.788104
vt 0.824412 0.795940
vt 0.827426 0.780873
vt 0.837425 0.788173
vt 0.818253 0.775394
vt 0.824435 0.766516
vt 0.835388 0.770691
vt 0.814687 0.763554
vt 0.817864 0.754469
vt 0.828391 0.755899
vt 0.805980 0.761502
vt 0.808434 0.753522
vt 0.798011 0.760069
vt 0.799907 0.752910
vt 0.790596 0.759055
vt 0.792048 0.752516
vt 0.783632 0.758356
vt 0.784673 0.752283
vt 0.781981 0.763807
vt 0.777019 0.757978
vt 0.777591 0.752213
vt 0.770563 0.758043
vt 0.770555 0.752356
vt 0.763830 0.758737
vt 0.763241 0.752783
vt 0.756425 0.759993
vt 0.755310 0.753496
vt 0.758514 0.765726
vt 0.750878 0.768183
vt 0.748126 0.761706
vt 0.761783 0.770447
vt 0.755056 0.773664
vt 0.747142 0.777406
vt 0.742097 0.771137
vt 0.753974 0.782375
vt 0.746215 0.787282
vt 0.737932 0.781703
vt 0.756349 0.791328
vt 0.749710 0.797171
vt 0.737217 0.792733
vt 0.763606 0.800066
vt 0.759182 0.806576
vt 0.742492 0.803357
vt 0.776674 0.808435
vt 0.774785 0.815428
vt 0.754802 0.813067
vt 0.794950 0.809169
vt 0.795666 0.817080
vt 0.813647 0.808570
vt 0.817428 0.817912
vt 0.832108 0.805844
vt 0.839129 0.816669
vt 0.847485 0.797161
vt 0.856758 0.806876
vt 0.858827 0.782798
vt 0.869330 0.789605
vt 0.847344 0.776326
vt 0.853291 0.761080
vt 0.865625 0.764322
vt 0.840278 0.758057
vt 0.746567 0.754504
vt 0.736965 0.755822
vt 0.738782 0.763836
vt 0.728318 0.766445
vt 0.726404 0.757526
vt 0.732050 0.774603
vt 0.720520 0.778689
vt 0.716751 0.769757
vt 0.726978 0.786641
vt 0.714479 0.792190
vt 0.708841 0.783513
vt 0.727137 0.798530
vt 0.717216 0.804529
vt 0.707268 0.796755
vt 0.735503 0.809555
vt 0.729663 0.815305
vt 0.712044 0.809736
vt 0.750816 0.819175
vt 0.747050 0.824963
vt 0.724361 0.820466
vt 0.772822 0.822231
vt 0.770675 0.828581
vt 0.795816 0.824479
vt 0.795466 0.831092
vt 0.819830 0.825561
vt 0.821430 0.832118
vt 0.842911 0.823500
vt 0.845673 0.829332
vt 0.862615 0.813390
vt 0.867332 0.818591
vt 0.877433 0.795350
vt 0.883125 0.799069
vt 0.884894 0.770377
vt 0.891240 0.772598
vt 0.876509 0.767551
vt 0.916160 0.771288
vt 0.384805 0.331234
vt 0.380017 0.332597
vt 0.374574 0.333931
vt 0.368099 0.335250
vt 0.360010 0.336602
vt 0.364927 0.316319
vt 0.370866 0.314955
vt 0.357490 0.317487
vt 0.349471 0.338140
vt 0.347752 0.318471
vt 0.356348 0.299421
vt 0.362881 0.298618
vt 0.347708 0.299718
vt 0.334943 0.319398
vt 0.335944 0.299477
vt 0.349846 0.281697
vt 0.357315 0.281907
vt 0.339201 0.280600
vt 0.320625 0.299218
vt 0.344686 0.262220
vt 0.354170 0.263664
vt 0.351734 0.244445
vt 0.359870 0.246053
vt 0.358211 0.228318
vt 0.365457 0.230255
vt 0.362753 0.214844
vt 0.369434 0.217308
vt 0.466783 0.255073
vt 0.464313 0.260758
vt 0.476887 0.257010
vt 0.474359 0.262744
vt 0.480040 0.249152
vt 0.492158 0.250632
vt 0.488986 0.258138
vt 0.484201 0.238834
vt 0.496053 0.241001
vt 0.488930 0.226394
vt 0.500139 0.229422
vt 0.492941 0.212670
vt 0.503370 0.216053
vt 0.327585 0.166996
vt 0.318436 0.152807
vt 0.495142 0.198143
vt 0.319783 0.172050
vt 0.310821 0.157502
vt 0.308648 0.178040
vt 0.300516 0.163672
vt 0.315939 0.191651
vt 0.300316 0.196162
vt 0.294829 0.184332
vt 0.303498 0.206452
vt 0.303443 0.216128
vt 0.285490 0.207198
vt 0.283372 0.199570
vt 0.285842 0.213725
vt 0.299208 0.226100
vt 0.283908 0.220570
vt 0.267381 0.211624
vt 0.267188 0.206946
vt 0.266536 0.216125
vt 0.278543 0.228073
vt 0.263788 0.221349
vt 0.249605 0.211866
vt 0.250271 0.208767
vt 0.247874 0.215397
vt 0.258268 0.226991
vt 0.244425 0.219369
vt 0.630350 0.182228
vt 0.628778 0.181348
vt 0.632597 0.183072
vt 0.238780 0.223146
vt 0.227488 0.213174
vt 0.626752 0.195963
vt 0.623864 0.194245
vt 0.629663 0.197062
vt 0.222319 0.214460
vt 0.633251 0.198496
vt 0.622894 0.209348
vt 0.619143 0.205953
vt 0.626758 0.211370
vt 0.638436 0.200943
vt 0.632221 0.213814
vt 0.618820 0.219369
vt 0.614558 0.216555
vt 0.624345 0.223277
vt 0.614570 0.228692
vt 0.609643 0.225920
vt 0.631146 0.226269
vt 0.620045 0.231722
vt 0.640367 0.217185
vt 0.646749 0.204604
vt 0.659213 0.208665
vt 0.650315 0.220930
vt 0.638817 0.229428
vt 0.626043 0.235560
vt 0.646288 0.233561
vt 0.631271 0.238898
vt 0.652650 0.239821
vt 0.635344 0.243965
vt 0.656986 0.248939
vt 0.638169 0.251694
vt 0.659775 0.260190
vt 0.639962 0.261809
vt 0.679506 0.258006
vt 0.699699 0.255571
vt 0.682147 0.271876
vt 0.661565 0.273111
vt 0.701842 0.271516
vt 0.720778 0.253781
vt 0.721564 0.271883
vt 0.702026 0.290366
vt 0.682568 0.289422
vt 0.721402 0.291379
vt 0.741241 0.272479
vt 0.740465 0.292288
vt 0.721120 0.312027
vt 0.702098 0.310835
vt 0.739485 0.312989
vt 0.758214 0.293177
vt 0.756497 0.313977
vt 0.738394 0.334357
vt 0.720664 0.333374
vt 0.754641 0.335295
vt 0.771818 0.315179
vt 0.769287 0.336353
vt 0.782802 0.337472
vt 0.785595 0.316576
vt 0.798222 0.318082
vt 0.795572 0.338578
vt 0.807178 0.339670
vt 0.809536 0.319647
vt 0.818998 0.321149
vt 0.816815 0.340667
vt 0.824902 0.341488
vt 0.827183 0.322386
vt 0.835481 0.323337
vt 0.832909 0.342208
vt 0.941219 0.168037
vt 0.843671 0.324215
vt 0.936406 0.187942
vt 0.935585 0.168064
vt 0.927915 0.167588
vt 0.928508 0.187086
vt 0.914522 0.186332
vt 0.914165 0.167287
vt 0.898123 0.167145
vt 0.898357 0.185586
vt 0.882584 0.184948
vt 0.882182 0.166891
vt 0.868290 0.166798
vt 0.963027 0.352428
vt 0.868917 0.184785
vt 0.964749 0.370675
vt 0.869933 0.202881
vt 0.966746 0.388816
vt 0.882950 0.203046
vt 0.897877 0.204002
vt 0.871828 0.220748
vt 0.969415 0.406788
vt 0.875891 0.237416
vt 0.973638 0.423826
vt 0.882703 0.251586
vt 0.979608 0.438687
vt 0.890514 0.262897
vt 0.877551 0.266563
vt 0.903949 0.256223
vt 0.913058 0.263821
vt 0.897732 0.272103
vt 0.915620 0.244375
vt 0.925588 0.249400
vt 0.923417 0.227056
vt 0.932882 0.229701
vt 0.927366 0.207020
vt 0.935857 0.208372
vt 0.913437 0.205568
vt 0.844148 0.304517
vt 0.843437 0.283726
vt 0.836281 0.303499
vt 0.836927 0.282311
vt 0.827753 0.302393
vt 0.828714 0.281110
vt 0.819359 0.300914
vt 0.820042 0.279686
vt 0.810048 0.299145
vt 0.810606 0.277986
vt 0.799263 0.297357
vt 0.800185 0.276236
vt 0.787254 0.295718
vt 0.788747 0.274709
vt 0.773794 0.294301
vt 0.775544 0.273608
vt 0.759657 0.272958
vt 0.760753 0.253046
vt 0.777265 0.252985
vt 0.741619 0.253199
vt 0.741363 0.234003
vt 0.760863 0.233697
vt 0.740313 0.215977
vt 0.759444 0.216417
vt 0.094449 0.191498
vt 0.075638 0.196980
vt 0.100655 0.208656
vt 0.083477 0.213199
vt 0.120759 0.206807
vt 0.123202 0.224161
vt 0.104681 0.226484
vt 0.142309 0.208041
vt 0.143482 0.224574
vt 0.164022 0.212658
vt 0.164347 0.228143
vt 0.184784 0.219560
vt 0.184978 0.233569
vt 0.663869 0.193299
vt 0.651652 0.190516
vt 0.203440 0.225305
vt 0.643841 0.187664
vt 0.218841 0.227332
vt 0.230462 0.226087
vt 0.237482 0.236452
vt 0.222347 0.238753
vt 0.249537 0.232246
vt 0.256598 0.241363
vt 0.241180 0.246138
vt 0.269300 0.235252
vt 0.276584 0.244358
vt 0.260170 0.250859
vt 0.290127 0.235961
vt 0.261952 0.260980
vt 0.263083 0.272612
vt 0.243977 0.277336
vt 0.243103 0.266039
vt 0.242482 0.255935
vt 0.224474 0.268733
vt 0.224119 0.258746
vt 0.223823 0.248934
vt 0.204942 0.258724
vt 0.204910 0.248649
vt 0.204592 0.237856
vt 0.184938 0.245443
vt 0.184805 0.256787
vt 0.164452 0.254599
vt 0.164432 0.241470
vt 0.184671 0.269705
vt 0.164637 0.269702
vt 0.205060 0.269589
vt 0.205604 0.282848
vt 0.185135 0.285305
vt 0.225333 0.280311
vt 0.226811 0.295327
vt 0.206922 0.299596
vt 0.245375 0.291698
vt 0.247141 0.310009
vt 0.228555 0.314296
vt 0.263829 0.287711
vt 0.264881 0.306488
vt 0.283284 0.302955
vt 0.283701 0.324811
vt 0.266331 0.327619
vt 0.302474 0.300121
vt 0.301580 0.322353
vt 0.319162 0.320567
vt 0.319724 0.342240
vt 0.302462 0.344529
vt 0.335886 0.340027
vt 0.285231 0.346788
vt 0.267951 0.349448
vt 0.250076 0.352922
vt 0.231542 0.356909
vt 0.212507 0.360916
vt 0.193060 0.364931
vt 0.173751 0.368565
vt 0.155053 0.371022
vt 0.136342 0.372535
vt 0.118079 0.374115
vt 0.102014 0.375828
vt 0.088910 0.377562
vt 0.077300 0.379479
vt 0.065764 0.381904
vt 0.054937 0.384340
vt 0.045627 0.386212
vt 0.037641 0.387412
vt 0.030187 0.388181
vt 0.945639 0.354419
vt 0.953820 0.353450
vt 0.955832 0.371973
vt 0.021877 0.370229
vt 0.957900 0.390291
vt 0.022850 0.352068
vt 0.960402 0.408579
vt 0.024145 0.333923
vt 0.964056 0.426093
vt 0.024464 0.316095
vt 0.969097 0.441486
vt 0.023615 0.299599
vt 0.974635 0.453798
vt 0.022267 0.285528
vt 0.883099 0.276256
vt 0.849114 0.207133
vt 0.903385 0.279816
vt 0.838404 0.223498
vt 0.007993 0.245828
vt 0.919641 0.270081
vt 0.837417 0.242121
vt 0.931279 0.253622
vt 0.837572 0.261286
vt 0.830514 0.259702
vt 0.831064 0.240248
vt 0.821912 0.258199
vt 0.822934 0.238206
vt 0.812288 0.256528
vt 0.813390 0.236156
vt 0.801963 0.254861
vt 0.803006 0.234544
vt 0.790679 0.253576
vt 0.791518 0.233659
vt 0.777769 0.233428
vt 0.776183 0.216436
vt 0.790314 0.215912
vt 0.060744 0.204526
vt 0.049347 0.212956
vt 0.070040 0.219505
vt 0.059593 0.226636
vt 0.077187 0.235301
vt 0.067280 0.240575
vt 0.089324 0.230455
vt 0.093844 0.247057
vt 0.082474 0.250978
vt 0.107946 0.243207
vt 0.110925 0.259792
vt 0.097471 0.263688
vt 0.124967 0.240217
vt 0.126879 0.256167
vt 0.144178 0.239310
vt 0.144922 0.254147
vt 0.146008 0.270912
vt 0.128905 0.273758
vt 0.147328 0.289847
vt 0.130617 0.293067
vt 0.165491 0.287409
vt 0.167063 0.307178
vt 0.148880 0.310248
vt 0.186587 0.303749
vt 0.188770 0.324007
vt 0.169228 0.327853
vt 0.208795 0.319340
vt 0.210759 0.340217
vt 0.191067 0.344589
vt 0.230159 0.335484
vt 0.248770 0.331061
vt 0.171522 0.348392
vt 0.152785 0.351215
vt 0.150727 0.330936
vt 0.134804 0.353214
vt 0.133351 0.333494
vt 0.131989 0.313295
vt 0.117029 0.335934
vt 0.116349 0.316314
vt 0.115319 0.296642
vt 0.102178 0.319004
vt 0.101660 0.299835
vt 0.113537 0.277598
vt 0.100152 0.281288
vt 0.089680 0.302242
vt 0.088706 0.284220
vt 0.086309 0.267116
vt 0.078733 0.286587
vt 0.076679 0.270158
vt 0.072851 0.254884
vt 0.067803 0.273286
vt 0.063974 0.258946
vt 0.058311 0.245903
vt 0.055226 0.263263
vt 0.049560 0.251112
vt 0.050509 0.233516
vt 0.041570 0.239539
vt 0.040973 0.256066
vt 0.032913 0.245064
vt 0.813265 0.198181
vt 0.801879 0.197283
vt 0.823652 0.200692
vt 0.025216 0.250353
vt 0.013628 0.239724
vt 0.822952 0.219313
vt 0.813226 0.216911
vt 0.831266 0.221787
vt 0.802407 0.215710
vt 0.033004 0.260603
vt 0.038073 0.271211
vt 0.046514 0.267550
vt 0.050023 0.280249
vt 0.041072 0.283094
vt 0.058997 0.276765
vt 0.060673 0.291922
vt 0.051493 0.294785
vt 0.069641 0.289044
vt 0.069450 0.306223
vt 0.060171 0.308810
vt 0.079075 0.304134
vt 0.077936 0.322765
vt 0.067440 0.324681
vt 0.089472 0.321092
vt 0.088534 0.340378
vt 0.076046 0.342105
vt 0.102066 0.338311
vt 0.101812 0.357255
vt 0.087927 0.359325
vt 0.117570 0.355147
vt 0.075239 0.361232
vt 0.063346 0.363282
vt 0.064601 0.343982
vt 0.052774 0.365459
vt 0.054438 0.346216
vt 0.057739 0.327098
vt 0.045522 0.348291
vt 0.048617 0.329432
vt 0.050931 0.311348
vt 0.040073 0.331284
vt 0.041917 0.313356
vt 0.042315 0.297067
vt 0.033163 0.314902
vt 0.033126 0.298648
vt 0.032010 0.284917
vt 0.031982 0.332764
vt 0.030110 0.351142
vt 0.037559 0.349894
vt 0.036173 0.368603
vt 0.029021 0.369537
vt 0.043848 0.367297
vt 0.701898 0.332162
vt 0.682712 0.330676
vt 0.663394 0.329046
vt 0.643925 0.327483
vt 0.624272 0.326148
vt 0.604587 0.325069
vt 0.585207 0.324388
vt 0.567186 0.324497
vt 0.549910 0.324231
vt 0.533817 0.323925
vt 0.520704 0.323908
vt 0.101108 0.669995
vt 0.101375 0.678193
vt 0.101297 0.684319
vt 0.101216 0.689276
vt 0.101600 0.694721
vt 0.102795 0.702230
vt 0.104850 0.712569
vt 0.107604 0.725737
vt 0.110876 0.741507
vt 0.114556 0.759848
vt 0.118521 0.780393
vt 0.122521 0.805021
vt 0.126225 0.827610
vt 0.129595 0.848921
vt 0.132541 0.869867
vt 0.135059 0.891530
vt 0.136421 0.913232
vt 0.137416 0.934551
vt 0.138282 0.955163
vt 0.139354 0.975563
vt 0.531078 0.778759
vt 0.548180 0.771398
vt 0.563215 0.766900
vt 0.578481 0.766514
vt 0.594185 0.769649
vt 0.609028 0.773340
vt 0.622668 0.774877
vt 0.634990 0.774575
vt 0.645464 0.773749
vt 0.653640 0.772814
vt 0.660170 0.771812
vt 0.666557 0.770823
vt 0.672932 0.769834
vt 0.678683 0.768770
vt 0.683789 0.767671
vt 0.688983 0.766502
vt 0.695579 0.765004
vt 0.704598 0.762621
vt 0.715120 0.759824
vt 0.705931 0.773482
vt 0.697293 0.776398
vt 0.701032 0.787085
vt 0.694706 0.790057
vt 0.690893 0.778580
vt 0.701323 0.800699
vt 0.696370 0.803699
vt 0.689590 0.792256
vt 0.707572 0.813629
vt 0.703345 0.816724
vt 0.691927 0.806000
vt 0.720503 0.824671
vt 0.716165 0.828780
vt 0.698745 0.819743
vt 0.743469 0.830056
vt 0.739339 0.834869
vt 0.768343 0.834321
vt 0.765672 0.839751
vt 0.794664 0.837016
vt 0.793404 0.842836
vt 0.821719 0.838440
vt 0.821409 0.844758
vt 0.847902 0.835452
vt 0.849209 0.841817
vt 0.871696 0.824132
vt 0.874961 0.831162
vt 0.875014 0.841564
vt 0.848667 0.848754
vt 0.872210 0.852758
vt 0.846007 0.856192
vt 0.893669 0.848510
vt 0.887668 0.865132
vt 0.866884 0.864544
vt 0.907894 0.845565
vt 0.901964 0.866447
vt 0.915822 0.843394
vt 0.911167 0.866836
vt 0.917183 0.821085
vt 0.916701 0.797847
vt 0.921230 0.795988
vt 0.376500 0.294662
vt 0.375779 0.278225
vt 0.372596 0.296126
vt 0.371735 0.279507
vt 0.379525 0.261851
vt 0.374314 0.262836
vt 0.367548 0.280622
vt 0.369819 0.263635
vt 0.379416 0.247195
vt 0.374347 0.247356
vt 0.365458 0.264114
vt 0.369977 0.247299
vt 0.379008 0.233286
vt 0.384000 0.233987
vt 0.374836 0.232532
vt 0.378114 0.220422
vt 0.381795 0.221745
vt 0.370628 0.231581
vt 0.374265 0.219021
vt 0.365497 0.246922
vt 0.360594 0.264193
vt 0.362907 0.281465
vt 0.368144 0.297473
vt 0.375813 0.313452
vt 0.461875 0.264666
vt 0.459106 0.267236
vt 0.471897 0.266881
vt 0.469061 0.269844
vt 0.484416 0.267005
vt 0.481398 0.269758
vt 0.486725 0.263339
vt 0.503211 0.260612
vt 0.501176 0.264401
vt 0.505086 0.255752
vt 0.521394 0.253160
vt 0.507683 0.249203
vt 0.523230 0.247419
vt 0.510918 0.240837
vt 0.525941 0.239954
vt 0.514198 0.230834
vt 0.528923 0.230716
vt 0.516811 0.219050
vt 0.531417 0.219745
vt 0.518500 0.204580
vt 0.532804 0.207176
vt 0.505932 0.201180
vt 0.506320 0.185276
vt 0.519140 0.188048
vt 0.495222 0.182932
vt 0.493690 0.166956
vt 0.505103 0.168668
vt 0.310101 0.137779
vt 0.302387 0.121824
vt 0.302344 0.142313
vt 0.294441 0.126274
vt 0.292327 0.148385
vt 0.284363 0.132191
vt 0.280559 0.155292
vt 0.272739 0.139010
vt 0.288024 0.170591
vt 0.274281 0.177059
vt 0.267682 0.162236
vt 0.279602 0.189653
vt 0.263867 0.192896
vt 0.259851 0.182040
vt 0.266147 0.200989
vt 0.249646 0.200422
vt 0.248154 0.194069
vt 0.250240 0.205183
vt 0.626414 0.180910
vt 0.625059 0.180120
vt 0.627646 0.181040
vt 0.621204 0.191973
vt 0.619798 0.191833
vt 0.622139 0.192407
vt 0.614644 0.202518
vt 0.613746 0.202612
vt 0.616410 0.203667
vt 0.608008 0.212597
vt 0.606201 0.212211
vt 0.610895 0.214103
vt 0.601671 0.222445
vt 0.598826 0.221868
vt 0.605377 0.223822
vt 0.595437 0.231334
vt 0.591805 0.230995
vt 0.599563 0.232276
vt 0.589277 0.238590
vt 0.585251 0.238650
vt 0.603833 0.233847
vt 0.592953 0.239096
vt 0.607974 0.235896
vt 0.595742 0.240186
vt 0.611906 0.238437
vt 0.597895 0.241835
vt 0.615232 0.241569
vt 0.599574 0.244524
vt 0.617770 0.246479
vt 0.600859 0.249118
vt 0.619510 0.253759
vt 0.601784 0.255973
vt 0.620586 0.263228
vt 0.602532 0.265233
vt 0.621493 0.274720
vt 0.603141 0.276639
vt 0.641073 0.273698
vt 0.642387 0.288001
vt 0.622231 0.287786
vt 0.662672 0.288626
vt 0.663319 0.307849
vt 0.643534 0.306472
vt 0.682835 0.309385
vt 0.623657 0.305483
vt 0.604207 0.306142
vt 0.603669 0.290100
vt 0.585763 0.307331
vt 0.585835 0.292230
vt 0.568186 0.308529
vt 0.568690 0.294371
vt 0.551412 0.309394
vt 0.552199 0.296142
vt 0.535684 0.309761
vt 0.536647 0.297135
vt 0.521265 0.309343
vt 0.521924 0.297265
vt 0.083638 0.672621
vt 0.067979 0.674506
vt 0.083451 0.681317
vt 0.066932 0.684660
vt 0.083045 0.688469
vt 0.066262 0.693566
vt 0.051165 0.699962
vt 0.066036 0.702326
vt 0.050787 0.710833
vt 0.038299 0.708207
vt 0.037665 0.720568
vt 0.051545 0.722601
vt 0.038374 0.734034
vt 0.027580 0.731412
vt 0.028553 0.718443
vt 0.027846 0.745913
vt 0.040379 0.748643
vt 0.029291 0.761720
vt 0.020131 0.757464
vt 0.020726 0.742415
vt 0.020507 0.774121
vt 0.031759 0.778500
vt 0.021907 0.791944
vt 0.014260 0.785145
vt 0.014794 0.767848
vt 0.014537 0.803815
vt 0.024348 0.810369
vt 0.015813 0.823273
vt 0.009592 0.813364
vt 0.009619 0.794082
vt 0.010005 0.833619
vt 0.017940 0.842972
vt 0.010811 0.854491
vt 0.789851 0.936657
vt 0.814460 0.937521
vt 0.764281 0.934287
vt 0.012314 0.875702
vt 0.003906 0.885352
vt 0.760769 0.926140
vt 0.786174 0.929518
vt 0.733821 0.921136
vt 0.006848 0.908850
vt 0.705580 0.914492
vt 0.734197 0.914613
vt 0.761026 0.920208
vt 0.705716 0.906873
vt 0.676528 0.905732
vt 0.676382 0.896651
vt 0.707697 0.904559
vt 0.736930 0.912169
vt 0.677893 0.893770
vt 0.647336 0.883477
vt 0.649611 0.879300
vt 0.683663 0.889651
vt 0.713511 0.900277
vt 0.656418 0.875084
vt 0.625282 0.860842
vt 0.634365 0.856772
vt 0.666743 0.868644
vt 0.692763 0.882247
vt 0.646431 0.851997
vt 0.618439 0.836027
vt 0.632084 0.833658
vt 0.658269 0.846747
vt 0.677464 0.861637
vt 0.644756 0.830261
vt 0.622010 0.814795
vt 0.635264 0.813083
vt 0.656033 0.825460
vt 0.669093 0.840819
vt 0.646830 0.809529
vt 0.628074 0.794949
vt 0.640069 0.792834
vt 0.656301 0.805454
vt 0.665098 0.820388
vt 0.649927 0.790402
vt 0.657239 0.788419
vt 0.663175 0.802402
vt 0.662992 0.786741
vt 0.668359 0.800358
vt 0.669160 0.785007
vt 0.673941 0.798235
vt 0.675389 0.783278
vt 0.679766 0.795982
vt 0.680928 0.781681
vt 0.684960 0.794033
vt 0.685801 0.780209
vt 0.687084 0.808351
vt 0.681804 0.810905
vt 0.693938 0.822654
vt 0.689406 0.825344
vt 0.676850 0.813191
vt 0.711644 0.832484
vt 0.707274 0.836055
vt 0.735152 0.839767
vt 0.730915 0.844482
vt 0.762457 0.845080
vt 0.758660 0.850570
vt 0.791124 0.848803
vt 0.788017 0.854570
vt 0.820123 0.850832
vt 0.817483 0.856841
vt 0.813394 0.863460
vt 0.783905 0.860795
vt 0.841451 0.864483
vt 0.835126 0.873773
vt 0.807754 0.871357
vt 0.859251 0.876488
vt 0.849513 0.887931
vt 0.826941 0.884204
vt 0.878433 0.880484
vt 0.866664 0.892807
vt 0.853467 0.901820
vt 0.838235 0.898068
vt 0.863029 0.907290
vt 0.868903 0.914485
vt 0.850581 0.920689
vt 0.873322 0.922047
vt 0.854240 0.927423
vt 0.004029 0.765975
vt 0.004138 0.782364
vt 0.894851 0.922814
vt 0.011419 0.746667
vt 0.010586 0.760341
vt 0.907307 0.917833
vt 0.012477 0.735598
vt 0.392247 0.224591
vt 0.445752 0.271932
vt 0.386206 0.223120
vt 0.451570 0.270096
vt 0.381885 0.211982
vt 0.465621 0.271887
vt 0.461212 0.273289
vt 0.477794 0.271898
vt 0.473282 0.273534
vt 0.491704 0.270389
vt 0.496370 0.267743
vt 0.508100 0.268969
vt 0.524187 0.267543
vt 0.543347 0.261340
vt 0.539484 0.265524
vt 0.537188 0.270705
vt 0.554283 0.262339
vt 0.552958 0.267916
vt 0.536246 0.277457
vt 0.552513 0.275252
vt 0.568674 0.263965
vt 0.568657 0.271989
vt 0.552454 0.284678
vt 0.536529 0.286305
vt 0.568773 0.282147
vt 0.585265 0.268292
vt 0.585627 0.279219
vt 0.584877 0.259547
vt 0.584585 0.253048
vt 0.569130 0.257963
vt 0.570252 0.253710
vt 0.584483 0.248734
vt 0.556755 0.258092
vt 0.560551 0.254725
vt 0.572095 0.250821
vt 0.549110 0.257630
vt 0.556868 0.254024
vt 0.565639 0.250069
vt 0.559624 0.251099
vt 0.570826 0.245802
vt 0.575220 0.245029
vt 0.554683 0.251245
vt 0.567393 0.246055
vt 0.552162 0.249922
vt 0.565514 0.245201
vt 0.551667 0.247080
vt 0.565161 0.242857
vt 0.537048 0.250359
vt 0.538338 0.245330
vt 0.552727 0.242610
vt 0.540686 0.238571
vt 0.554851 0.236346
vt 0.543446 0.229957
vt 0.557393 0.228132
vt 0.545835 0.219462
vt 0.559538 0.217901
vt 0.547198 0.207202
vt 0.560671 0.205767
vt 0.547208 0.192670
vt 0.560942 0.191927
vt 0.532867 0.190784
vt 0.531750 0.172591
vt 0.545618 0.173637
vt 0.518105 0.170707
vt 0.516125 0.152940
vt 0.529735 0.154115
vt 0.502967 0.151407
vt 0.500618 0.133693
vt 0.513712 0.134870
vt 0.491288 0.150123
vt 0.488796 0.132516
vt 0.294782 0.105117
vt 0.286840 0.088077
vt 0.286794 0.109509
vt 0.279079 0.092312
vt 0.276527 0.115427
vt 0.268761 0.098160
vt 0.264774 0.122125
vt 0.256789 0.104786
vt 0.252235 0.128909
vt 0.244123 0.111306
vt 0.260172 0.146019
vt 0.246693 0.152749
vt 0.238725 0.135588
vt 0.253957 0.168403
vt 0.239497 0.173451
vt 0.232231 0.158734
vt 0.244928 0.185313
vt 0.622654 0.173489
vt 0.621510 0.164975
vt 0.623887 0.177921
vt 0.614701 0.188329
vt 0.612335 0.182701
vt 0.617414 0.190957
vt 0.609550 0.199739
vt 0.612156 0.201986
vt 0.604378 0.210535
vt 0.602265 0.206845
vt 0.605649 0.212339
vt 0.597121 0.221256
vt 0.596691 0.218468
vt 0.597402 0.221864
vt 0.588073 0.231026
vt 0.587945 0.229736
vt 0.589193 0.231035
vt 0.578879 0.239350
vt 0.577527 0.238974
vt 0.581568 0.239038
vt 0.577336 0.237125
vt 0.578123 0.233390
vt 0.588293 0.226346
vt 0.566120 0.238794
vt 0.567998 0.232826
vt 0.579508 0.227621
vt 0.570133 0.224802
vt 0.580807 0.219837
vt 0.571685 0.214686
vt 0.581356 0.210156
vt 0.572183 0.202515
vt 0.581064 0.198389
vt 0.572031 0.188123
vt 0.580021 0.183757
vt 0.569350 0.169641
vt 0.577496 0.166213
vt 0.558562 0.172597
vt 0.555987 0.153222
vt 0.567009 0.150584
vt 0.543319 0.154467
vt 0.540515 0.135528
vt 0.552711 0.134040
vt 0.527242 0.135643
vt 0.524544 0.117398
vt 0.537442 0.117128
vt 0.511341 0.116765
vt 0.509513 0.098816
vt 0.522176 0.099507
vt 0.498479 0.115600
vt 0.497065 0.097456
vt 0.486732 0.114271
vt 0.485618 0.095774
vt 0.278536 0.071072
vt 0.270123 0.054507
vt 0.271221 0.074997
vt 0.263286 0.058114
vt 0.261121 0.080648
vt 0.253685 0.063449
vt 0.249009 0.087207
vt 0.241645 0.069797
vt 0.236050 0.093649
vt 0.228381 0.076094
vt 0.222445 0.099492
vt 0.214451 0.081733
vt 0.230595 0.117629
vt 0.215903 0.123846
vt 0.207846 0.105174
vt 0.224132 0.141965
vt 0.620183 0.134019
vt 0.620037 0.114066
vt 0.620686 0.151449
vt 0.607942 0.156886
vt 0.606592 0.138363
vt 0.609891 0.172165
vt 0.596801 0.160374
vt 0.594543 0.141901
vt 0.589564 0.161697
vt 0.587274 0.143232
vt 0.583791 0.163490
vt 0.581392 0.144987
vt 0.575049 0.147500
vt 0.572514 0.128309
vt 0.579135 0.125595
vt 0.564032 0.131425
vt 0.560057 0.113042
vt 0.569569 0.109540
vt 0.549150 0.115654
vt 0.545683 0.097927
vt 0.555997 0.095515
vt 0.534423 0.099246
vt 0.532527 0.081935
vt 0.543029 0.080847
vt 0.520990 0.082140
vt 0.521564 0.065506
vt 0.532590 0.065217
vt 0.508910 0.081413
vt 0.509929 0.065138
vt 0.496966 0.079864
vt 0.498444 0.063773
vt 0.485872 0.077831
vt 0.487834 0.061534
vt 0.261867 0.038930
vt 0.253957 0.024983
vt 0.255531 0.042463
vt 0.248233 0.028962
vt 0.246601 0.047440
vt 0.240238 0.033573
vt 0.234822 0.053345
vt 0.228889 0.038725
vt 0.221433 0.059096
vt 0.215552 0.043538
vt 0.207190 0.064203
vt 0.201256 0.047516
vt 0.192541 0.068420
vt 0.186574 0.050686
vt 0.199920 0.086670
vt 0.617069 0.069512
vt 0.609567 0.047268
vt 0.619731 0.092271
vt 0.605345 0.096638
vt 0.603275 0.074996
vt 0.605730 0.118028
vt 0.593509 0.121443
vt 0.592932 0.100629
vt 0.585434 0.123517
vt 0.583037 0.103679
vt 0.576394 0.106318
vt 0.572919 0.088090
vt 0.580123 0.084644
vt 0.565277 0.092054
vt 0.561481 0.076001
vt 0.568786 0.072553
vt 0.552610 0.078896
vt 0.550950 0.063707
vt 0.542411 0.064596
vt 0.544043 0.049284
vt 0.551763 0.049918
vt 0.534593 0.049173
vt 0.537525 0.034853
vt 0.547107 0.036094
vt 0.523713 0.049711
vt 0.526377 0.035309
vt 0.512257 0.050331
vt 0.501200 0.049809
vt 0.491296 0.047671
vt 0.245600 0.013764
vt 0.235379 0.006503
vt 0.222565 0.003906
vt 0.207701 0.004444
vt 0.208259 0.012659
vt 0.209077 0.020510
vt 0.193930 0.015060
vt 0.192536 0.006541
vt 0.195086 0.022822
vt 0.211348 0.030353
vt 0.197258 0.033224
vt 0.181226 0.024240
vt 0.182850 0.035275
vt 0.582203 0.014059
vt 0.568743 0.008048
vt 0.597575 0.027407
vt 0.587531 0.037757
vt 0.576378 0.026078
vt 0.597196 0.054725
vt 0.585761 0.062080
vt 0.578613 0.047102
vt 0.590608 0.080348
vt 0.575952 0.068220
vt 0.570305 0.036956
vt 0.563012 0.031399
vt 0.566578 0.020291
vt 0.556644 0.028111
vt 0.554198 0.038308
vt 0.549313 0.025489
vt 0.539726 0.023436
vt 0.527790 0.023557
vt 0.526909 0.013793
vt 0.588724 0.220938
vt 0.595824 0.213832
vt 0.584490 0.246164
vt 0.026304 0.710066
vt 0.021033 0.720311
vt 0.024344 0.718485
vt 0.019213 0.728432
vt 0.022230 0.729340
vt 0.017428 0.739159
vt 0.015901 0.752394
vt 0.009983 0.776267
vt 0.837954 0.936443
vt 0.833070 0.930475
vt 0.810269 0.931065
vt 0.809219 0.925117
vt 0.830690 0.924311
vt 0.786005 0.923689
vt 0.789270 0.919117
vt 0.764332 0.916867
vt 0.771484 0.911018
vt 0.796372 0.912552
vt 0.743431 0.907222
vt 0.752646 0.898741
vt 0.781235 0.902558
vt 0.722350 0.892220
vt 0.732119 0.882563
vt 0.762469 0.888292
vt 0.702693 0.873831
vt 0.712403 0.865238
vt 0.741388 0.872634
vt 0.687674 0.854425
vt 0.696053 0.847363
vt 0.720299 0.857292
vt 0.677848 0.834659
vt 0.684392 0.829190
vt 0.702343 0.841008
vt 0.671832 0.815975
vt 0.726207 0.850276
vt 0.754246 0.856724
vt 0.748710 0.864011
vt 0.778477 0.868259
vt 0.771397 0.877422
vt 0.800393 0.881020
vt 0.791321 0.892213
vt 0.817102 0.895160
vt 0.806428 0.904557
vt 0.614395 0.795037
vt 0.599413 0.792543
vt 0.607366 0.814485
vt 0.592636 0.815162
vt 0.583755 0.790721
vt 0.606236 0.838989
vt 0.597343 0.845238
vt 0.580063 0.820366
vt 0.620366 0.866532
vt 0.618281 0.878479
vt 0.592675 0.857688
vt 0.646959 0.894137
vt 0.030638 0.950588
vt 0.049393 0.966053
vt 0.680169 0.920177
vt 0.023669 0.915947
vt 0.035724 0.933270
vt 0.016017 0.896541
vt 0.025033 0.881326
vt 0.032099 0.898804
vt 0.020762 0.862494
vt 0.031044 0.846717
vt 0.035284 0.863966
vt 0.027534 0.828775
vt 0.038872 0.813126
vt 0.042708 0.829998
vt 0.035075 0.795814
vt 0.047116 0.780428
vt 0.051196 0.796971
vt 0.043392 0.764201
vt 0.056577 0.749786
vt 0.060317 0.764989
vt 0.053553 0.735599
vt 0.068512 0.723089
vt 0.071291 0.735905
vt 0.066720 0.711940
vt 0.083375 0.702295
vt 0.084890 0.711511
vt 0.082854 0.694999
vt 0.087353 0.723031
vt 0.090563 0.736702
vt 0.074819 0.750234
vt 0.094361 0.752412
vt 0.078908 0.766010
vt 0.064496 0.781042
vt 0.083388 0.783148
vt 0.068862 0.797687
vt 0.055287 0.813447
vt 0.073364 0.814533
vt 0.059484 0.829602
vt 0.046800 0.846273
vt 0.064479 0.845304
vt 0.052241 0.861870
vt 0.041562 0.880220
vt 0.060283 0.876529
vt 0.051054 0.895152
vt 0.042786 0.914577
vt 0.064169 0.908417
vt 0.057313 0.928383
vt 0.051704 0.948054
vt 0.075168 0.939632
vt 0.070938 0.959789
vt 0.592128 0.875061
vt 0.092518 0.968269
vt 0.092429 0.987315
vt 0.572064 0.832065
vt 0.116196 0.993474
vt 0.557076 0.802997
vt 0.568859 0.793977
vt 0.115541 0.973574
vt 0.116390 0.953186
vt 0.095182 0.947930
vt 0.098476 0.927573
vt 0.117645 0.932699
vt 0.080361 0.919401
vt 0.085448 0.900327
vt 0.101487 0.907731
vt 0.071469 0.889667
vt 0.071132 0.860288
vt 0.083871 0.847581
vt 0.078243 0.831223
vt 0.092882 0.820523
vt 0.097568 0.839096
vt 0.088097 0.801197
vt 0.103201 0.789587
vt 0.107567 0.811692
vt 0.098634 0.770180
vt 0.111655 0.832564
vt 0.115268 0.852219
vt 0.117948 0.871378
vt 0.119205 0.891452
vt 0.118710 0.911990
vt 0.455233 0.274800
vt 0.013698 0.727291
vt 0.466994 0.274837
vt 0.481318 0.275595
vt 0.913180 0.903477
vt 0.916196 0.914908
vt 0.054504 0.677335
vt 0.508834 0.296540
vt 0.510068 0.323601
vt 0.509707 0.308939
vt 0.380094 0.311851
vt 0.920927 0.770221
vt 0.386252 0.246957
vt 0.917979 0.864097
vt 0.920694 0.840994
vt 0.921497 0.818908
vt 0.510448 0.339053
vt 0.920824 0.741688
vt 0.041333 0.682498
vt 0.428706 0.489463
vt 0.229486 0.691980
vt 0.459006 0.395515
vt 0.211374 0.674733
vt 0.248599 0.696011
vt 0.912090 0.572408
vt 0.168459 0.660006
vt 0.499327 0.387897
vt 0.508448 0.367560
vt 0.136566 0.663357
vt 0.391259 0.375038
vt 0.921497 0.686154
vt 0.403807 0.445535
vt 0.913306 0.591742
vt 0.395508 0.430669
vt 0.921333 0.662607
vt 0.197324 0.662384
vt 0.842652 0.263207
vt 0.937235 0.232494
vt 0.843580 0.243414
vt 0.846083 0.224066
vt 0.887248 0.284400
vt 0.014234 0.261343
vt 0.970158 0.466479
vt 0.964723 0.457352
vt 0.959502 0.444754
vt 0.955303 0.428898
vt 0.952445 0.410937
vt 0.950338 0.392227
vt 0.948182 0.373478
vt 0.022664 0.388793
vt 0.025847 0.408129
vt 0.941693 0.188780
vt 0.940462 0.210205
vt 0.840999 0.342987
vt 0.940155 0.147187
vt 0.020831 0.266916
vt 0.858281 0.444648
vt 0.937583 0.031611
vt 0.926514 0.015440
vt 0.910263 0.006958
vt 0.995979 0.188675
vt 0.982581 0.189332
vt 0.964105 0.205696
vt 0.014040 0.551716
vt 0.956748 0.218976
vt 0.949240 0.235502
vt 0.943479 0.254086
vt 0.940387 0.273435
vt 0.939793 0.292999
vt 0.940870 0.313427
vt 0.941525 0.079890
vt 0.840611 0.400001
vt 0.836465 0.380449
vt 0.973822 0.190298
vt 0.141115 0.996094
vt 0.545314 0.816649
vt 0.566739 0.848895
vt 0.070149 0.978137
vt 0.620093 0.895467
vt 0.015732 0.931258
vt 0.709408 0.926565
vt 0.649941 0.910277
vt 0.004273 0.820068
vt 0.004196 0.800480
vt 0.859668 0.933320
vt 0.003971 0.739665
vt 0.004536 0.730797
vt 0.003906 0.751578
vt 0.878857 0.928485
vt 0.737476 0.930930
vt 0.003982 0.862532
vt 0.004301 0.840802
vt 0.166391 0.994605
vt 0.552570 0.663572
vt 0.535302 0.698184
vt 0.232598 0.966716
vt 0.249243 0.951142
vt 0.264024 0.933016
vt 0.288992 0.866037
vt 0.679543 0.565757
vt 0.650977 0.577342
vt 0.268004 0.763616
vt 0.272509 0.782140
vt 0.263487 0.746235
vt 0.914864 0.559697
vt 0.905696 0.555809
vt 0.892983 0.549883
vt 0.876531 0.543608
vt 0.286593 0.843163
vt 0.282006 0.821834
vt 0.277149 0.801574
vt 0.559118 0.006890
vt 0.167694 0.024817
vt 0.524813 0.004268
vt 0.178973 0.009656
vt 0.177906 0.072062
vt 0.172138 0.053317
vt 0.168650 0.036819
vt 0.509295 0.011020
vt 0.497208 0.022216
vt 0.489055 0.033721
vt 0.479313 0.059264
vt 0.483342 0.045303
vt 0.201073 0.129816
vt 0.192842 0.110796
vt 0.185055 0.091360
vt 0.476645 0.094263
vt 0.477086 0.075891
vt 0.224852 0.177767
vt 0.217678 0.164117
vt 0.209450 0.147813
vt 0.479644 0.131671
vt 0.477662 0.113175
vt 0.234976 0.199121
vt 0.233236 0.194501
vt 0.230092 0.187843
vt 0.484707 0.165792
vt 0.482151 0.149270
vt 0.455802 0.268829
vt 0.378892 0.210398
vt 0.385518 0.213725
vt 0.390814 0.215741
vt 0.235892 0.206584
vt 0.236480 0.204809
vt 0.236073 0.202568
vt 0.486826 0.195758
vt 0.486537 0.181208
vt 0.371545 0.206920
vt 0.375671 0.208813
vt 0.789341 0.198261
vt 0.039655 0.220843
vt 0.832859 0.203529
vt 0.841092 0.205805
vt 0.021228 0.233854
vt 0.030268 0.227748
vt 0.758241 0.200054
vt 0.774965 0.199716
vt 0.995979 0.468395
vt 0.003906 0.252795
vt 0.991688 0.460315
vt 0.986047 0.450682
vt 0.214303 0.214127
vt 0.638928 0.185487
vt 0.201872 0.210481
vt 0.184742 0.203029
vt 0.163811 0.194532
vt 0.718827 0.198911
vt 0.739182 0.199190
vt 0.871207 0.254371
vt 0.865378 0.239153
vt 0.861463 0.221718
vt 0.859314 0.203478
vt 0.858048 0.185266
vt 0.857238 0.167089
vt 0.961574 0.333657
vt 0.635449 0.184071
vt 0.231224 0.211136
vt 0.233956 0.208778
vt 0.484885 0.209767
vt 0.480435 0.223230
vt 0.357826 0.199672
vt 0.365843 0.204170
vt 0.169858 0.011729
vt 0.347558 0.191994
vt 0.697907 0.199371
vt 0.518078 0.661857
vt 0.268219 0.719204
vt 0.488567 0.661457
vt 0.295670 0.724240
vt 0.264316 0.689187
vt 0.263751 0.674667
vt 0.265251 0.702233
vt 0.311391 0.723955
vt 0.325656 0.721853
vt 0.336819 0.717462
vt 0.439454 0.616854
vt 0.349702 0.699734
vt 0.266715 0.640007
vt 0.270186 0.620454
vt 0.264423 0.658374
vt 0.438850 0.592034
vt 0.356517 0.672586
vt 0.278050 0.583191
vt 0.281373 0.568040
vt 0.274150 0.601113
vt 0.444054 0.558336
vt 0.362612 0.637652
vt 0.285125 0.549088
vt 0.285689 0.544006
vt 0.283754 0.556707
vt 0.452986 0.522777
vt 0.369576 0.601513
vt 0.453004 0.405874
vt 0.418131 0.494508
vt 0.422750 0.492207
vt 0.438362 0.396588
vt 0.285533 0.538368
vt 0.284668 0.536857
vt 0.285794 0.540533
vt 0.461448 0.491307
vt 0.377657 0.567169
vt 0.410153 0.499071
vt 0.459416 0.413983
vt 0.796369 0.524987
vt 0.093523 0.592995
vt 0.856348 0.524290
vt 0.021119 0.587139
vt 0.034325 0.589692
vt 0.051480 0.591394
vt 0.755242 0.515463
vt 0.135547 0.591800
vt 0.893896 0.003906
vt 0.865226 0.523813
vt 0.993812 0.197463
vt 0.885147 0.022466
vt 0.269780 0.533228
vt 0.620961 0.509289
vt 0.629021 0.507111
vt 0.236954 0.555812
vt 0.657637 0.505438
vt 0.715693 0.509133
vt 0.696375 0.507820
vt 0.877491 0.035894
vt 0.869005 0.052759
vt 0.862441 0.071633
vt 0.858937 0.090893
vt 0.857644 0.109914
vt 0.857176 0.129128
vt 0.275253 0.532899
vt 0.279495 0.533825
vt 0.282708 0.535316
vt 0.467694 0.462695
vt 0.382015 0.535778
vt 0.399311 0.506688
vt 0.392342 0.513222
vt 0.270108 0.724218
vt 0.385568 0.522713
vt 0.676356 0.505685
vn -0.411023 -0.887277 -0.209285
vn -0.373446 -0.912127 -0.169003
vn -0.713636 -0.679901 -0.168695
vn -0.686569 -0.659431 -0.306226
vn -0.706374 -0.503284 -0.497736
vn -0.551606 -0.727614 -0.407810
vn -0.517041 -0.773707 -0.366123
vn -0.382686 -0.912379 -0.145314
vn -0.221509 -0.970925 -0.090769
vn -0.178977 -0.977495 -0.111674
vn -0.215593 -0.975642 -0.040538
vn -0.130586 -0.990612 -0.040433
vn -0.131811 -0.991074 0.019967
vn -0.015909 -0.999828 -0.009487
vn -0.054343 -0.995930 -0.071911
vn -0.184472 -0.982155 -0.036622
vn -0.141741 -0.989577 -0.025437
vn -0.189601 -0.981860 0.001725
vn -0.286613 -0.956181 0.059762
vn -0.642584 0.714301 -0.277235
vn -0.764063 0.504212 -0.402465
vn -0.828024 0.499822 -0.254076
vn -0.759504 0.615611 -0.210182
vn -0.675838 0.628369 -0.385221
vn -0.747109 0.452326 -0.487062
vn -0.476697 0.865360 -0.154635
vn -0.529380 0.798436 -0.286805
vn -0.497553 0.857073 -0.133670
vn -0.347486 0.936993 -0.036034
vn -0.679415 0.722900 -0.125743
vn -0.796528 0.188380 -0.574505
vn -0.791596 0.503680 -0.345950
vn -0.857418 0.431974 -0.279702
vn -0.811865 0.334333 -0.478641
vn -0.615481 -0.335455 -0.713199
vn -0.560917 -0.357364 -0.746769
vn -0.719312 0.273095 -0.638757
vn -0.773164 0.271927 -0.572952
vn -0.781165 0.023242 -0.623892
vn -0.667433 -0.403046 -0.626168
vn -0.534656 0.378155 0.755739
vn -0.248126 0.675969 0.693901
vn -0.471561 0.644454 0.601921
vn -0.642161 0.325431 0.694063
vn -0.515297 0.164024 0.841169
vn -0.148167 0.471816 0.869159
vn -0.668809 0.043542 0.742158
vn -0.019537 0.940675 0.338746
vn -0.143234 0.909654 0.389890
vn -0.094877 0.863236 0.495805
vn 0.011610 0.888535 0.458662
vn 0.023683 0.910131 0.413642
vn 0.019634 0.974335 0.224246
vn 0.020424 0.990021 0.139433
vn 0.031394 0.885354 0.463857
vn 0.889816 0.223339 0.397929
vn 0.703476 0.601165 0.379107
vn 0.635298 0.655935 0.407610
vn 0.845087 0.289995 0.449146
vn 0.865473 0.337890 0.369847
vn 0.723743 0.577613 0.377571
vn 0.924233 -0.148372 0.351822
vn 0.952184 -0.126999 0.277880
vn 0.788468 -0.532461 0.307903
vn 0.698079 -0.683654 0.212844
vn 0.802064 -0.460151 0.380729
vn 0.719572 -0.679344 0.143901
vn -0.946723 0.290009 -0.140039
vn -0.802600 0.384028 -0.456459
vn -0.904054 -0.236444 -0.356064
vn -0.984935 -0.159529 0.066734
vn -0.836460 0.547787 -0.016222
vn -0.602359 0.718834 -0.347049
vn -0.935760 0.177944 0.304449
vn 0.383410 0.368457 0.846898
vn 0.350074 0.449981 0.821563
vn 0.310366 0.535270 0.785595
vn 0.345919 0.387678 0.854427
vn 0.359406 0.293648 0.885775
vn 0.401084 0.303156 0.864424
vn 0.377753 0.337517 0.862198
vn -0.754982 0.079662 0.650889
vn -0.748215 0.272188 0.605052
vn -0.878874 0.019544 0.476653
vn -0.856706 -0.161738 0.489791
vn -0.900060 -0.159912 0.405364
vn -0.849733 -0.050596 0.524779
vn -0.819764 0.061644 0.569374
vn -0.724478 0.195284 0.661056
vn 0.523176 -0.479129 0.704786
vn 0.182414 -0.865062 0.467325
vn 0.215254 -0.947096 0.238066
vn 0.605020 -0.492871 0.625323
vn 0.560152 0.220397 0.798533
vn 0.301125 -0.255865 0.918617
vn 0.644818 0.371089 0.668208
vn -0.875442 -0.481462 0.042371
vn -0.883288 -0.466987 0.041530
vn -0.902772 -0.411213 0.126119
vn -0.963471 -0.241070 0.116660
vn -0.893599 -0.448427 0.019844
vn -0.883355 -0.468001 0.025671
vn -0.997580 -0.060898 0.033560
vn -0.505096 -0.805627 0.309588
vn -0.571441 -0.696330 0.434257
vn -0.799395 -0.167805 0.576896
vn -0.776088 -0.475201 0.414574
vn -0.236251 -0.967987 0.084780
vn -0.237500 -0.965101 0.110337
vn -0.469842 -0.866686 0.167642
vn -0.954626 -0.285004 -0.086381
vn -0.778893 -0.625566 -0.044635
vn -0.913495 -0.367143 -0.175309
vn -0.974562 -0.144306 -0.171478
vn -0.963763 -0.253425 -0.083287
vn -0.877353 -0.479537 0.017183
vn -0.618318 -0.785176 0.034370
vn -0.551147 0.533560 0.641522
vn -0.248767 0.687842 0.681901
vn -0.491763 0.758309 0.427944
vn -0.751044 0.513445 0.415099
vn -0.533816 0.357208 0.766449
vn -0.104822 0.470356 0.876229
vn -0.830993 0.267397 0.487802
vn -0.059981 -0.997920 -0.023612
vn -0.165490 -0.985890 0.025199
vn -0.166154 -0.984521 0.055779
vn -0.053831 -0.998536 -0.005224
vn -0.012849 -0.999385 -0.032644
vn -0.019860 -0.998964 -0.040957
vn -0.022050 -0.998878 -0.041906
vn -0.041316 -0.998410 -0.038344
vn -0.110160 -0.993561 -0.026468
vn -0.206565 -0.978420 0.004947
vn -0.069069 -0.996949 -0.036369
vn -0.092606 0.971244 -0.219336
vn -0.120710 0.962556 -0.242726
vn -0.141444 0.964326 -0.223760
vn -0.097250 0.976902 -0.190279
vn -0.056877 0.975311 -0.213384
vn -0.084300 0.967190 -0.239660
vn -0.050635 0.983704 -0.172520
vn 0.042973 -0.999022 0.010448
vn 0.037516 -0.999125 0.018502
vn 0.109184 -0.992670 0.051820
vn 0.099657 -0.994369 0.036043
vn 0.010145 -0.999941 0.003819
vn 0.002845 -0.999980 0.005707
vn 0.042208 -0.998940 0.018367
vn -0.177750 0.976833 -0.119175
vn -0.173596 0.970819 -0.165453
vn -0.209749 0.961803 -0.175898
vn -0.204299 0.972236 -0.114103
vn -0.135049 0.987699 -0.078824
vn -0.121313 0.984543 -0.126328
vn -0.164480 0.984557 -0.059956
vn -0.194391 0.974143 -0.115143
vn -0.165166 0.983983 -0.067064
vn -0.123198 0.991721 -0.036227
vn -0.119063 0.992429 -0.030152
vn -0.097252 0.993871 -0.052559
vn -0.074229 0.997183 -0.010820
vn -0.060219 0.997625 -0.033435
vn -0.052234 0.996396 -0.066836
vn -0.085559 0.992157 -0.091126
vn -0.051498 0.993343 -0.103046
vn -0.088554 0.987685 -0.128985
vn -0.130358 0.977590 -0.165304
vn -0.172224 0.964673 -0.199359
vn -0.094473 0.982227 -0.162187
vn -0.138816 0.970471 -0.197270
vn -0.170121 0.959278 -0.225490
vn -0.161008 0.957059 -0.241070
vn -0.171499 0.955765 -0.238960
vn -0.185594 0.953752 -0.236457
vn -0.198010 0.956247 -0.215368
vn -0.175779 0.957276 -0.229618
vn -0.188049 0.958318 -0.215091
vn -0.199705 0.964470 -0.172959
vn -0.120764 0.973136 -0.196019
vn -0.134697 0.977268 -0.163718
vn -0.134749 0.983704 -0.119032
vn 0.028613 0.991322 -0.128307
vn 0.000836 0.993462 -0.114160
vn -0.004005 0.992079 -0.125551
vn -0.118875 0.989022 -0.087776
vn 0.001495 0.991201 -0.132355
vn -0.094709 0.993398 -0.064729
vn 0.002912 0.991230 -0.132120
vn -0.062631 0.996962 -0.046315
vn -0.077928 0.996842 -0.015265
vn -0.022112 0.999303 -0.030084
vn -0.032611 0.999468 0.000436
vn -0.032679 0.999463 0.002535
vn 0.009545 0.999866 0.013273
vn 0.004420 0.999909 0.012713
vn 0.002620 0.999937 -0.010892
vn -0.026381 0.999444 -0.020391
vn -0.000639 0.999157 -0.041054
vn -0.023370 0.998409 -0.051325
vn -0.005239 0.996928 -0.078148
vn -0.023795 0.995855 -0.087788
vn -0.011149 0.992849 -0.118851
vn -0.025637 0.991610 -0.126701
vn -0.052249 0.988989 -0.138461
vn -0.029255 0.985559 -0.166783
vn -0.019097 0.986863 -0.160426
vn -0.030791 0.979940 -0.196901
vn -0.040472 0.977832 -0.205443
vn -0.045379 0.975158 -0.216811
vn -0.060816 0.971821 -0.227740
vn -0.058021 0.975795 -0.210851
vn -0.079471 0.971643 -0.222699
vn -0.106673 0.965883 -0.235989
vn -0.091886 0.977408 -0.190341
vn -0.121897 0.970150 -0.209642
vn -0.150045 0.962008 -0.228096
vn -0.137794 0.959830 -0.244418
vn -0.138922 0.976626 -0.164018
vn -0.158372 0.967511 -0.197080
vn -0.167293 0.960990 -0.220254
vn -0.102946 0.989412 -0.102305
vn -0.095098 0.983823 -0.151821
vn -0.104328 0.976487 -0.188650
vn 0.131906 0.990794 0.030450
vn 0.113791 0.991858 -0.057174
vn 0.070824 0.989560 -0.125516
vn 0.598019 0.769204 0.225163
vn 0.567599 0.818971 0.084367
vn 0.496695 0.867920 0.002842
vn 0.862812 0.440025 0.248864
vn 0.857005 0.495856 0.140244
vn 0.848906 0.528544 0.000501
vn 0.450243 0.890496 -0.065561
vn 0.751848 0.626563 -0.205288
vn 0.406413 0.894079 -0.188288
vn 0.549335 0.750853 -0.366676
vn 0.291579 0.914354 -0.280961
vn 0.343047 0.820612 -0.457072
vn 0.178009 0.929758 -0.322276
vn 0.183532 0.843878 -0.504169
vn 0.099142 0.938435 -0.330924
vn 0.013790 0.991960 -0.125796
vn 0.063131 0.941067 -0.332276
vn 0.037572 0.992210 -0.118775
vn 0.020075 0.999674 -0.015803
vn 0.057325 0.991313 -0.118372
vn 0.056641 0.998390 -0.003018
vn 0.044906 0.998692 0.024458
vn 0.034608 0.999183 0.020897
vn 0.025492 0.999671 -0.002955
vn 0.016221 0.999310 -0.033421
vn 0.006798 0.997475 -0.070695
vn -0.003347 0.993734 -0.111725
vn -0.014060 0.988050 -0.153489
vn -0.024669 0.981602 -0.189337
vn -0.034108 0.977385 -0.208697
vn -0.041075 0.978346 -0.202858
vn -0.044071 0.984832 -0.167821
vn -0.065229 0.982290 -0.175644
vn -0.040864 0.993887 -0.102561
vn -0.066786 0.991651 -0.110305
vn -0.102837 0.985908 -0.131944
vn -0.058514 0.998287 -0.000119
vn -0.097334 0.994973 -0.023577
vn -0.116785 0.991509 -0.057188
vn -0.042314 0.976324 0.212135
vn -0.013605 0.985463 0.169345
vn 0.074972 0.991394 0.107318
vn 0.243983 0.766899 0.593581
vn 0.435015 0.752751 0.494093
vn 0.561057 0.747216 0.356206
vn 0.631463 0.328410 0.702425
vn 0.769030 0.345929 0.537518
vn 0.837814 0.384859 0.387235
vn 0.765269 0.298129 0.570510
vn 0.828792 0.377223 0.413289
vn 0.837930 0.474166 0.270258
vn 0.688349 0.613335 0.387293
vn 0.617714 0.754488 0.221757
vn 0.499476 0.863301 0.072359
vn 0.809444 0.570403 0.139430
vn 0.397752 0.916416 -0.044446
vn 0.737510 0.675261 -0.010091
vn 0.338191 0.931674 -0.132704
vn 0.612492 0.773016 -0.165223
vn 0.282040 0.938930 -0.197139
vn 0.469834 0.832776 -0.292813
vn 0.188838 0.959127 -0.210749
vn 0.319238 0.865304 -0.386440
vn 0.093721 0.981470 -0.167132
vn 0.177050 0.877546 -0.445608
vn 0.040190 0.990245 -0.133419
vn 0.076336 0.868748 -0.489337
vn 0.082760 0.847627 -0.524099
vn 0.011741 0.855185 -0.518190
vn 0.017498 0.842534 -0.538359
vn 0.038480 0.937235 -0.346569
vn 0.016544 0.987594 -0.156155
vn 0.018799 0.969256 0.245335
vn 0.018282 0.897337 0.440968
vn 0.014455 0.887408 0.460758
vn 0.005544 0.958742 0.284223
vn 0.006009 0.968154 0.250285
vn -0.047045 0.994789 -0.090449
vn -0.000090 0.995453 -0.095254
vn -0.069505 0.933967 -0.350534
vn 0.001007 0.939448 -0.342689
vn -0.070685 0.880701 -0.468370
vn 0.004817 0.888848 -0.458177
vn -0.062688 0.875927 -0.478353
vn 0.009200 0.885612 -0.464335
vn -0.049824 0.894834 -0.443610
vn 0.015219 0.905859 -0.423305
vn -0.162806 0.872851 -0.460028
vn -0.159805 0.855756 -0.492081
vn -0.148402 0.869129 -0.471796
vn -0.140579 0.887659 -0.438519
vn -0.037472 0.907331 -0.418744
vn -0.309903 0.822862 -0.476296
vn -0.304416 0.815307 -0.492549
vn -0.303911 0.832859 -0.462585
vn -0.322987 0.870436 -0.371511
vn -0.158853 0.918381 -0.362412
vn -0.524237 0.705552 -0.476836
vn -0.516484 0.704681 -0.486487
vn -0.525525 0.741367 -0.417369
vn -0.346615 0.914207 -0.209963
vn -0.689255 0.525399 -0.498882
vn -0.677796 0.557142 -0.479777
vn -0.777820 0.364321 -0.512120
vn -0.745768 0.386901 -0.542345
vn -0.816337 0.212012 -0.537257
vn -0.768959 0.225253 -0.598300
vn -0.835188 -0.030918 -0.549095
vn -0.781006 -0.037511 -0.623396
vn -0.756804 -0.458924 -0.465442
vn -0.680369 -0.484575 -0.549804
vn -0.504648 -0.806597 -0.307786
vn -0.421504 -0.813297 -0.401101
vn -0.354839 -0.804170 -0.476866
vn -0.198255 -0.943937 -0.263965
vn -0.140692 -0.944287 -0.297535
vn -0.086911 -0.950333 -0.298854
vn -0.274689 -0.811569 -0.515657
vn -0.048259 -0.964801 -0.258513
vn -0.215259 -0.849416 -0.481825
vn -0.033618 -0.981611 -0.187908
vn -0.210833 -0.896102 -0.390578
vn -0.602176 -0.398507 -0.691792
vn -0.250144 -0.923434 -0.291027
vn -0.693712 -0.407857 -0.593647
vn -0.743653 0.367472 -0.558520
vn -0.715061 0.334423 -0.613880
vn -0.624562 0.646621 -0.437954
vn -0.632693 0.637119 -0.440205
vn -0.685185 0.600914 -0.411612
vn -0.522268 0.783661 -0.336321
vn -0.579873 0.775296 -0.250327
vn -0.717005 0.686876 -0.118764
vn -0.850287 0.526150 -0.013323
vn -0.371501 0.920702 -0.119561
vn -0.542291 0.838286 0.056546
vn -0.761060 0.614898 0.206609
vn -0.894906 0.375383 0.241310
vn -0.902685 0.430033 0.015201
vn -0.271442 0.941147 0.201401
vn -0.614460 0.692316 0.378334
vn -0.857381 0.322431 0.401169
vn -0.952893 0.045207 0.299919
vn -0.953937 0.224729 0.198750
vn -0.479932 0.708239 0.517747
vn -0.852989 0.199844 0.482153
vn -0.943705 -0.163177 0.287739
vn -0.934850 -0.343476 0.089890
vn -0.982427 -0.118822 0.143943
vn -0.889666 -0.049579 0.453913
vn -0.912695 -0.382971 0.142550
vn -0.867925 -0.491246 -0.073369
vn -0.795869 -0.534470 -0.284489
vn -0.894846 -0.431676 -0.113608
vn -0.869481 -0.484581 -0.095836
vn -0.809615 -0.499748 -0.307857
vn -0.718118 -0.480125 -0.503772
vn -0.608422 -0.435814 -0.663242
vn -0.691077 -0.512869 -0.509292
vn -0.795242 -0.379537 -0.472802
vn -0.717070 -0.338930 -0.609046
vn -0.636154 -0.326458 -0.699094
vn -0.581776 -0.352249 -0.733115
vn -0.541748 -0.392686 -0.743174
vn -0.795990 -0.204160 -0.569841
vn -0.747538 -0.213608 -0.628935
vn -0.709999 -0.260139 -0.654392
vn -0.861855 -0.083844 -0.500177
vn -0.834439 -0.144846 -0.531725
vn -0.805979 -0.249209 -0.536929
vn -0.680243 -0.348353 -0.644919
vn -0.559011 -0.418902 -0.715562
vn -0.562351 -0.561445 -0.607076
vn -0.571742 -0.502240 -0.648742
vn -0.534712 -0.395857 -0.746579
vn -0.645328 -0.520676 -0.558971
vn -0.737682 -0.472657 -0.482100
vn -0.522998 -0.796370 -0.303757
vn -0.526924 -0.775545 -0.347681
vn -0.248879 -0.961567 -0.115961
vn -0.318508 -0.938412 -0.133924
vn -0.084956 -0.995748 -0.035605
vn -0.139295 -0.989622 -0.035288
vn -0.014732 -0.999847 -0.009393
vn -0.030944 -0.999500 -0.006498
vn -0.066036 -0.997797 -0.006366
vn -0.071972 -0.996924 -0.031023
vn 0.003630 -0.999993 -0.000638
vn -0.000465 -1.000000 -0.000229
vn -0.000099 -0.999986 -0.005325
vn 0.007506 -0.999964 -0.003901
vn -0.045243 -0.998197 -0.039444
vn 0.003432 -0.999994 -0.000988
vn 0.005199 -0.999986 -0.000590
vn 0.006638 -0.999975 0.002575
vn 0.008964 -0.999926 0.008260
vn 0.012932 -0.999907 0.004235
vn 0.000830 -1.000000 0.000462
vn 0.002050 -0.999987 0.004633
vn 0.004665 -0.999903 0.013112
vn 0.009821 -0.999668 0.023840
vn 0.014233 -0.999796 0.014336
vn 0.001371 -0.999973 0.007274
vn 0.003577 -0.999826 0.018317
vn 0.007007 -0.999459 0.032123
vn 0.011147 -0.999002 0.043263
vn 0.017560 -0.999312 0.032681
vn 0.001581 -0.999772 0.021302
vn 0.002233 -0.999355 0.035855
vn 0.002433 -0.998891 0.047028
vn 0.002365 -0.998727 0.050382
vn 0.014961 -0.998786 0.046933
vn 0.017614 -0.998930 0.042754
vn 0.032628 -0.998912 0.033316
vn 0.025980 -0.999009 0.036126
vn 0.002490 -0.998950 0.045757
vn 0.002956 -0.999377 0.035164
vn 0.018875 -0.999282 0.032848
vn 0.018524 -0.999733 0.013803
vn 0.036094 -0.999325 0.006789
vn 0.036355 -0.999034 0.024706
vn 0.003838 -0.999878 0.015126
vn 0.004894 -0.999939 -0.009915
vn 0.017067 -0.999804 -0.010043
vn 0.021068 -0.999228 0.033157
vn 0.047276 -0.998209 0.036653
vn 0.033281 -0.999357 -0.013342
vn 0.002757 -0.999428 0.033719
vn -0.009247 -0.951514 0.307465
vn 0.047998 -0.952741 0.299967
vn 0.111398 -0.161959 0.980490
vn 0.277074 -0.129481 0.952084
vn 0.123428 -0.941270 0.314286
vn -0.034356 -0.133678 0.990429
vn -0.017969 0.613139 0.789770
vn 0.073793 0.599608 0.796884
vn 0.071970 0.572881 0.816473
vn 0.183338 0.571613 0.799779
vn 0.193451 0.585331 0.787378
vn -0.002126 0.583080 0.812412
vn 0.012569 0.319158 0.947618
vn 0.071676 0.330214 0.941181
vn 0.040672 0.150826 0.987723
vn 0.153530 0.223091 0.962631
vn 0.186521 0.363859 0.912588
vn 0.009617 0.101291 0.994810
vn -0.023208 0.059550 0.997956
vn -0.017697 0.142783 0.989596
vn -0.072452 0.112954 0.990955
vn -0.079943 0.203769 0.975750
vn 0.048117 0.298950 0.953055
vn 0.098749 0.235807 0.966770
vn 0.221126 0.358984 0.906771
vn 0.247813 0.295072 0.922779
vn 0.276152 0.274840 0.920980
vn 0.287055 0.386306 0.876565
vn 0.351933 0.312160 0.882439
vn 0.331817 0.377151 0.864670
vn 0.367962 0.378204 0.849450
vn 0.396922 0.309517 0.864091
vn 0.345299 0.371168 0.861976
vn 0.379299 0.305354 0.873436
vn 0.228947 0.354824 0.906468
vn 0.265692 0.300172 0.916136
vn 0.274427 0.347011 0.896813
vn -0.001734 0.257315 0.966326
vn 0.049581 0.230030 0.971920
vn 0.137262 0.156029 0.978169
vn 0.277958 0.436774 0.855551
vn 0.257326 0.056361 0.964680
vn 0.283845 0.513965 0.809489
vn 0.324896 -0.039848 0.944910
vn 0.265314 0.560103 0.784788
vn 0.266074 0.561971 0.783194
vn 0.089141 -0.806116 0.585005
vn 0.161288 -0.907362 0.388176
vn -0.002304 -0.989371 0.145393
vn 0.058888 -0.996507 0.059212
vn -0.018011 -0.999675 0.018027
vn 0.037369 -0.999220 -0.012809
vn -0.011928 -0.999922 0.003833
vn 0.040111 -0.999193 -0.002298
vn -0.003488 -0.999888 0.014561
vn 0.041389 -0.999043 0.014146
vn 0.004336 -0.999746 0.022141
vn 0.038257 -0.999028 0.021917
vn 0.010847 -0.999738 0.020164
vn 0.031622 -0.999242 0.022725
vn 0.014406 -0.999807 0.013399
vn 0.022636 -0.999556 0.019372
vn 0.014768 -0.999851 0.008927
vn -0.067628 -0.997386 0.025462
vn -0.036418 -0.999258 0.012578
vn -0.026403 -0.999601 -0.010064
vn -0.225748 -0.973872 0.024726
vn -0.174681 -0.983628 -0.044297
vn -0.581473 -0.812595 0.039728
vn -0.459556 -0.885563 -0.067721
vn -0.906406 -0.419776 0.047076
vn -0.821860 -0.568733 -0.032988
vn -0.998951 0.041038 0.020306
vn -0.999249 -0.009842 0.037489
vn -0.994071 -0.085560 -0.067102
vn -0.861261 0.505803 0.048909
vn -0.875385 0.476918 0.079062
vn -0.900009 0.434066 -0.039632
vn -0.958814 -0.113135 -0.260531
vn -0.890726 0.391560 -0.230840
vn -0.878253 -0.092467 -0.469171
vn -0.860037 0.316673 -0.400068
vn -0.779612 -0.099455 -0.618315
vn -0.653531 -0.343927 -0.674249
vn -0.728641 -0.193193 -0.657083
vn -0.595222 -0.333952 -0.730881
vn -0.756192 -0.342160 -0.557763
vn -0.606862 -0.420024 -0.674758
vn -0.829122 -0.440142 -0.344720
vn -0.906867 -0.004264 -0.421395
vn -0.959431 -0.143390 -0.242757
vn -0.982871 -0.179865 -0.040159
vn -0.935586 0.312309 -0.164748
vn -0.981860 0.187462 -0.028437
vn -0.982209 0.157163 0.102789
vn -0.834971 0.548687 -0.042032
vn -0.891079 0.453838 -0.002978
vn -0.909252 0.416031 0.013366
vn -0.580323 0.812468 -0.055859
vn -0.494253 0.868429 -0.039304
vn -0.286768 0.957605 -0.027515
vn -0.347928 0.936708 -0.039049
vn -0.735171 0.672070 -0.088577
vn -0.632283 0.770122 -0.084439
vn -0.460825 0.887404 -0.012427
vn -0.842141 0.483229 -0.239351
vn -0.756111 0.625800 -0.191495
vn -0.567187 0.823496 0.012372
vn -0.858466 0.178935 -0.480643
vn -0.700565 0.711719 -0.051620
vn -0.647370 0.755255 0.102478
vn -0.447353 0.845101 0.292712
vn -0.515329 0.840543 0.167101
vn -0.428391 0.828037 0.361712
vn -0.467902 0.849962 0.242142
vn -0.469745 0.878450 0.087554
vn -0.455971 0.855464 0.245505
vn -0.397857 0.913863 0.081024
vn -0.319609 0.947450 -0.013757
vn -0.300183 0.953680 0.019611
vn -0.199441 0.978103 -0.059472
vn -0.155390 0.987247 -0.034610
vn -0.122006 0.986566 -0.108642
vn -0.110437 0.993332 -0.033100
vn -0.163471 0.983831 0.073165
vn -0.206436 0.978402 0.010641
vn -0.252892 0.964104 0.080922
vn -0.195109 0.971227 0.136568
vn -0.242494 0.958332 0.150984
vn -0.248699 0.968478 0.014089
vn -0.327341 0.944302 -0.033779
vn -0.208347 0.957805 -0.197994
vn -0.169318 0.985293 -0.023004
vn -0.093321 0.965425 -0.243406
vn -0.044509 0.925733 -0.375549
vn 0.020734 0.955451 -0.294421
vn 0.035818 0.924846 -0.378653
vn 0.026335 0.916750 -0.398593
vn -0.035656 0.993570 -0.107458
vn -0.219341 0.962889 0.157272
vn -0.104766 0.988927 0.105104
vn -0.211622 0.958684 0.190107
vn -0.132167 0.967182 0.217004
vn -0.144837 0.986000 0.082623
vn -0.087562 0.978979 0.184207
vn -0.052103 0.996459 -0.065988
vn 0.016080 0.998615 0.050091
vn 0.004085 0.988985 -0.147962
vn 0.118032 0.989174 -0.087192
vn -0.010676 0.994984 -0.099460
vn 0.163060 0.978874 -0.123357
vn -0.085848 0.990863 0.104024
vn 0.137989 0.990392 0.009105
vn -0.159308 0.938572 0.306110
vn 0.068364 0.972433 0.222936
vn -0.176995 0.923222 0.341077
vn 0.014315 0.945593 0.325037
vn -0.131776 0.958429 0.253079
vn 0.002802 0.954698 0.297564
vn -0.049220 0.992947 0.107862
vn 0.017023 0.983848 0.178194
vn 0.044929 0.983733 -0.173926
vn 0.049511 0.993525 -0.102260
vn 0.107747 0.899243 -0.423972
vn 0.102743 0.921800 -0.373804
vn 0.110370 0.906229 -0.408128
vn 0.131736 0.914055 -0.383600
vn 0.077938 0.969064 -0.234181
vn 0.120554 0.966942 -0.224700
vn 0.027126 0.999402 0.021469
vn 0.079755 0.996810 0.003082
vn -0.036959 0.950431 0.308732
vn 0.017743 0.962963 0.269051
vn -0.101813 0.790232 0.604291
vn -0.055241 0.809364 0.584704
vn -0.136512 0.532573 0.835303
vn -0.105921 0.519698 0.847759
vn -0.124620 0.313051 0.941525
vn -0.108190 0.251270 0.961852
vn -0.025427 0.573717 0.818659
vn 0.007524 0.392455 0.919740
vn 0.125718 0.627016 0.768795
vn 0.186785 0.457614 0.869310
vn 0.180429 0.675478 0.714965
vn 0.281377 0.495839 0.821566
vn 0.139813 0.714359 0.685670
vn 0.285773 0.522451 0.803355
vn 0.061737 0.735704 0.674484
vn 0.240820 0.536564 0.808768
vn -0.055437 0.734066 0.676811
vn 0.131182 0.526766 0.839827
vn -0.054111 0.318925 0.946234
vn -0.486491 0.235346 0.841391
vn -0.420967 0.105271 0.900946
vn -0.818669 0.108667 0.563891
vn -0.774966 -0.137259 0.616918
vn -0.591318 -0.559957 0.580337
vn -0.321926 -0.148190 0.935095
vn -0.237123 -0.902563 0.359378
vn -0.114824 -0.536833 0.835838
vn -0.623384 -0.740088 0.252314
vn -0.231876 -0.966062 0.113834
vn -0.582745 -0.805562 0.107134
vn -0.207608 -0.977297 0.042301
vn -0.538537 -0.839304 0.074475
vn -0.180732 -0.982844 0.036787
vn -0.486158 -0.870216 0.079842
vn -0.148452 -0.987908 0.044729
vn -0.410763 -0.908513 0.076663
vn -0.108671 -0.993242 0.040762
vn -0.314942 -0.947586 0.053782
vn -0.780197 -0.619723 0.085065
vn -0.694044 -0.716381 0.071427
vn -0.963876 -0.263118 0.041387
vn -0.945683 -0.321670 0.047027
vn -0.998747 0.022078 -0.044917
vn -0.998666 0.039688 -0.033021
vn -0.929009 0.320920 -0.184264
vn -0.904814 0.380565 -0.191003
vn -0.878891 0.468526 -0.089627
vn -0.664107 0.645892 -0.376543
vn -0.594521 0.764393 -0.249496
vn -0.541211 0.840877 -0.004181
vn -0.400714 0.843953 -0.356611
vn -0.352733 0.934019 -0.056465
vn -0.340493 0.916624 0.209438
vn -0.537180 0.824737 0.176768
vn -0.378036 0.868200 0.321429
vn -0.584885 0.785846 0.200887
vn -0.358710 0.906218 0.223823
vn -0.380673 0.847426 0.370078
vn -0.441882 0.866264 0.233081
vn -0.447544 0.804892 0.389683
vn -0.461816 0.801682 0.379515
vn -0.469906 0.790962 0.391877
vn -0.452812 0.814036 0.363741
vn -0.400945 0.894538 0.197596
vn -0.394738 0.866235 0.306300
vn -0.306189 0.946638 0.100619
vn -0.196373 0.978181 -0.067820
vn -0.179096 0.983725 -0.014477
vn -0.101212 0.985418 -0.136779
vn -0.086452 0.988974 -0.120236
vn -0.129930 0.991520 0.002597
vn -0.280013 0.936185 0.212489
vn -0.339020 0.871768 0.353676
vn -0.434943 0.816770 0.379094
vn -0.433368 0.860377 0.268222
vn -0.336613 0.889389 0.309320
vn -0.472122 0.847202 0.243619
vn -0.420576 0.905728 -0.052666
vn -0.359108 0.932840 0.029176
vn -0.418462 0.904274 -0.084724
vn -0.347821 0.836783 -0.422864
vn -0.290034 0.881437 -0.372759
vn -0.359276 0.929542 -0.082904
vn -0.358829 0.837828 -0.411443
vn -0.369732 0.741184 -0.560307
vn -0.289372 0.762102 -0.579193
vn -0.462722 0.733929 -0.497229
vn -0.523342 0.717061 -0.460367
vn -0.397657 0.753247 -0.523916
vn -0.728190 0.592489 -0.344524
vn -0.763977 0.610720 -0.208232
vn -0.557477 0.770573 -0.308928
vn -0.942338 0.321923 -0.091455
vn -0.930650 0.363973 0.037609
vn -0.755340 0.654236 -0.037901
vn -0.999589 0.028674 -0.000449
vn -0.994161 0.070752 0.081477
vn -0.974393 0.135556 0.179393
vn -0.894744 0.417034 0.159735
vn -0.972869 -0.224623 0.055420
vn -0.979429 -0.177634 0.095737
vn -0.979307 -0.108102 0.171090
vn -0.948873 -0.012228 0.315423
vn -0.930857 0.205800 0.301913
vn -0.863407 -0.495172 0.096609
vn -0.889110 -0.431835 0.151666
vn -0.891883 -0.325415 0.314086
vn -0.831386 -0.548800 0.087266
vn -0.839472 0.468450 0.275394
vn -0.637212 0.728680 0.250973
vn -0.712650 0.692631 0.111324
vn -0.428907 0.872757 0.233097
vn -0.509382 0.858567 0.058248
vn -0.549704 0.827266 -0.116004
vn -0.363349 0.931455 0.019207
vn -0.401422 0.899499 -0.172517
vn -0.413684 0.830939 -0.372029
vn -0.285867 0.936692 -0.202209
vn -0.291284 0.869731 -0.398400
vn -0.283139 0.789745 -0.544183
vn -0.150107 0.905176 -0.397648
vn -0.136675 0.841311 -0.522988
vn -0.169991 0.823834 -0.540742
vn -0.001410 0.876713 -0.481012
vn -0.052999 0.899559 -0.433573
vn -0.205588 0.949590 -0.236672
vn 0.013113 0.955855 -0.293545
vn -0.128200 0.990603 -0.047650
vn -0.261257 0.953902 0.147701
vn 0.074312 0.888783 -0.452263
vn 0.057850 0.912886 -0.404095
vn -0.022272 0.918983 -0.393668
vn -0.055529 0.974605 -0.216938
vn 0.018394 0.973544 -0.227757
vn -0.164585 0.963349 -0.211827
vn -0.148061 0.988923 0.010437
vn -0.063311 0.997586 0.028543
vn -0.253817 0.967247 0.003067
vn -0.174293 0.957775 0.228670
vn -0.076190 0.961938 0.262434
vn -0.284528 0.932678 0.221711
vn -0.136098 0.877922 0.459053
vn -0.032660 0.877521 0.478425
vn -0.273837 0.850844 0.448418
vn 0.046364 0.854039 0.518139
vn 0.045685 0.817468 0.574160
vn -0.025884 0.950307 0.310235
vn -0.041482 0.790671 0.610834
vn -0.036488 0.942274 0.332848
vn -0.016126 0.999249 0.035239
vn 0.000794 -0.999959 0.009054
vn 0.000267 -0.999999 0.001521
vn 0.000244 -0.999997 0.002239
vn -0.000112 -1.000000 -0.000077
vn 0.000018 -1.000000 0.000043
vn -0.000123 -1.000000 -0.000064
vn -0.000009 -1.000000 -0.000135
vn -0.000056 -1.000000 0.000044
vn 0.000017 -1.000000 0.000017
vn -0.000161 -1.000000 -0.000247
vn -0.000059 -1.000000 -0.000028
vn -0.000747 -0.999999 -0.001380
vn -0.000519 -1.000000 -0.000614
vn -0.002275 -0.999989 -0.004096
vn -0.001578 -0.999995 -0.002614
vn -0.005283 -0.999940 -0.009641
vn -0.003662 -0.999969 -0.006926
vn -0.009582 -0.999759 -0.019773
vn -0.007820 -0.999848 -0.015603
vn -0.012951 -0.999241 -0.036732
vn -0.012620 -0.999291 -0.035486
vn -0.011783 -0.998054 -0.061230
vn -0.013110 -0.997443 -0.070255
vn -0.003929 -0.996271 -0.086195
vn -0.006427 -0.994199 -0.107362
vn 0.008188 -0.995610 -0.093243
vn 0.004033 -0.992728 -0.120314
vn 0.015749 -0.998192 -0.058007
vn 0.011387 -0.997304 -0.072494
vn 0.007427 -0.999739 0.021599
vn 0.009333 -0.999228 0.038154
vn -0.012322 -0.996391 0.083986
vn 0.002592 -0.993699 0.112052
vn -0.026035 -0.995911 0.086508
vn -0.001070 -0.994375 0.105910
vn -0.031361 -0.997698 0.060135
vn -0.002075 -0.997458 0.071231
vn -0.033484 -0.998776 0.036404
vn -0.002221 -0.999124 0.041790
vn -0.033638 -0.999163 0.023274
vn -0.001967 -0.999702 0.024352
vn -0.029727 -0.999429 0.016091
vn -0.001370 -0.999896 0.014331
vn -0.019954 -0.999771 0.007698
vn -0.000414 -0.999990 0.004483
vn -0.009724 -0.999949 0.002603
vn 0.000550 -1.000000 -0.000303
vn -0.003650 -0.999990 0.002680
vn 0.000794 -0.999998 0.001685
vn -0.001350 -0.999997 0.002254
vn 0.000449 -0.999998 0.002052
vn -0.001397 -0.999998 0.001390
vn 0.000173 -0.999998 0.001800
vn -0.001303 -0.999996 0.002644
vn -0.000024 -0.999997 0.002392
vn 0.004151 -0.999931 0.011030
vn -0.000209 -0.999962 0.008689
vn 0.016307 -0.999530 0.025946
vn -0.000195 -0.999762 0.021837
vn 0.026931 -0.998978 0.036312
vn 0.000633 -0.999408 0.034394
vn 0.017943 -0.999806 0.008143
vn 0.002600 -0.999893 0.014390
vn -0.030532 -0.991344 -0.127692
vn 0.005421 -0.993798 -0.111069
vn -0.138288 -0.882553 -0.449419
vn 0.007954 -0.905502 -0.424267
vn -0.260902 -0.481839 -0.836517
vn 0.006328 -0.544210 -0.838925
vn -0.290713 0.034158 -0.956200
vn 0.004635 -0.017252 -0.999840
vn -0.260521 0.330031 -0.907308
vn 0.003701 0.296125 -0.955142
vn -0.237599 0.401329 -0.884580
vn 0.001651 0.360059 -0.932928
vn -0.238968 0.404757 -0.882647
vn -0.002658 0.359896 -0.932989
vn -0.243804 0.492070 -0.835720
vn -0.015598 0.466419 -0.884427
vn -0.233143 0.665759 -0.708808
vn -0.035432 0.663290 -0.747523
vn -0.196313 0.882294 -0.427806
vn -0.055479 0.887042 -0.458343
vn -0.128411 0.990417 0.050834
vn -0.060023 0.997719 0.030904
vn -0.063618 0.904299 0.422133
vn -0.043010 0.903088 0.427297
vn -0.028357 0.833944 0.551120
vn -0.025740 0.817246 0.575714
vn 0.006865 0.785818 0.618420
vn -0.011835 0.762982 0.646311
vn 0.076323 0.601882 0.794930
vn 0.009472 0.591301 0.806395
vn 0.137167 0.332083 0.933224
vn 0.030884 0.338652 0.940405
vn 0.125270 0.438364 0.890025
vn 0.039190 0.440173 0.897057
vn 0.056809 0.775402 0.628907
vn 0.031294 0.773113 0.633496
vn -0.021720 0.969876 0.242629
vn 0.000269 0.968042 0.250788
vn -0.027762 0.999597 0.005926
vn 0.107573 0.776609 0.620731
vn 0.240398 0.414774 0.877594
vn 0.424572 0.364227 0.828901
vn 0.276075 0.307427 0.910643
vn 0.458295 0.270661 0.846587
vn 0.637433 0.260166 0.725253
vn 0.385144 0.526020 0.758266
vn 0.562168 0.475422 0.676714
vn 0.670439 0.503861 0.544643
vn 0.412527 0.745277 0.523816
vn 0.510473 0.730069 0.454332
vn 0.516634 0.785312 0.341136
vn 0.362263 0.861499 0.355787
vn 0.354243 0.890349 0.285990
vn 0.278433 0.944844 0.172469
vn 0.432066 0.880428 0.195359
vn 0.187082 0.981453 0.041840
vn 0.310158 0.949285 0.051574
vn 0.131304 0.989543 -0.059696
vn 0.229558 0.971770 -0.054469
vn 0.081269 0.992231 -0.094200
vn 0.195852 0.973780 -0.115733
vn -0.000145 0.999895 -0.014505
vn 0.145409 0.982767 -0.114130
vn -0.046388 0.984373 0.169877
vn 0.060371 0.998176 0.000462
vn -0.232573 0.968217 0.092011
vn -0.209477 0.941176 0.265154
vn -0.514217 0.843893 0.153054
vn -0.449207 0.833663 0.321279
vn -0.373426 0.805882 0.459465
vn -0.642497 0.705652 0.298753
vn -0.589350 0.666450 0.456629
vn -0.567460 0.518545 0.639609
vn -0.322760 0.743541 0.585638
vn -0.574878 0.393108 0.717622
vn -0.324336 0.697087 0.639435
vn -0.103057 0.871950 0.478626
vn -0.197710 0.963632 0.179788
vn -0.094668 0.995180 -0.025574
vn -0.005481 0.933761 0.357855
vn -0.392265 0.761763 0.515602
vn -0.491516 0.842540 0.220316
vn -0.277930 0.945569 -0.169273
vn -0.593310 0.433791 0.678092
vn -0.651472 0.521219 0.551285
vn -0.763551 0.605996 0.223069
vn -0.548206 0.825350 -0.135155
vn -0.755083 0.277386 0.594059
vn -0.861669 0.372350 0.344794
vn -0.909037 0.412280 -0.060637
vn -0.781315 0.597046 -0.181888
vn -0.849277 0.165940 0.501191
vn -0.929138 0.243029 0.278639
vn -0.962023 0.263238 -0.072229
vn -0.975753 0.137579 0.170232
vn -0.988616 0.086328 -0.123230
vn -0.920233 0.013623 -0.391133
vn -0.898222 0.234738 -0.371613
vn -0.846680 0.384770 -0.367540
vn -0.729122 0.543970 -0.415304
vn -0.542979 0.751042 -0.375647
vn -0.307066 0.871263 -0.382899
vn -0.147917 0.935556 -0.320710
vn -0.963331 -0.226593 -0.143699
vn -0.861854 -0.373844 -0.342709
vn -0.758627 -0.644489 -0.095494
vn -0.617132 -0.758892 -0.207920
vn -0.472545 -0.879767 -0.052065
vn -0.374176 -0.917996 -0.131435
vn -0.270103 -0.940243 -0.207333
vn -0.207716 -0.974679 -0.082792
vn -0.123573 -0.983719 -0.130489
vn -0.071656 -0.983864 -0.163942
vn -0.001958 -0.995875 -0.090717
vn 0.026786 -0.994922 -0.097018
vn -0.033871 -0.983420 -0.178153
vn 0.042132 -0.994975 -0.090823
vn -0.005213 -0.985289 -0.170819
vn 0.047404 -0.996164 -0.073558
vn 0.013132 -0.989935 -0.140912
vn 0.043032 -0.997840 -0.049636
vn 0.019470 -0.995247 -0.095418
vn 0.030069 -0.999230 -0.025220
vn 0.017497 -0.998712 -0.047619
vn -0.037312 -0.992734 -0.114401
vn 0.011415 -0.999879 -0.010593
vn -0.049453 -0.997043 -0.058817
vn -0.292152 -0.930510 -0.220903
vn -0.053328 -0.997953 -0.035303
vn -0.297485 -0.934773 -0.194172
vn -0.759455 -0.418977 -0.497681
vn -0.754151 -0.400967 -0.520079
vn -0.776778 0.371034 -0.508871
vn -0.765479 0.380344 -0.519018
vn -0.635863 0.654556 -0.408943
vn -0.629980 0.650760 -0.423835
vn -0.533089 0.783073 -0.320334
vn -0.531250 0.773514 -0.345616
vn -0.521600 0.773735 -0.359539
vn -0.354424 0.913715 -0.198770
vn -0.337959 0.911969 -0.232588
vn -0.320272 0.920738 -0.222861
vn -0.054137 0.998193 -0.026081
vn -0.022582 0.998484 -0.050198
vn -0.061011 0.997923 0.020658
vn 0.240091 0.962366 0.127312
vn 0.208647 0.965212 0.157584
vn -0.012341 0.947763 0.318737
vn 0.368772 0.888448 0.273253
vn 0.170467 0.889558 0.423826
vn -0.402327 0.642369 0.652300
vn 0.389517 0.765476 0.512174
vn -0.254945 0.532080 0.807399
vn -0.911354 -0.303431 0.278143
vn 0.375348 0.410937 0.830810
vn -0.911412 -0.405230 0.071534
vn -0.853242 -0.421739 -0.306780
vn -0.930234 -0.366934 0.004966
vn -0.891957 -0.258919 -0.370640
vn -0.846134 -0.225914 -0.482722
vn -0.960763 -0.133960 -0.242878
vn -0.929856 -0.076560 -0.359870
vn -0.896749 -0.064000 -0.437887
vn -0.980104 -0.092904 -0.175400
vn -0.961284 -0.020364 -0.274805
vn -0.939224 -0.004491 -0.343276
vn -0.982242 -0.143068 -0.121380
vn -0.974248 -0.068886 -0.214699
vn -0.962040 -0.064534 -0.265167
vn -0.922053 -0.053620 -0.383332
vn -0.935815 -0.226886 -0.269765
vn -0.897833 -0.185959 -0.399144
vn -0.748343 -0.627278 -0.215650
vn -0.792586 -0.492111 -0.360048
vn -0.385958 -0.915390 -0.114443
vn -0.487032 -0.845995 -0.217009
vn -0.160762 -0.985508 -0.054131
vn -0.198675 -0.976128 -0.087768
vn -0.062073 -0.997684 -0.027809
vn -0.065065 -0.997316 -0.033587
vn -0.024097 -0.999585 -0.015804
vn -0.017022 -0.999767 -0.013268
vn -0.010125 -0.999911 -0.008722
vn -0.003713 -0.999982 -0.004761
vn 0.001613 -0.999997 -0.001626
vn -0.000701 -0.999999 -0.001370
vn 0.000427 -1.000000 -0.000136
vn 0.001657 -0.999999 -0.000350
vn -0.000161 -1.000000 0.000061
vn -0.000123 -1.000000 -0.000028
vn 0.000172 -1.000000 -0.000348
vn -0.000243 -1.000000 -0.000535
vn -0.002998 -0.999987 -0.004135
vn -0.000729 -0.999997 -0.002231
vn -0.006575 -0.999935 -0.009359
vn -0.002391 -0.999978 -0.006168
vn -0.010568 -0.999804 -0.016745
vn -0.005973 -0.999896 -0.013134
vn -0.013925 -0.999580 -0.025402
vn -0.010146 -0.999681 -0.023136
vn -0.014957 -0.999242 -0.035940
vn -0.012255 -0.999250 -0.036732
vn -0.012215 -0.998832 -0.046758
vn -0.009661 -0.998525 -0.053425
vn -0.005089 -0.998541 -0.053752
vn -0.001401 -0.997671 -0.068195
vn 0.009302 -0.997522 -0.069738
vn 0.003922 -0.998662 -0.051564
vn 0.007518 -0.999465 -0.031836
vn 0.014098 -0.998945 -0.043702
vn -0.006363 -0.999836 -0.016974
vn -0.009736 -0.999920 0.008120
vn -0.000205 -0.999992 0.003951
vn -0.040492 -0.999139 0.009088
vn -0.036281 -0.999038 0.024652
vn -0.026201 -0.999470 0.019346
vn -0.013745 -0.999756 0.017306
vn -0.150728 -0.985743 0.074783
vn -0.120535 -0.990376 0.068017
vn -0.080925 -0.996021 0.037333
vn -0.042212 -0.999091 0.006009
vn -0.010516 -0.999945 -0.000382
vn -0.414008 -0.889524 0.193246
vn -0.279116 -0.955561 0.094861
vn -0.178101 -0.983606 0.028280
vn -0.119241 -0.992863 0.002049
vn -0.013210 -0.999863 -0.009987
vn -0.809946 -0.541563 0.225160
vn -0.613423 -0.784025 0.094958
vn -0.461485 -0.886626 0.030426
vn -0.401094 -0.915624 0.027494
vn -0.098273 -0.995074 0.013051
vn -0.987544 -0.044070 0.151047
vn -0.960071 -0.267046 0.083367
vn -0.911677 -0.407874 0.049830
vn -0.900162 -0.434427 0.031314
vn -0.414382 -0.908255 0.057977
vn -0.973026 0.211219 0.092778
vn -0.979671 0.195216 0.046223
vn -0.973834 0.226817 -0.014191
vn -0.948671 0.301939 -0.094105
vn -0.919244 -0.393549 -0.010482
vn -0.944961 0.326808 0.015645
vn -0.868267 0.492830 -0.056834
vn -0.736198 0.666929 -0.114971
vn -0.626934 0.760618 -0.168567
vn -0.918230 0.341330 -0.200866
vn -0.955439 0.262319 -0.135373
vn -0.699193 0.693281 -0.174615
vn -0.436443 0.889635 -0.134415
vn -0.417899 0.889992 -0.182412
vn -0.605984 0.751714 -0.260210
vn -0.885629 -0.347279 -0.308316
vn -0.875330 -0.175200 -0.450670
vn -0.880192 0.065608 -0.470061
vn -0.889904 0.198749 -0.410571
vn -0.542825 0.791429 -0.281036
vn -0.859822 -0.274671 -0.430421
vn -0.831227 -0.297052 -0.469916
vn -0.849068 -0.276962 -0.449861
vn -0.893085 -0.159916 -0.420508
vn -0.899041 0.229941 -0.372628
vn -0.892191 -0.030675 -0.450615
vn -0.889609 -0.070819 -0.451198
vn -0.891372 -0.014125 -0.453052
vn -0.853730 0.135498 -0.502778
vn -0.887263 0.020010 -0.460830
vn -0.883026 0.249744 -0.397357
vn -0.859424 0.290382 -0.420796
vn -0.796579 0.370981 -0.477321
vn -0.669181 0.432787 -0.604063
vn -0.714459 0.297001 -0.633513
vn -0.810346 0.437603 -0.389671
vn -0.754197 0.477750 -0.450491
vn -0.649722 0.505868 -0.567415
vn -0.469084 0.508420 -0.722128
vn -0.469883 0.438067 -0.766360
vn -0.739839 0.494258 -0.456451
vn -0.623329 0.572834 -0.532279
vn -0.441120 0.637250 -0.631922
vn -0.496379 0.783230 -0.374378
vn -0.340320 0.856478 -0.388109
vn -0.170277 0.984898 0.031333
vn -0.145825 0.986413 0.075658
vn 0.098421 0.934330 0.342550
vn 0.003387 0.912999 0.407948
vn 0.191122 0.872487 0.449710
vn 0.056556 0.859547 0.507917
vn 0.254537 0.792029 0.554889
vn 0.097501 0.808133 0.580874
vn 0.199689 0.587371 0.784296
vn 0.301995 0.865254 0.400168
vn 0.127834 0.959073 0.252661
vn 0.074131 0.981782 0.174956
vn -0.282885 0.956111 -0.076339
vn -0.463986 0.868365 -0.175098
vn -0.613107 0.759376 -0.217828
vn -0.030795 0.993740 0.107389
vn -0.667344 0.711519 -0.219985
vn -0.121370 0.992098 0.031785
vn -0.630968 0.748888 -0.202600
vn -0.145791 0.988300 -0.044809
vn -0.564290 0.811537 -0.151604
vn -0.139169 0.986014 -0.091700
vn -0.536359 0.843511 -0.028431
vn -0.176556 0.982763 -0.054826
vn -0.817329 0.538409 -0.205156
vn -0.780475 0.623385 -0.047425
vn -0.718920 0.681422 0.137178
vn -0.853034 0.513061 -0.095398
vn -0.815981 0.573109 0.075635
vn -0.771443 0.592222 0.232700
vn -0.856271 0.516428 0.010111
vn -0.862126 0.480005 0.162279
vn -0.890599 0.316422 0.326667
vn -0.758615 0.508774 0.407005
vn -0.952156 0.290009 0.096407
vn -0.972939 0.057277 0.223850
vn -0.928910 -0.235352 0.285894
vn -0.924850 -0.360410 0.121480
vn -0.902289 -0.334870 0.271546
vn -0.980427 -0.121142 0.155204
vn -0.944242 -0.209439 0.254052
vn -0.969423 0.145709 0.197453
vn -0.962443 0.041378 0.268313
vn -0.937103 -0.015838 0.348693
vn -0.938487 0.165475 0.303085
vn -0.924725 0.121741 0.360642
vn -0.916526 0.081776 0.391526
vn -0.908363 0.003386 0.418170
vn -0.925777 0.062635 0.372845
vn -0.894552 0.067582 0.441825
vn -0.961042 0.023931 0.275366
vn -0.920533 0.126151 0.369738
vn -0.993200 -0.074295 0.089634
vn -0.918504 -0.340890 0.200359
vn -0.868133 -0.494131 0.046678
vn -0.513165 -0.854352 0.082122
vn -0.509247 -0.860392 0.019859
vn -0.269357 -0.962908 -0.015987
vn -0.276837 -0.959783 -0.046662
vn -0.156346 -0.987152 -0.032965
vn -0.102894 -0.994082 -0.034853
vn -0.077715 -0.996554 -0.028992
vn -0.130040 -0.991367 -0.016743
vn -0.048754 -0.998259 -0.033208
vn -0.043295 -0.998754 -0.024820
vn -0.072601 -0.997153 -0.020361
vn -0.032293 -0.998886 -0.034411
vn -0.028874 -0.999236 -0.026343
vn -0.028731 -0.999387 -0.020010
vn -0.047776 -0.998673 -0.019246
vn -0.021578 -0.999153 -0.035029
vn -0.020196 -0.999447 -0.026400
vn -0.018685 -0.999639 -0.019289
vn -0.015758 -0.999787 -0.013366
vn -0.028186 -0.999455 -0.017175
vn -0.056426 -0.998180 -0.021271
vn -0.121864 -0.992173 -0.027226
vn -0.087944 -0.995989 -0.016491
vn -0.264492 -0.963482 -0.041800
vn -0.174325 -0.984608 -0.012553
vn -0.135407 -0.990735 -0.010442
vn -0.382744 -0.923739 -0.014579
vn -0.288703 -0.957376 0.009079
vn -0.234160 -0.972116 0.012610
vn -0.450017 -0.890621 0.065414
vn -0.716283 -0.691319 0.094951
vn -0.461962 -0.877071 0.131672
vn -0.907818 -0.418346 0.029219
vn -0.709957 -0.687878 0.150946
vn -0.304221 -0.931072 0.201381
vn -0.183911 -0.977044 0.107523
vn 0.021335 -0.985276 0.169635
vn 0.006133 -0.997519 0.070129
vn 0.180704 -0.974045 0.136317
vn 0.098468 -0.993915 0.049359
vn 0.046756 -0.998622 -0.023837
vn 0.142380 -0.989231 0.033920
vn 0.077224 -0.996536 -0.030848
vn 0.158777 -0.987077 0.021665
vn 0.089379 -0.995501 -0.031464
vn 0.158138 -0.987358 0.010772
vn 0.089094 -0.995637 -0.027734
vn 0.144320 -0.989531 -0.000568
vn 0.077733 -0.996718 -0.022612
vn 0.118987 -0.992867 -0.007583
vn 0.055012 -0.998311 -0.018674
vn 0.083417 -0.996500 0.005471
vn 0.024291 -0.999657 -0.009780
vn 0.014107 -0.999884 -0.005749
vn 0.005053 -0.999971 -0.005693
vn 0.005222 -0.999986 0.000484
vn 0.007563 -0.999964 0.003756
vn 0.002073 -0.999988 -0.004366
vn 0.007066 -0.999973 0.002157
vn -0.046404 -0.998395 -0.032463
vn 0.003538 -0.999994 0.000395
vn -0.039774 -0.998865 -0.026196
vn -0.250991 -0.953739 -0.165488
vn -0.276483 -0.943156 -0.184429
vn -0.719196 -0.517270 -0.463885
vn -0.742793 -0.461522 -0.485031
vn -0.801916 0.322509 -0.502910
vn -0.789602 0.352522 -0.502252
vn -0.644120 0.657986 -0.390082
vn -0.642195 0.658440 -0.392481
vn -0.518692 0.804201 -0.290207
vn -0.529885 0.794977 -0.295353
vn -0.308524 0.943587 -0.120236
vn -0.333628 0.934684 -0.122710
vn -0.350483 0.923470 -0.156094
vn -0.051973 0.992832 0.107624
vn -0.073650 0.994164 0.078821
vn -0.075546 0.996792 0.026437
vn 0.166979 0.949731 0.264821
vn 0.180008 0.958300 0.221943
vn 0.208445 0.963366 0.168753
vn 0.340949 0.880347 0.329763
vn 0.375786 0.881200 0.286832
vn 0.400975 0.881123 0.250680
vn 0.516888 0.781780 0.348779
vn 0.545366 0.770586 0.329807
vn 0.525726 0.770661 0.360131
vn 0.721149 0.570917 0.392426
vn 0.678103 0.539201 0.499439
vn 0.880334 0.312116 0.357206
vn 0.883586 0.262314 0.387902
vn 0.849670 0.157201 0.503338
vn 0.942657 -0.164671 0.290313
vn 0.873418 -0.272769 0.403407
vn -0.374412 -0.774274 0.510211
vn 0.613549 -0.706735 0.352254
vn 0.033922 -0.898839 0.436964
vn -0.930055 -0.363792 0.051506
vn 0.041068 -0.956010 0.290444
vn -0.573061 -0.780902 0.248583
vn -0.938528 -0.343971 0.029138
vn 0.336788 -0.910033 0.241690
vn 0.736949 -0.627037 0.252452
vn 0.443216 -0.877332 0.183977
vn 0.250630 -0.962389 0.104848
vn 0.468944 -0.873782 0.128832
vn 0.274149 -0.958740 0.075226
vn 0.452886 -0.887539 0.084669
vn 0.271923 -0.961135 0.047730
vn 0.430737 -0.898612 0.083441
vn 0.256460 -0.966182 0.026857
vn 0.434017 -0.891922 0.126900
vn 0.238685 -0.970532 0.033111
vn 0.435216 -0.882776 0.176899
vn 0.210614 -0.975565 0.062565
vn 0.421822 -0.879362 0.220881
vn 0.189938 -0.978351 0.082169
vn 0.057421 -0.998247 0.014378
vn 0.181821 -0.979369 0.088191
vn 0.047418 -0.998833 0.009212
vn -0.001328 -0.999919 -0.012648
vn 0.037608 -0.999293 -0.000270
vn -0.007017 -0.999798 -0.018834
vn -0.003283 -0.999947 -0.009760
vn -0.017667 -0.999699 -0.017004
vn -0.017295 -0.999820 -0.007839
vn -0.011383 -0.999911 0.006991
vn -0.046175 -0.998930 0.002571
vn -0.045974 -0.998616 0.025557
vn -0.066615 -0.997383 0.028116
vn -0.043717 -0.999015 -0.007603
vn -0.221611 -0.972319 -0.074064
vn -0.230563 -0.964342 -0.129944
vn -0.647983 -0.659260 -0.381437
vn -0.687142 -0.585191 -0.430566
vn -0.807582 0.181108 -0.561258
vn -0.808986 0.269202 -0.522563
vn -0.620806 0.614713 -0.486547
vn -0.637271 0.646812 -0.418950
vn -0.451878 0.806028 -0.382265
vn -0.494846 0.808910 -0.317478
vn -0.232238 0.950649 -0.205745
vn -0.277724 0.948926 -0.149699
vn 0.031954 0.999464 0.007171
vn 0.006812 0.998366 0.056739
vn -0.020463 0.995198 0.095717
vn 0.225206 0.952917 0.203057
vn 0.201422 0.947800 0.247192
vn 0.175723 0.945172 0.275267
vn 0.320073 0.892168 0.318731
vn 0.304765 0.884833 0.352404
vn 0.312879 0.880275 0.356682
vn 0.385505 0.839679 0.382525
vn 0.413245 0.821729 0.392415
vn 0.464445 0.801754 0.376141
vn 0.556964 0.706969 0.435875
vn 0.515379 0.737514 0.436414
vn 0.741233 0.385952 0.549195
vn 0.778587 0.353512 0.518490
vn 0.757526 -0.411611 0.506687
vn 0.775743 -0.431740 0.460242
vn 0.419245 -0.873069 0.248965
vn 0.767886 -0.405281 0.496083
vn 0.428724 -0.869959 0.243656
vn 0.177235 -0.981010 0.078785
vn 0.412536 -0.887436 0.205601
vn 0.149773 -0.986800 0.061589
vn 0.017226 -0.999840 -0.004751
vn 0.092075 -0.994273 0.054252
vn -0.008072 -0.999967 -0.000771
vn -0.037090 -0.999271 -0.009000
vn -0.027067 -0.999632 -0.002051
vn -0.063225 -0.997960 -0.008845
vn -0.087267 -0.996160 0.007111
vn -0.089747 -0.995871 -0.013639
vn -0.121354 -0.992579 -0.007754
vn -0.131374 -0.990952 0.027461
vn -0.095563 -0.994542 0.041884
vn -0.125427 -0.989650 0.069717
vn -0.102587 -0.992494 0.066573
vn -0.210795 -0.977210 0.025033
vn -0.218898 -0.975680 -0.011534
vn -0.568103 -0.787129 -0.240182
vn -0.605608 -0.728948 -0.319177
vn -0.834025 -0.081986 -0.545601
vn -0.806635 0.060049 -0.587992
vn -0.676515 0.471572 -0.565640
vn -0.617263 0.552434 -0.560181
vn -0.453546 0.759158 -0.466878
vn -0.413255 0.787609 -0.457046
vn -0.203972 0.936939 -0.283796
vn -0.183436 0.945270 -0.269845
vn 0.048918 0.996191 -0.072183
vn 0.059070 0.997159 -0.046744
vn 0.243163 0.965931 0.088590
vn 0.247626 0.961392 0.120031
vn 0.238003 0.957628 0.162183
vn 0.368475 0.902520 0.222898
vn 0.358196 0.899830 0.249001
vn 0.343127 0.897011 0.278632
vn 0.414998 0.859318 0.298913
vn 0.399091 0.861355 0.314316
vn 0.384939 0.854284 0.349314
vn 0.506853 0.777042 0.373237
vn 0.506248 0.758976 0.409474
vn 0.752599 0.440529 0.489418
vn 0.742800 0.405838 0.532489
vn 0.792059 -0.414952 0.447725
vn 0.710955 0.451228 0.539385
vn 0.732378 -0.449108 0.511785
vn 0.333704 -0.919562 0.207481
vn 0.636457 -0.487650 0.597595
vn 0.251333 -0.941522 0.224426
vn 0.052680 -0.997257 0.052002
vn 0.033579 -0.996497 0.076592
vn -0.045058 -0.998938 0.009666
vn 0.003612 -0.962612 0.270860
vn -0.092048 -0.986433 0.135933
vn -0.140399 -0.988689 0.052751
vn -0.233079 -0.832339 0.502878
vn -0.307264 -0.898286 0.314120
vn -0.295749 -0.936280 0.189506
vn -0.155851 -0.987715 0.011361
vn -0.147288 -0.989045 0.009811
vn -0.142054 -0.988921 0.043089
vn -0.247430 -0.967542 0.051384
vn -0.788347 -0.584074 0.193304
vn -0.597455 -0.797325 -0.085561
vn -0.897528 -0.154610 0.412963
vn -0.839099 0.118548 0.530905
vn -0.824630 0.399644 0.400337
vn -0.651159 0.752574 0.098105
vn -0.737691 0.253127 0.625890
vn -0.661456 0.546124 0.514027
vn -0.375001 0.897384 0.232541
vn -0.074977 0.997177 -0.004044
vn -0.363391 0.913682 -0.182021
vn -0.092367 0.937275 0.336130
vn 0.164022 0.977508 0.132571
vn 0.131198 0.884649 0.447418
vn 0.329604 0.909950 0.251697
vn 0.374260 0.904595 0.204054
vn 0.436437 0.803135 0.405583
vn 0.456859 0.830106 0.319695
vn 0.435073 0.848817 0.300368
vn 0.530077 0.699605 0.479137
vn 0.505727 0.754864 0.417638
vn 0.497293 0.781321 0.377143
vn 0.661720 0.423816 0.618472
vn 0.507594 0.608678 0.609803
vn 0.261134 0.729095 0.632637
vn 0.320376 0.401246 0.858115
vn -0.096355 0.015473 0.995227
vn -0.028227 -0.659383 0.751277
vn -0.435431 -0.299055 0.849097
vn -0.577589 -0.459614 0.674645
vn -0.743510 -0.038121 0.667637
vn -0.606312 -0.580298 0.543728
vn 0.753977 -0.632902 0.175936
vn 0.953423 -0.148764 0.262401
vn -0.572653 -0.814768 -0.090672
vn -0.546844 -0.819981 0.169093
vn -0.921340 -0.197652 0.334765
vn -0.908531 -0.100034 0.405665
vn -0.571757 -0.780935 0.251465
vn -0.530109 -0.804579 0.267652
vn -0.908638 -0.090500 0.407661
vn -0.906456 -0.237704 0.349049
vn -0.964260 0.129024 0.231422
vn -0.967113 0.212392 0.139939
vn -0.993504 0.044792 0.104613
vn -0.978263 0.195387 0.069460
vn -0.962284 -0.265721 0.058317
vn -0.989596 -0.139923 0.033473
vn -0.999637 -0.003687 -0.026694
vn -0.887364 -0.460762 -0.016859
vn -0.894555 -0.426289 -0.134345
vn -0.913245 -0.405935 -0.034637
vn -0.926117 -0.342771 -0.157528
vn -0.904914 -0.286166 -0.315024
vn -0.978200 0.055425 -0.200133
vn -0.940482 0.073633 -0.331770
vn -0.907562 0.039464 -0.418061
vn -0.874216 0.375480 -0.307833
vn -0.868981 0.329592 -0.369109
vn -0.880927 0.273173 -0.386451
vn -0.836278 0.435920 -0.332586
vn -0.846125 0.409581 -0.341052
vn -0.841100 0.408741 -0.354234
vn -0.861040 0.373278 -0.345360
vn -0.845803 0.387048 -0.367167
vn -0.806377 0.429675 -0.406369
vn -0.826458 0.430970 -0.362260
vn -0.758889 0.524649 -0.385786
vn -0.645976 0.657831 -0.387263
vn -0.852552 0.401836 -0.334190
vn -0.859744 0.395977 -0.322556
vn -0.844336 0.447662 -0.294442
vn -0.860079 0.447836 -0.244351
vn -0.839087 0.469630 -0.274554
vn -0.853223 0.500487 -0.146706
vn -0.899504 0.393825 -0.189195
vn -0.925352 0.376511 -0.044309
vn -0.997613 0.004262 -0.068924
vn -0.482511 0.389167 -0.784686
vn -0.528805 0.302714 -0.792925
vn -0.765416 0.194713 -0.613372
vn -0.570623 0.098665 -0.815263
vn -0.782188 0.163738 -0.601142
vn -0.879349 0.210959 -0.426898
vn -0.759102 0.000805 -0.650972
vn -0.802174 0.344529 -0.487665
vn -0.699191 0.609244 -0.374104
vn -0.804835 -0.004581 -0.593480
vn -0.763802 0.414058 -0.495138
vn -0.663644 0.645332 -0.378317
vn -0.810818 -0.285673 -0.510848
vn -0.887144 0.069493 -0.456230
vn -0.901577 0.274773 -0.334155
vn -0.682053 -0.670398 -0.292183
vn -0.848599 -0.481493 -0.219191
vn -0.918307 -0.382793 -0.100905
vn -0.428269 -0.903651 -0.000077
vn -0.494638 -0.866458 0.067700
vn -0.466952 -0.880150 0.085391
vn -0.164538 -0.976138 0.141707
vn -0.147305 -0.982855 0.110894
vn -0.112425 -0.992099 0.055680
vn -0.037159 -0.994868 0.094116
vn -0.016250 -0.999076 0.039782
vn -0.003446 -0.999994 0.000403
vn -0.022097 -0.999517 0.021856
vn -0.002023 -0.999950 -0.009753
vn 0.001407 -0.999877 -0.015651
vn -0.030363 -0.999502 -0.008631
vn -0.016367 -0.999821 -0.009494
vn -0.013792 -0.999890 0.005405
vn -0.034207 -0.999367 0.009747
vn -0.024146 -0.999421 0.023952
vn -0.013377 -0.999536 0.027350
vn -0.031073 -0.998097 0.053253
vn -0.015090 -0.998631 0.050075
vn 0.004517 -0.999952 0.008651
vn -0.040965 -0.998515 0.035916
vn -0.049553 -0.998524 0.022232
vn -0.049091 -0.998784 0.004654
vn -0.066042 -0.997719 0.013970
vn -0.056310 -0.998230 0.019139
vn -0.053724 -0.998474 0.012781
vn -0.068133 -0.996842 0.040781
vn -0.072048 -0.997032 0.027154
vn -0.040384 -0.997094 0.064597
vn -0.032721 -0.994956 0.094821
vn -0.057407 -0.996718 0.057078
vn -0.037158 -0.990191 0.134692
vn 0.006898 -0.990643 0.136302
vn 0.008061 -0.995240 0.097118
vn -0.117498 -0.985696 0.120820
vn -0.007666 -0.997269 0.073452
vn 0.084095 -0.990850 0.105564
vn -0.264598 -0.962558 -0.058902
vn -0.078740 -0.994946 -0.062304
vn 0.100692 -0.993932 0.044265
vn -0.435650 -0.859550 -0.267176
vn -0.186400 -0.966997 -0.173700
vn 0.051528 -0.998318 -0.026556
vn -0.581231 -0.681680 -0.444391
vn -0.283816 -0.910326 -0.301255
vn -0.025253 -0.996343 -0.081621
vn -0.625528 -0.497965 -0.600621
vn -0.342676 -0.782065 -0.520527
vn -0.101282 -0.976925 -0.188044
vn -0.539181 -0.306414 -0.784471
vn 0.026574 -0.999420 -0.021291
vn 0.069371 -0.997061 0.032499
vn 0.094739 -0.995435 0.011606
vn 0.059992 -0.997587 0.034953
vn 0.120376 -0.991893 0.040706
vn 0.147105 -0.988320 0.039793
vn 0.089178 -0.995377 0.035676
vn 0.146520 -0.987759 0.053521
vn 0.146445 -0.986468 0.073726
vn 0.065153 -0.995009 0.075587
vn 0.012384 -0.999228 0.037281
vn -0.024723 -0.998217 0.054333
vn -0.009568 -0.999818 0.016505
vn -0.033184 -0.999086 0.026930
vn -0.058617 -0.997769 0.031943
vn -0.022214 -0.999691 0.011113
vn -0.040705 -0.999036 0.016452
vn -0.054753 -0.998299 0.020028
vn -0.007956 -0.999944 0.006933
vn -0.001738 -0.999993 0.003205
vn -0.000097 -0.999999 0.001356
vn 0.008210 -0.999947 0.006270
vn 0.031056 -0.999320 0.019862
vn 0.447807 -0.866758 -0.219546
vn 0.728014 -0.621138 -0.290145
vn 0.767393 -0.595993 -0.236433
vn 0.421493 -0.873823 -0.242440
vn 0.572015 -0.744622 -0.344002
vn 0.752284 -0.489354 -0.441138
vn 0.376485 -0.917084 -0.131209
vn 0.495089 -0.812337 -0.308213
vn 0.155141 -0.976182 -0.151656
vn 0.217422 -0.967590 -0.128441
vn 0.240120 -0.969136 -0.055845
vn 0.060991 -0.997779 0.026796
vn 0.007396 -0.999864 0.014766
vn -0.005640 -0.998569 0.053174
vn 0.114991 -0.990456 0.075989
vn 0.152981 -0.986973 0.049810
vn 0.070951 -0.997328 0.017431
vn 0.065308 -0.997758 0.014634
vn 0.291689 -0.951262 0.100088
vn 0.637935 0.703153 -0.314030
vn 0.760771 0.613392 -0.212081
vn 0.813721 0.520424 -0.258875
vn 0.740124 0.530217 -0.413625
vn 0.697803 0.486183 -0.526020
vn 0.636730 0.636462 -0.435305
vn 0.501976 0.788810 -0.354683
vn 0.485925 0.835194 -0.257541
vn 0.439466 0.883167 -0.163969
vn 0.570566 0.799162 -0.189195
vn 0.720310 0.679285 -0.140448
vn 0.792916 0.274458 -0.544019
vn 0.789239 0.392325 -0.472422
vn 0.839892 0.461229 -0.286093
vn 0.790077 0.506755 -0.344932
vn 0.774334 0.315362 -0.548593
vn 0.735217 -0.231205 -0.637181
vn 0.727515 -0.191098 -0.658941
vn 0.758553 0.155429 -0.632803
vn 0.731604 0.338540 -0.591731
vn 0.709574 -0.253090 -0.657610
vn 0.493322 0.267961 0.827545
vn 0.662354 0.212667 0.718373
vn 0.533155 0.642926 0.549901
vn 0.236535 0.648091 0.723899
vn 0.051753 0.336613 0.940220
vn 0.392828 -0.038215 0.918818
vn 0.588475 -0.174391 0.789484
vn 0.112128 0.933136 0.341592
vn 0.082592 0.880644 0.466525
vn 0.207575 0.817733 0.536866
vn 0.252353 0.870578 0.422389
vn 0.054527 0.993083 0.103983
vn 0.033999 0.979491 0.198599
vn 0.034739 0.917354 0.396555
vn 0.023428 0.894800 0.445853
vn -0.909270 0.097329 0.404667
vn -0.863498 0.145185 0.483003
vn -0.660155 0.628606 0.411156
vn -0.721634 0.573633 0.387544
vn -0.770485 0.557585 0.308952
vn -0.925086 0.274822 0.262086
vn -0.959773 -0.156335 0.233227
vn -0.946993 -0.234475 0.219605
vn -0.704703 -0.688885 0.169798
vn -0.758586 -0.576845 0.302980
vn -0.768489 -0.493680 0.407069
vn -0.738864 -0.644506 0.196701
vn 0.937130 0.331825 -0.108074
vn 0.976407 -0.212429 0.038775
vn 0.933263 -0.178882 -0.311481
vn 0.837057 0.456775 -0.301151
vn 0.684459 0.693704 -0.224254
vn 0.845508 0.533281 -0.026985
vn 0.959506 0.111271 0.258781
vn 0.055049 0.367305 0.928470
vn 0.134440 0.400139 0.906540
vn 0.098670 0.629029 0.771094
vn 0.006644 0.535285 0.844646
vn 0.029401 0.171004 0.984832
vn 0.133298 0.140143 0.981118
vn -0.062093 0.321666 0.944815
vn 0.764729 0.230579 0.601683
vn 0.882162 -0.028064 0.470109
vn 0.879896 0.131323 0.456659
vn 0.738836 0.356634 0.571781
vn 0.869475 0.075117 0.488232
vn 0.920176 -0.058279 0.387143
vn 0.732236 0.361150 0.577409
vn 0.829224 0.185941 0.527080
vn -0.534961 -0.516193 0.668851
vn -0.630647 -0.503407 0.590648
vn -0.172183 -0.969203 0.176064
vn -0.147954 -0.906116 0.396313
vn -0.323720 -0.352993 0.877839
vn -0.579604 0.135514 0.803552
vn -0.676263 0.300359 0.672646
vn 0.895006 -0.445336 0.025299
vn 0.983066 -0.154770 0.098121
vn 0.927217 -0.351252 0.129963
vn 0.911845 -0.409398 0.030523
vn 0.928903 -0.370276 -0.005937
vn 0.924031 -0.381662 -0.022400
vn 0.998007 0.060911 -0.016495
vn 0.328972 -0.896205 0.297649
vn 0.668326 -0.638820 0.381116
vn 0.732673 -0.375935 0.567330
vn 0.374532 -0.823076 0.426932
vn 0.059410 -0.988485 0.139167
vn 0.087663 -0.992890 0.080534
vn 0.335993 -0.934960 0.113836
vn 0.914047 -0.399905 -0.067777
vn 0.951751 -0.262378 -0.159149
vn 0.861252 -0.485426 -0.150353
vn 0.730199 -0.682845 -0.023068
vn 0.845139 -0.533864 0.027013
vn 0.941977 -0.327128 -0.075284
vn 0.601512 -0.797137 0.052494
vn 0.565737 0.451069 0.690274
vn 0.729927 0.468463 0.497744
vn 0.553039 0.663315 0.504145
vn 0.393505 0.540786 0.743441
vn 0.251655 0.361334 0.897835
vn 0.500672 0.341249 0.795536
vn 0.759277 0.298060 0.578497
vn -0.049287 -0.995230 -0.084186
vn -0.049222 -0.994811 -0.089045
vn 0.022569 -0.997848 -0.061559
vn -0.051426 -0.992095 -0.114468
vn -0.019594 -0.996551 -0.080634
vn -0.034847 -0.995149 -0.091998
vn -0.016959 -0.998945 -0.042678
vn -0.002491 -0.998866 -0.047547
vn -0.055845 -0.993691 -0.097265
vn -0.057595 -0.996905 -0.053517
vn -0.019085 -0.999392 -0.029181
vn 0.019910 0.985944 -0.165886
vn 0.032730 0.990734 -0.131817
vn 0.049300 0.987472 -0.149893
vn 0.025589 0.982945 -0.182111
vn -0.001409 0.980437 -0.196828
vn -0.006252 0.984781 -0.173689
vn 0.004940 0.991255 -0.131865
vn -0.038674 -0.999215 0.008623
vn -0.090328 -0.995511 0.028266
vn -0.101641 -0.993906 0.042673
vn -0.035327 -0.999232 0.016952
vn -0.003963 -0.999968 0.006976
vn -0.010033 -0.999943 0.003516
vn -0.038607 -0.999137 0.015306
vn 0.075153 0.996424 -0.038619
vn 0.079293 0.996493 -0.026743
vn 0.067039 0.995281 -0.070150
vn 0.068599 0.995009 -0.072461
vn 0.054308 0.997034 -0.054526
vn 0.065181 0.997744 -0.016078
vn 0.075508 0.997122 0.006760
vn 0.062156 0.997901 0.018186
vn 0.051800 0.998485 -0.018587
vn 0.071779 0.997139 0.023705
vn 0.070440 0.996709 0.040120
vn 0.060671 0.998156 -0.001910
vn 0.057728 0.998316 0.005721
vn 0.070991 0.996993 0.031075
vn 0.049178 0.998122 -0.036513
vn 0.043952 0.998673 -0.026833
vn 0.044077 0.996551 -0.070310
vn 0.032370 0.997598 -0.061245
vn 0.055223 0.994648 -0.087331
vn 0.061413 0.992851 -0.102352
vn 0.055052 0.991449 -0.118315
vn 0.039786 0.994016 -0.101735
vn 0.051734 0.989832 -0.132503
vn 0.025684 0.990426 -0.135633
vn 0.006014 0.987176 -0.159524
vn 0.036747 0.986245 -0.161154
vn 0.046845 0.993360 -0.105083
vn 0.001344 0.995047 -0.099398
vn -0.026743 0.991127 -0.130201
vn 0.030444 0.997657 -0.061266
vn -0.035291 0.998082 -0.050871
vn -0.074538 0.993128 -0.090227
vn -0.000624 0.999969 -0.007842
vn -0.081504 0.996659 0.005336
vn -0.127980 0.991067 -0.037501
vn 0.025031 0.999249 0.029563
vn -0.049378 0.998133 0.035961
vn 0.047262 0.997833 0.045768
vn -0.020216 0.999633 0.018040
vn 0.068295 0.996903 0.038990
vn 0.008574 0.998908 -0.045921
vn 0.079123 0.995751 0.047103
vn 0.080935 0.995768 0.043538
vn 0.082486 0.996306 0.023903
vn 0.067354 0.997231 0.031518
vn 0.055781 0.998066 0.027437
vn 0.069853 0.996951 0.034766
vn 0.052300 0.998607 0.006960
vn 0.041863 0.999117 0.003433
vn 0.037267 0.999000 -0.024702
vn 0.028397 0.999214 -0.027647
vn 0.022963 0.997907 -0.060452
vn 0.015252 0.997803 -0.064478
vn 0.008183 0.995081 -0.098728
vn 0.001829 0.994491 -0.104803
vn 0.020156 0.995198 -0.095787
vn -0.006471 0.990218 -0.139376
vn -0.010917 0.989149 -0.146507
vn -0.015427 0.983847 -0.178346
vn -0.020240 0.982859 -0.183246
vn -0.015651 0.979588 -0.200407
vn -0.024957 0.978755 -0.203511
vn -0.015654 0.980275 -0.197019
vn -0.027452 0.979660 -0.198776
vn -0.002482 0.980999 -0.193997
vn -0.014519 0.984660 -0.173877
vn -0.019594 0.985272 -0.169868
vn 0.015925 0.982911 -0.183392
vn -0.007935 0.984989 -0.172436
vn -0.044763 0.987172 -0.153260
vn -0.031882 0.989628 -0.140074
vn -0.044682 0.987661 -0.150095
vn -0.115429 0.982936 -0.143226
vn -0.088505 0.987015 -0.134047
vn -0.106450 0.986715 -0.122727
vn -0.217411 0.968944 -0.117817
vn -0.223966 0.964452 -0.140256
vn -0.179704 0.980505 -0.079475
vn -0.318129 0.945737 -0.066154
vn -0.386147 0.915964 -0.109086
vn -0.245834 0.969103 -0.020107
vn -0.374477 0.927232 0.002934
vn -0.482421 0.874806 -0.044546
vn -0.189502 0.981686 0.019546
vn -0.312531 0.949377 0.031755
vn -0.168371 0.985371 0.026377
vn -0.327971 0.944675 -0.004947
vn -0.160896 0.983882 -0.078024
vn -0.337233 0.919988 -0.199743
vn -0.122059 0.963413 -0.238613
vn -0.241243 0.884274 -0.399826
vn -0.063069 0.940631 -0.333521
vn -0.131946 0.856313 -0.499318
vn 0.035459 0.994383 -0.099724
vn 0.058486 0.991111 -0.119496
vn -0.000767 0.933185 -0.359395
vn 0.079996 0.996749 0.009642
vn -0.028769 0.985611 -0.166561
vn -0.025271 0.993897 -0.107376
vn -0.022629 0.992302 -0.121760
vn -0.016200 0.998906 -0.043876
vn -0.011601 0.999891 -0.009154
vn -0.042927 0.994929 -0.090956
vn -0.071935 0.995350 0.064066
vn -0.028024 0.985419 0.167819
vn -0.166185 0.982818 -0.080326
vn -0.452096 0.869312 0.199765
vn -0.278941 0.835486 0.473450
vn -0.445055 0.890940 -0.090291
vn -0.784099 0.611118 0.108278
vn -0.719432 0.480012 0.502002
vn -0.617526 0.782672 -0.078013
vn -0.782149 0.623087 0.002559
vn -0.865061 0.437528 0.245436
vn -0.595036 0.803671 -0.006734
vn -0.549907 0.833893 0.047162
vn -0.704752 0.701377 0.106745
vn -0.448118 0.893358 0.033199
vn -0.383805 0.920937 0.067595
vn -0.379291 0.924466 0.038734
vn -0.285533 0.957372 0.043702
vn -0.398310 0.916075 -0.046438
vn -0.248232 0.965831 -0.074504
vn -0.366308 0.895216 -0.253785
vn -0.203561 0.955541 -0.213318
vn -0.240446 0.880881 -0.407718
vn -0.109613 0.960896 -0.254292
vn -0.117464 0.874005 -0.471506
vn -0.027841 0.975301 -0.219119
vn -0.043751 0.858508 -0.510930
vn 0.001829 0.982496 -0.186276
vn -0.047101 0.841635 -0.537989
vn 0.037277 0.961121 0.273601
vn 0.073476 0.994980 -0.067950
vn 0.092076 0.940942 -0.325806
vn 0.095292 0.887802 -0.450252
vn 0.090477 0.880190 -0.465918
vn 0.082873 0.901798 -0.424138
vn 0.212518 0.849006 -0.483762
vn 0.225026 0.870255 -0.438201
vn 0.191295 0.869256 -0.455851
vn 0.082541 0.918824 -0.385941
vn 0.173817 0.899204 -0.401523
vn 0.351059 0.785671 -0.509391
vn 0.378595 0.784168 -0.491676
vn 0.326732 0.825310 -0.460554
vn 0.174434 0.919634 -0.351917
vn 0.315829 0.867743 -0.383764
vn 0.504367 0.672735 -0.541333
vn 0.531122 0.649859 -0.543684
vn 0.498656 0.732029 -0.464194
vn 0.319918 0.897784 -0.302713
vn 0.616261 0.560465 -0.553264
vn 0.615605 0.510762 -0.600127
vn 0.658377 0.424288 -0.621707
vn 0.667675 0.402589 -0.626204
vn 0.687968 0.298550 -0.661490
vn 0.710326 0.291134 -0.640841
vn 0.720771 0.079869 -0.688557
vn 0.745061 0.049295 -0.665172
vn 0.660488 -0.363637 -0.656905
vn 0.666697 -0.415995 -0.618436
vn 0.387258 -0.821306 -0.418911
vn 0.397810 -0.828416 -0.394303
vn 0.392003 -0.811847 -0.432710
vn 0.116719 -0.981412 -0.152338
vn 0.134275 -0.979106 -0.152714
vn 0.376868 -0.820833 -0.429190
vn 0.086980 -0.984993 -0.149075
vn 0.362929 -0.849017 -0.383995
vn 0.073097 -0.988252 -0.134217
vn 0.369005 -0.876400 -0.309447
vn 0.085702 -0.991080 -0.102054
vn 0.759324 -0.308059 -0.573172
vn 0.771480 -0.357431 -0.526366
vn 0.371869 -0.893062 -0.253286
vn 0.775359 0.326975 -0.540284
vn 0.781670 0.307675 -0.542520
vn 0.666300 0.602963 -0.438726
vn 0.654109 0.593285 -0.469206
vn 0.712067 0.579877 -0.395858
vn 0.605133 0.747579 -0.273750
vn 0.543721 0.761309 -0.353237
vn 0.727336 0.668588 -0.154831
vn 0.842276 0.537038 -0.046503
vn 0.532168 0.846326 0.023024
vn 0.380522 0.915161 -0.132977
vn 0.745097 0.640763 0.185076
vn 0.890620 0.454744 0.001852
vn 0.881984 0.403272 0.243876
vn 0.558273 0.736264 0.382422
vn 0.206462 0.959454 0.191891
vn 0.840636 0.338533 0.422760
vn 0.947686 0.241563 0.208661
vn 0.947714 0.035458 0.317146
vn 0.849113 0.195121 0.490851
vn 0.430926 0.738794 0.518156
vn 0.937383 -0.197275 0.287048
vn 0.979815 -0.129077 0.152652
vn 0.922812 -0.375672 0.085377
vn 0.912460 -0.387914 0.130149
vn 0.893798 -0.023097 0.447875
vn 0.848946 -0.519487 -0.097082
vn 0.886930 -0.447904 -0.112859
vn 0.770387 -0.555155 -0.313540
vn 0.808613 -0.474721 -0.347542
vn 0.901424 -0.427863 -0.066085
vn 0.667923 -0.468639 -0.578149
vn 0.670240 -0.506675 -0.542272
vn 0.548467 -0.412970 -0.727076
vn 0.691594 -0.263513 -0.672501
vn 0.831012 -0.306822 -0.463982
vn 0.588828 -0.302561 -0.749492
vn 0.521737 -0.369939 -0.768723
vn 0.552393 -0.363373 -0.750214
vn 0.772535 -0.172620 -0.611058
vn 0.822303 -0.117391 -0.556810
vn 0.725348 -0.245399 -0.643156
vn 0.861242 -0.146864 -0.486511
vn 0.877118 -0.093973 -0.470991
vn 0.676156 -0.368098 -0.638214
vn 0.817893 -0.280687 -0.502261
vn 0.546353 -0.442021 -0.711418
vn 0.542954 -0.389641 -0.743895
vn 0.581086 -0.519784 -0.626230
vn 0.556336 -0.605655 -0.568922
vn 0.637742 -0.566152 -0.522262
vn 0.716613 -0.545893 -0.434127
vn 0.514282 -0.809195 -0.284107
vn 0.497864 -0.828618 -0.255974
vn 0.339691 -0.934973 -0.102151
vn 0.268806 -0.958408 -0.095909
vn 0.184908 -0.982411 -0.026028
vn 0.118140 -0.992494 -0.031616
vn 0.069808 -0.997556 -0.002918
vn 0.035831 -0.999314 -0.009391
vn 0.102199 -0.994614 -0.017297
vn 0.086876 -0.994864 -0.051948
vn 0.022302 -0.999742 -0.004394
vn 0.012542 -0.999921 -0.000341
vn 0.016011 -0.999811 -0.010996
vn 0.035331 -0.997663 -0.058489
vn -0.001624 -0.999974 -0.007010
vn -0.002199 -0.999997 0.000624
vn -0.001161 -0.999999 -0.000555
vn -0.003114 -0.999981 0.005401
vn -0.013899 -0.999869 0.008347
vn -0.004580 -0.999882 0.014681
vn -0.000698 -0.999973 0.007271
vn -0.000079 -0.999999 0.001528
vn -0.001865 -0.999834 0.018111
vn -0.006650 -0.999574 0.028410
vn -0.003440 -0.999477 0.032151
vn -0.000967 -0.999782 0.020842
vn -0.000286 -0.999960 0.008911
vn -0.002204 -0.999385 0.035011
vn -0.004242 -0.998959 0.045431
vn -0.003496 -0.998921 0.046306
vn -0.003837 -0.998706 0.050713
vn -0.002813 -0.998563 0.053525
vn 0.000618 -0.998601 0.052870
vn -0.002739 -0.998877 0.047299
vn -0.000777 -0.999319 0.036898
vn 0.003815 -0.999112 0.041972
vn 0.004589 -0.999845 0.016979
vn 0.001292 -0.999878 0.015579
vn 0.002908 -0.999943 -0.010238
vn 0.003961 -0.999942 -0.009970
vn 0.007317 -0.999072 0.042454
vn 0.000363 -0.999339 0.036342
vn -0.015562 -0.945898 0.324090
vn 0.025273 -0.933582 0.357471
vn 0.060233 0.056004 0.996612
vn -0.043684 -0.064163 0.996983
vn -0.018661 0.638927 0.769041
vn 0.050043 0.669296 0.741309
vn 0.068969 0.640415 0.764926
vn 0.007331 0.611826 0.790958
vn 0.041010 0.347448 0.936802
vn 0.109159 0.388772 0.914845
vn 0.140545 0.122363 0.982484
vn 0.065758 0.097723 0.993039
vn 0.062022 0.010612 0.998018
vn 0.036191 0.041755 0.998472
vn 0.148169 -0.006661 0.988940
vn 0.141031 -0.004314 0.989996
vn 0.172262 -0.003338 0.985045
vn 0.178950 -0.013126 0.983771
vn 0.168578 0.141846 0.975429
vn 0.148481 0.408443 0.900626
vn 0.127193 0.017409 0.991725
vn 0.148377 0.020388 0.988721
vn 0.041137 0.072259 0.996537
vn 0.085271 0.084916 0.992733
vn -0.037195 0.173204 0.984183
vn 0.031715 0.161046 0.986437
vn -0.058115 0.285910 0.956493
vn 0.028144 0.238360 0.970769
vn -0.065096 0.442320 0.894492
vn 0.029666 0.439360 0.897821
vn 0.035166 0.350818 0.935783
vn 0.018644 0.596631 0.802299
vn 0.108371 0.465338 0.878474
vn 0.101278 0.669239 0.736113
vn 0.178405 0.378204 0.908368
vn 0.109893 0.683622 0.721515
vn 0.164199 0.220445 0.961479
vn 0.113740 0.646800 0.754131
vn 0.094777 -0.884329 0.457144
vn 0.205815 -0.677060 0.706562
vn 0.021641 -0.997331 0.069735
vn 0.096983 -0.979395 0.177142
vn 0.004168 -0.999989 -0.002265
vn 0.053550 -0.997710 0.041324
vn 0.002809 -0.999804 0.019587
vn 0.038376 -0.998508 0.038855
vn 0.003121 -0.998799 0.048893
vn 0.030346 -0.997340 0.066272
vn -0.000055 -0.998047 0.062475
vn 0.019447 -0.996274 0.084028
vn -0.004950 -0.998225 0.059347
vn 0.004407 -0.997097 0.076009
vn -0.007504 -0.998962 0.044940
vn -0.008848 -0.998671 0.050765
vn -0.015601 -0.999500 0.027494
vn 0.013118 -0.999156 0.038939
vn 0.054207 -0.995132 0.082307
vn 0.002509 -0.999915 -0.012830
vn 0.141822 -0.988181 -0.058177
vn 0.196553 -0.978591 0.061039
vn 0.494463 -0.862813 -0.105165
vn 0.603088 -0.794102 0.075414
vn 0.875359 -0.477032 -0.078657
vn 0.935962 -0.344130 0.074493
vn 0.999585 -0.020363 0.020400
vn 0.997069 0.038824 0.065932
vn 0.986788 -0.119434 -0.109480
vn 0.947082 0.320962 0.004493
vn 0.944106 0.324077 0.060313
vn 0.954684 -0.144129 -0.260395
vn 0.938511 0.312900 -0.145915
vn 0.884447 -0.087312 -0.458401
vn 0.896532 0.293584 -0.331722
vn 0.782240 -0.076233 -0.618296
vn 0.848003 0.232915 -0.476069
vn 0.678661 -0.309939 -0.665850
vn 0.615069 -0.294243 -0.731513
vn 0.732386 -0.174464 -0.658159
vn 0.606326 -0.386364 -0.695048
vn 0.756814 -0.332927 -0.562487
vn 0.825236 -0.445875 -0.346671
vn 0.952512 -0.171241 -0.251789
vn 0.894085 -0.055982 -0.444386
vn 0.980570 -0.192159 -0.039457
vn 0.986087 0.160745 -0.042357
vn 0.948357 0.237242 -0.210558
vn 0.980944 0.161127 0.108566
vn 0.896413 0.443167 -0.006790
vn 0.867824 0.491047 -0.075858
vn 0.901267 0.433083 0.012550
vn 0.677480 0.728200 -0.103663
vn 0.503439 0.858494 -0.097659
vn 0.399999 0.916515 0.000540
vn 0.588999 0.803256 -0.088658
vn 0.794311 0.585769 -0.161076
vn 0.448124 0.893971 0.001127
vn 0.676605 0.718539 -0.160960
vn 0.870008 0.374198 -0.321032
vn 0.548968 0.832846 -0.070723
vn 0.789424 0.525596 -0.317109
vn 0.843045 0.107363 -0.527019
vn 0.742705 0.628115 -0.232079
vn 0.468620 0.883334 0.010826
vn 0.450445 0.891574 0.046862
vn 0.735679 0.666334 -0.121552
vn 0.268396 0.955596 0.121654
vn 0.276609 0.956833 0.089204
vn 0.320478 0.942021 0.099452
vn 0.185930 0.966925 0.174600
vn 0.182241 0.974649 0.129795
vn 0.266867 0.955568 0.125190
vn 0.150474 0.966834 0.206372
vn 0.113957 0.974972 0.190901
vn 0.256545 0.961342 0.100027
vn 0.158758 0.967925 0.194723
vn 0.097063 0.963422 0.249794
vn 0.366243 0.929321 -0.047207
vn 0.250582 0.967411 0.036402
vn 0.309038 0.943806 -0.117160
vn 0.198573 0.978355 -0.058221
vn 0.143331 0.981297 0.128503
vn 0.324632 0.919430 -0.221951
vn 0.212889 0.954693 -0.207942
vn 0.194341 0.934704 -0.297589
vn 0.113510 0.944081 -0.309558
vn 0.106796 0.978164 -0.178294
vn 0.096348 0.926897 -0.362738
vn 0.062349 0.997831 0.021125
vn 0.013123 0.980336 0.196901
vn 0.011967 0.967097 0.254127
vn 0.076462 0.981831 0.173672
vn 0.172414 0.984866 0.017661
vn 0.243180 0.965735 -0.090663
vn 0.257848 0.965063 -0.046571
vn 0.212284 0.969127 0.125412
vn 0.139727 0.955809 0.258663
vn 0.078213 0.958621 0.273731
vn 0.028415 0.984853 0.171048
vn -0.001647 0.996825 -0.079608
vn 0.020822 0.948274 -0.316770
vn 0.066476 0.939620 -0.335701
vn 0.094957 0.976312 -0.194417
vn 0.099620 0.995016 0.004320
vn 0.084788 0.965570 0.245938
vn 0.054552 0.821530 0.567549
vn 0.023916 0.513316 0.857866
vn 0.016421 0.201882 0.979272
vn 0.140601 0.163631 0.976451
vn 0.150130 0.503556 0.850819
vn 0.200216 0.159821 0.966629
vn 0.215637 0.509322 0.833122
vn 0.192590 0.198831 0.960924
vn 0.222117 0.533729 0.815964
vn 0.155623 0.257966 0.953538
vn 0.212536 0.557621 0.802426
vn 0.131348 0.311991 0.940962
vn 0.226106 0.570642 0.789458
vn 0.152390 0.350340 0.924143
vn 0.283724 0.569371 0.771568
vn 0.133692 0.301336 0.944099
vn 0.399830 0.307190 0.863580
vn 0.305436 0.289508 0.907135
vn 0.677187 0.033617 0.735043
vn 0.719159 0.208104 0.662950
vn 0.284263 0.173973 0.942830
vn 0.579279 -0.380324 0.720964
vn 0.286757 -0.209094 0.934907
vn 0.319050 -0.828265 0.460635
vn 0.255944 -0.951284 0.171905
vn 0.625812 -0.687121 0.369087
vn 0.215448 -0.971058 0.103094
vn 0.580926 -0.786083 0.211184
vn 0.187994 -0.975190 0.116892
vn 0.540660 -0.818004 0.196357
vn 0.155309 -0.977603 0.142029
vn 0.492549 -0.840364 0.226239
vn 0.107805 -0.985762 0.129041
vn 0.410744 -0.886610 0.212633
vn 0.298844 -0.943857 0.140805
vn 0.709986 -0.684080 0.167198
vn 0.793925 -0.563606 0.228105
vn 0.959231 -0.256309 0.119090
vn 0.969396 -0.200604 0.141525
vn 0.997989 0.046466 0.043114
vn 0.998818 0.038988 0.029020
vn 0.954648 0.293245 -0.051524
vn 0.954432 0.285742 -0.086089
vn 0.948967 0.314404 0.024758
vn 0.794485 0.604446 -0.058649
vn 0.801351 0.577581 -0.155685
vn 0.775752 0.630612 0.023175
vn 0.529660 0.846794 -0.048995
vn 0.551442 0.821073 -0.147480
vn 0.758250 0.650703 0.040529
vn 0.498503 0.866640 0.020714
vn 0.746135 0.665567 -0.017408
vn 0.468141 0.882222 0.050285
vn 0.307353 0.950756 0.039961
vn 0.333969 0.942382 -0.019538
vn 0.249954 0.968234 0.006825
vn 0.253298 0.966923 -0.029997
vn 0.217446 0.974389 0.057293
vn 0.186725 0.982385 0.007270
vn 0.211262 0.977393 -0.008466
vn 0.140886 0.985733 0.092099
vn 0.147261 0.988481 0.034939
vn 0.190706 0.980989 -0.035945
vn 0.101160 0.980215 0.170135
vn 0.142132 0.983393 0.112859
vn 0.207185 0.977842 -0.029986
vn 0.089389 0.965568 0.244311
vn 0.090009 0.962518 0.255848
vn 0.242030 0.968514 -0.058329
vn 0.225859 0.972962 0.048294
vn 0.198993 0.979991 0.004410
vn 0.164242 0.971620 0.170230
vn 0.159473 0.983856 0.081220
vn 0.191770 0.981408 0.007891
vn 0.080518 0.991985 0.097381
vn 0.127115 0.991826 -0.011059
vn 0.220676 0.971452 -0.087079
vn 0.037762 0.995337 -0.088760
vn 0.165597 0.971235 -0.171117
vn 0.343589 0.933896 -0.098915
vn 0.336265 0.921797 -0.192915
vn 0.116383 0.962653 -0.244446
vn 0.323258 0.908719 -0.264072
vn 0.559375 0.795483 -0.233038
vn 0.322492 0.915232 -0.241558
vn 0.563145 0.793620 -0.230296
vn 0.798403 0.574563 -0.180085
vn 0.559069 0.821893 -0.109239
vn 0.787519 0.610469 -0.084510
vn 0.947348 0.319832 -0.015501
vn 0.753410 0.654394 0.064361
vn 0.918085 0.377208 0.121796
vn 0.995681 0.054403 0.075236
vn 0.978386 0.106468 0.177275
vn 0.869247 0.424364 0.253623
vn 0.940952 0.174588 0.290050
vn 0.968874 -0.127137 0.212415
vn 0.971630 -0.169712 0.164720
vn 0.954713 -0.053168 0.292739
vn 0.878702 0.242271 0.411324
vn 0.897225 0.062120 0.437182
vn 0.879492 -0.385816 0.278638
vn 0.863179 -0.448261 0.232346
vn 0.860656 -0.240660 0.448726
vn 0.839371 -0.488720 0.237926
vn 0.810791 0.453960 0.369512
vn 0.647619 0.686465 0.330688
vn 0.705464 0.680670 0.197509
vn 0.487606 0.856630 0.168598
vn 0.445931 0.837560 0.315656
vn 0.529093 0.847399 0.044451
vn 0.316662 0.946465 0.062686
vn 0.293916 0.939773 0.174471
vn 0.328767 0.939178 -0.099286
vn 0.126578 0.987853 -0.090132
vn 0.153857 0.985061 0.077357
vn 0.102915 0.967837 -0.229563
vn -0.063412 0.973627 -0.219155
vn -0.024840 0.992893 -0.116387
vn -0.038938 0.981048 -0.189812
vn -0.105341 0.985708 -0.131469
vn -0.134918 0.963951 -0.229339
vn -0.018666 0.999672 0.017553
vn -0.004732 0.993776 0.111298
vn -0.078504 0.992658 -0.092019
vn 0.083093 0.976142 0.200604
vn -0.093645 0.959718 -0.264902
vn -0.048881 0.963261 -0.264081
vn -0.092852 0.979007 -0.181450
vn 0.020391 0.991642 -0.127395
vn -0.007344 0.999444 -0.032535
vn 0.044196 0.997908 0.047192
vn 0.071665 0.990773 0.115034
vn 0.099285 0.980581 0.169124
vn 0.166640 0.968464 0.185228
vn 0.142823 0.944631 0.295423
vn 0.183604 0.933639 0.307583
vn 0.281858 0.907237 0.312213
vn 0.213147 0.816292 0.536875
vn 0.272684 0.795919 0.540515
vn 0.385975 0.753745 0.531876
vn 0.194911 0.823307 0.533080
vn 0.186639 0.821789 0.538357
vn 0.131365 0.952703 0.274046
vn 0.119805 0.960455 0.251344
vn 0.145396 0.821286 0.551678
vn 0.079771 0.995742 0.046203
vn -0.000028 -0.999998 0.002223
vn 0.000046 -1.000000 0.000057
vn 0.000039 -1.000000 -0.000129
vn 0.000031 -1.000000 0.000002
vn 0.000153 -1.000000 -0.000066
vn 0.000635 -1.000000 -0.000643
vn 0.001650 -0.999995 -0.002629
vn 0.002734 -0.999978 -0.006110
vn 0.003213 -0.999913 -0.012838
vn 0.001675 -0.999444 -0.033302
vn -0.001328 -0.997262 -0.073942
vn -0.001957 -0.992632 -0.121149
vn -0.000075 -0.990739 -0.135778
vn 0.002101 -0.997307 -0.073314
vn 0.009278 -0.998930 0.045298
vn 0.020942 -0.993999 0.107366
vn 0.027813 -0.995080 0.095096
vn 0.030036 -0.997632 0.061868
vn 0.030693 -0.998886 0.035836
vn 0.030241 -0.999303 0.021893
vn 0.026724 -0.999534 0.014737
vn 0.018399 -0.999812 0.006063
vn 0.010381 -0.999945 0.001558
vn 0.005082 -0.999982 0.003232
vn 0.001948 -0.999994 0.002738
vn 0.001432 -0.999998 0.001625
vn 0.001068 -0.999995 0.002854
vn -0.004143 -0.999928 0.011242
vn -0.014466 -0.999575 0.025313
vn -0.021350 -0.999209 0.033544
vn -0.008091 -0.999964 0.002768
vn 0.044467 -0.989921 -0.134461
vn 0.150724 -0.881651 -0.447185
vn 0.259802 -0.517852 -0.815066
vn 0.290790 -0.057586 -0.955052
vn 0.269540 0.205688 -0.940766
vn 0.245384 0.274141 -0.929857
vn 0.235068 0.308511 -0.921718
vn 0.218886 0.429123 -0.876323
vn 0.177315 0.631372 -0.754937
vn 0.101947 0.880244 -0.463440
vn 0.013523 0.998170 0.058943
vn -0.029775 0.892261 0.450538
vn -0.039983 0.815189 0.577813
vn -0.053860 0.766460 0.640030
vn -0.081823 0.588446 0.804386
vn -0.097695 0.343022 0.934233
vn -0.073896 0.433332 0.898200
vn -0.022724 0.779710 0.625728
vn 0.000594 0.973729 0.227708
vn -0.126213 0.801231 0.584892
vn -0.242889 0.420053 0.874391
vn -0.473645 0.410146 0.779384
vn -0.508532 0.330316 0.795164
vn -0.282112 0.341242 0.896642
vn -0.737200 0.333285 0.587756
vn -0.653861 0.511721 0.557321
vn -0.458929 0.539133 0.706201
vn -0.759862 0.569425 0.313633
vn -0.568111 0.755476 0.326353
vn -0.490602 0.742458 0.456143
vn -0.514362 0.838714 0.178858
vn -0.315400 0.921345 0.227258
vn -0.380867 0.872425 0.306292
vn -0.353370 0.929232 0.107967
vn -0.154277 0.974555 0.162607
vn -0.184077 0.977732 0.100774
vn 0.004345 0.992373 0.123195
vn -0.100355 0.994006 0.043374
vn 0.027299 0.999164 0.030426
vn -0.103219 0.991074 -0.084371
vn 0.006132 0.996266 -0.086118
vn -0.068813 0.985819 -0.153052
vn 0.081926 0.994520 -0.064953
vn 0.024527 0.998582 -0.047255
vn 0.144434 0.978920 0.144412
vn 0.316410 0.914868 0.250801
vn 0.315263 0.948473 0.031760
vn 0.540120 0.786358 0.299852
vn 0.576539 0.812982 0.081632
vn 0.461387 0.741427 0.487245
vn 0.627286 0.631084 0.456339
vn 0.692630 0.671612 0.263062
vn 0.398727 0.688117 0.606228
vn 0.580423 0.532317 0.616237
vn 0.407794 0.698937 0.587530
vn 0.588903 0.491293 0.641735
vn 0.237127 0.849043 0.472121
vn 0.110252 0.928568 0.354410
vn 0.184546 0.982823 -0.001330
vn 0.331915 0.933181 0.137863
vn 0.490248 0.792026 0.363801
vn 0.384863 0.905564 -0.178422
vn 0.565543 0.821930 0.067758
vn 0.622627 0.566993 0.539310
vn 0.687821 0.634230 0.353064
vn 0.596366 0.774376 -0.211397
vn 0.755372 0.653114 0.053440
vn 0.761014 0.428419 0.487149
vn 0.839071 0.489170 0.238059
vn 0.743958 0.602349 -0.289312
vn 0.854245 0.498549 -0.147359
vn 0.906474 0.334147 0.258167
vn 0.839992 0.269307 0.471049
vn 0.926157 0.358786 -0.116218
vn 0.973482 0.117723 -0.196150
vn 0.973228 0.158963 0.166008
vn 0.821735 0.325889 -0.467490
vn 0.855619 0.065271 -0.513475
vn 0.757687 0.443013 -0.479217
vn 0.667237 0.527735 -0.525634
vn 0.574284 0.694216 -0.433892
vn 0.395120 0.835694 -0.381438
vn 0.220657 0.931797 -0.288210
vn 0.755251 -0.408989 -0.512176
vn 0.904299 -0.313584 -0.289668
vn 0.463380 -0.815914 -0.345781
vn 0.598467 -0.757685 -0.260291
vn 0.191905 -0.972415 -0.132594
vn 0.288805 -0.949639 -0.121561
vn 0.141945 -0.979014 -0.146230
vn 0.028095 -0.999435 -0.018438
vn 0.068385 -0.997638 -0.006510
vn 0.017787 -0.999500 -0.026137
vn -0.021282 -0.999755 0.006148
vn 0.005252 -0.999353 -0.035589
vn -0.036569 -0.999330 -0.001802
vn -0.012825 -0.998983 -0.043236
vn -0.049208 -0.998758 -0.007767
vn -0.023837 -0.998843 -0.041761
vn -0.055383 -0.998423 -0.009149
vn -0.014934 -0.999512 -0.027439
vn -0.047921 -0.998822 -0.007570
vn 0.003882 -0.999923 -0.011809
vn -0.027147 -0.999627 -0.002941
vn 0.099395 -0.992528 -0.070776
vn 0.097002 -0.993324 -0.062442
vn 0.010737 -0.999919 -0.006775
vn 0.358023 -0.903577 -0.235304
vn 0.332734 -0.914331 -0.230841
vn 0.085123 -0.994497 -0.061074
vn 0.763267 -0.393594 -0.512354
vn 0.746428 -0.427003 -0.510406
vn 0.789843 0.275341 -0.548028
vn 0.800543 0.248493 -0.545328
vn 0.662161 0.577451 -0.477591
vn 0.680337 0.565214 -0.466557
vn 0.525125 0.759723 -0.383490
vn 0.534219 0.762380 -0.365222
vn 0.525144 0.758406 -0.386061
vn 0.319964 0.918731 -0.231423
vn 0.315087 0.924544 -0.214335
vn 0.329624 0.919592 -0.213771
vn 0.022802 0.999630 -0.014854
vn 0.032867 0.999371 -0.013312
vn 0.044970 0.998097 0.042195
vn -0.222329 0.957733 0.182531
vn -0.238056 0.959202 0.152513
vn -0.044514 0.947851 0.315589
vn -0.219468 0.884309 0.412106
vn -0.394373 0.879848 0.265211
vn 0.382061 0.661852 0.644966
vn 0.235203 0.549464 0.801728
vn -0.455232 0.763042 0.458836
vn 0.916038 -0.219215 0.335886
vn 0.927485 -0.336797 0.162294
vn -0.320606 0.436528 0.840628
vn 0.906919 -0.352235 -0.231144
vn 0.907255 -0.225744 -0.354862
vn 0.947367 -0.319771 -0.015538
vn 0.871206 -0.163934 -0.462738
vn 0.917222 -0.049438 -0.395297
vn 0.947032 -0.089028 -0.308552
vn 0.892392 -0.049902 -0.448494
vn 0.951067 -0.041412 -0.306198
vn 0.972381 -0.059340 -0.225731
vn 0.931822 -0.069177 -0.356263
vn 0.965428 -0.142618 -0.218196
vn 0.976218 -0.170881 -0.133408
vn 0.914767 -0.133058 -0.381440
vn 0.948598 -0.165920 -0.269503
vn 0.878274 -0.299595 -0.372662
vn 0.895239 -0.362400 -0.259256
vn 0.744135 -0.593238 -0.307135
vn 0.681512 -0.709442 -0.179539
vn 0.445112 -0.876588 -0.182942
vn 0.367602 -0.925938 -0.086654
vn 0.202150 -0.975808 -0.083272
vn 0.170783 -0.984519 -0.039453
vn 0.083115 -0.995829 -0.037639
vn 0.075378 -0.996932 -0.021110
vn 0.028012 -0.999476 -0.016211
vn 0.030523 -0.999451 -0.012882
vn 0.008122 -0.999945 -0.006620
vn 0.012027 -0.999893 -0.008369
vn 0.005824 -0.999980 -0.002359
vn 0.000695 -1.000000 -0.000308
vn 0.002340 -0.999994 -0.002466
vn -0.000177 -1.000000 -0.000189
vn 0.000327 -1.000000 -0.000079
vn 0.000211 -1.000000 0.000050
vn 0.000248 -1.000000 -0.000118
vn 0.000571 -1.000000 -0.000662
vn 0.002476 -0.999995 -0.002212
vn 0.005081 -0.999975 -0.004967
vn 0.005501 -0.999975 -0.004362
vn 0.008035 -0.999946 -0.006603
vn 0.008922 -0.999930 -0.007795
vn 0.010310 -0.999898 -0.009940
vn 0.013543 -0.999811 -0.013944
vn 0.012601 -0.999781 -0.016721
vn 0.017046 -0.999437 -0.028889
vn 0.014595 -0.999483 -0.028658
vn 0.013906 -0.997788 -0.064999
vn 0.011828 -0.998486 -0.053714
vn 0.005234 -0.993395 -0.114628
vn -0.000646 -0.995413 -0.095673
vn -0.004529 -0.991913 -0.126837
vn -0.015786 -0.994281 -0.105625
vn -0.007459 -0.998327 -0.057335
vn -0.016302 -0.998998 -0.041687
vn -0.023141 -0.999118 -0.035035
vn 0.001018 -0.999631 0.027167
vn 0.000742 -0.999851 0.017263
vn -0.010239 -0.999534 -0.028751
vn 0.021394 -0.999680 0.013530
vn 0.016314 -0.999466 0.028330
vn 0.031557 -0.999335 0.018258
vn 0.111799 -0.993247 0.030995
vn 0.090229 -0.995903 0.006084
vn 0.099960 -0.994658 0.025765
vn 0.025789 -0.999657 0.004669
vn 0.071050 -0.997403 0.011766
vn 0.308932 -0.948101 0.075275
vn 0.407398 -0.905966 0.115122
vn 0.219238 -0.974558 0.046590
vn 0.038454 -0.999256 0.002808
vn 0.147327 -0.988597 0.031152
vn 0.588601 -0.798162 0.128402
vn 0.734439 -0.652638 0.186179
vn 0.460326 -0.883590 0.085842
vn 0.103296 -0.994025 0.035269
vn 0.385202 -0.920315 0.068115
vn 0.929601 -0.341109 0.139596
vn 0.954982 -0.231266 0.185812
vn 0.896286 -0.431614 0.101886
vn 0.379362 -0.921677 0.081218
vn 0.884651 -0.458319 0.085649
vn 0.956294 0.278067 0.090444
vn 0.967203 0.227317 0.113335
vn 0.952991 0.293129 0.076703
vn 0.892281 -0.447538 0.059539
vn 0.961916 0.272202 0.024964
vn 0.770302 0.634285 0.065706
vn 0.858758 0.509052 0.058311
vn 0.720658 0.692533 0.032414
vn 0.973690 0.199350 -0.110401
vn 0.728957 0.678024 -0.094370
vn 0.642402 0.766165 0.017621
vn 0.825200 0.564584 0.017037
vn 0.559468 0.826271 -0.065362
vn 0.762509 0.582831 -0.280872
vn 0.616584 0.752794 -0.230487
vn 0.979356 0.020771 -0.201074
vn 0.992742 -0.047373 -0.110540
vn 0.945790 -0.025816 -0.323750
vn 0.725905 0.557626 -0.402637
vn 0.905710 -0.089678 -0.414304
vn 0.915378 -0.299371 -0.269184
vn 0.964982 -0.191301 -0.179483
vn 0.850578 -0.384621 -0.358586
vn 0.866764 -0.119060 -0.484299
vn 0.810429 -0.373385 -0.451429
vn 0.933291 -0.175285 -0.313437
vn 0.980295 -0.043652 -0.192657
vn 0.869535 -0.205933 -0.448888
vn 0.775862 -0.276262 -0.567202
vn 0.795864 -0.133485 -0.590578
vn 0.915703 0.133081 -0.379180
vn 0.962361 0.175824 -0.207237
vn 0.823377 0.158121 -0.545022
vn 0.673676 -0.000446 -0.739027
vn 0.677255 0.206849 -0.706073
vn 0.818367 0.333146 -0.468284
vn 0.896894 0.337385 -0.285926
vn 0.681199 0.348780 -0.643677
vn 0.469591 0.256696 -0.844743
vn 0.466504 0.384430 -0.796610
vn 0.665384 0.464444 -0.584428
vn 0.814649 0.397230 -0.422558
vn 0.430787 0.560128 -0.707587
vn 0.305720 0.837057 -0.453730
vn 0.545824 0.726493 -0.417473
vn 0.057821 0.995313 0.077513
vn 0.160981 0.986535 0.028888
vn -0.108460 0.891982 0.438867
vn -0.179418 0.916110 0.358540
vn -0.157416 0.831330 0.533020
vn -0.291315 0.844018 0.450300
vn -0.187987 0.781974 0.594287
vn -0.352727 0.769441 0.532488
vn -0.250546 0.578685 0.776112
vn -0.362745 0.852424 0.376551
vn -0.135260 0.953283 0.270103
vn -0.007855 0.973522 0.228460
vn 0.582727 0.812656 0.004365
vn 0.372737 0.927563 -0.026332
vn 0.120247 0.967417 0.222812
vn 0.689877 0.717612 0.095408
vn 0.220677 0.956511 0.190759
vn 0.705475 0.695951 0.134003
vn 0.265905 0.956266 0.121858
vn 0.661311 0.746229 0.076221
vn 0.226417 0.973992 0.008667
vn 0.582791 0.812068 -0.029997
vn 0.232567 0.970096 -0.069469
vn 0.557895 0.827944 -0.057120
vn 0.772792 0.630595 -0.071704
vn 0.815092 0.575521 -0.066338
vn 0.744838 0.664361 0.061968
vn 0.805476 0.592565 0.008679
vn 0.825030 0.556959 -0.095508
vn 0.777958 0.599843 0.187001
vn 0.835074 0.538641 0.111881
vn 0.814451 0.578951 -0.038555
vn 0.754367 0.530631 0.386473
vn 0.869372 0.392488 0.300242
vn 0.965367 0.164571 0.202444
vn 0.916490 0.397399 0.046039
vn 0.947842 -0.139888 0.286403
vn 0.931558 -0.241851 0.271491
vn 0.950914 -0.284164 0.122534
vn 0.956671 -0.153241 0.247583
vn 0.984639 -0.090165 0.149522
vn 0.965747 -0.045289 0.255504
vn 0.980643 0.019198 0.194861
vn 0.942783 -0.031697 0.331897
vn 0.944606 -0.021695 0.327490
vn 0.957907 -0.081379 0.275303
vn 0.915522 0.029713 0.401169
vn 0.927227 0.032806 0.373060
vn 0.895038 0.100754 0.434461
vn 0.922484 0.062563 0.380933
vn 0.912770 0.150892 0.379582
vn 0.956130 0.023286 0.292017
vn 0.991126 -0.126528 0.040751
vn 0.797843 -0.596762 -0.085569
vn 0.938761 -0.292111 0.182753
vn 0.294116 -0.947105 -0.128405
vn 0.304107 -0.948160 -0.092258
vn 0.022324 -0.998593 -0.048105
vn 0.097712 -0.995187 -0.007491
vn -0.001875 -0.999927 -0.011960
vn 0.013077 -0.999892 -0.006641
vn 0.093550 -0.995436 0.018872
vn 0.031245 -0.999511 -0.000787
vn 0.004984 -0.999876 -0.014940
vn 0.052719 -0.998604 0.003389
vn 0.022432 -0.999725 -0.006796
vn 0.001482 -0.999712 -0.023959
vn 0.012116 -0.999836 -0.013493
vn 0.039618 -0.999206 -0.004175
vn 0.020187 -0.999759 -0.008597
vn 0.010842 -0.999802 -0.016703
vn 0.007021 -0.999578 -0.028174
vn 0.012673 -0.999865 -0.010440
vn 0.026821 -0.999603 -0.008646
vn 0.013293 -0.999879 -0.008106
vn 0.058273 -0.998264 -0.008556
vn 0.124502 -0.992169 -0.010015
vn 0.082747 -0.996568 0.002323
vn 0.174807 -0.984564 0.008777
vn 0.262070 -0.964821 -0.020952
vn 0.124070 -0.992120 0.017452
vn 0.289934 -0.956347 0.036605
vn 0.379907 -0.924997 0.007095
vn 0.221742 -0.973838 0.049702
vn 0.457319 -0.884606 0.091280
vn 0.719841 -0.686677 0.101509
vn 0.503076 -0.850864 0.151478
vn 0.761173 -0.633250 0.140035
vn 0.901832 -0.431356 0.025117
vn 0.210404 -0.966376 0.147806
vn 0.385897 -0.895867 0.220238
vn -0.007937 -0.993361 0.114765
vn -0.002030 -0.979840 0.199775
vn -0.105718 -0.989923 0.094214
vn -0.187364 -0.968018 0.166838
vn -0.057383 -0.997450 0.042442
vn -0.081402 -0.996156 0.032366
vn -0.148749 -0.985889 0.076784
vn -0.091758 -0.995513 0.023122
vn -0.163596 -0.984668 0.060535
vn -0.093932 -0.995469 0.014761
vn -0.165182 -0.985270 0.044250
vn -0.088534 -0.996060 0.005075
vn -0.160639 -0.986711 0.024438
vn -0.063440 -0.997968 -0.005926
vn -0.144645 -0.989477 -0.003494
vn -0.025659 -0.999662 -0.004162
vn -0.096354 -0.995291 0.010564
vn -0.007745 -0.999970 0.000696
vn -0.002522 -0.999996 0.001112
vn -0.006200 -0.999977 0.002784
vn 0.007610 -0.999947 -0.006879
vn 0.002999 -0.999985 -0.004661
vn -0.002909 -0.999995 0.001510
vn 0.069632 -0.996073 -0.054688
vn 0.052940 -0.997645 -0.043612
vn -0.001240 -0.999999 -0.001146
vn 0.301488 -0.928305 -0.217610
vn 0.265748 -0.944429 -0.193473
vn 0.732018 -0.462727 -0.500034
vn 0.716469 -0.507739 -0.478406
vn 0.814898 0.235023 -0.529816
vn 0.830063 0.231031 -0.507563
vn 0.703327 0.557135 -0.441510
vn 0.724972 0.554896 -0.408052
vn 0.556556 0.756622 -0.343174
vn 0.593402 0.740488 -0.315519
vn 0.313031 0.931808 -0.183701
vn 0.354437 0.917535 -0.180290
vn 0.307495 0.931872 -0.192512
vn 0.021741 0.999282 0.031018
vn 0.006883 0.999680 0.024335
vn 0.034896 0.999317 0.012144
vn -0.210423 0.956871 0.200300
vn -0.216819 0.952965 0.211772
vn -0.219762 0.960195 0.172425
vn -0.375277 0.881743 0.285825
vn -0.364129 0.879143 0.307437
vn -0.399213 0.881567 0.251929
vn -0.558451 0.771702 0.304314
vn -0.506557 0.789954 0.345505
vn -0.579902 0.760302 0.292669
vn -0.782550 0.549075 0.293482
vn -0.721757 0.543939 0.428016
vn -0.888102 0.251356 0.384832
vn -0.916378 0.271449 0.294222
vn -0.825470 0.158884 0.541623
vn -0.856601 -0.252607 0.449915
vn -0.923300 -0.152482 0.352514
vn 0.715695 -0.628738 0.304088
vn 0.108374 -0.893309 0.436180
vn -0.617405 -0.689135 0.379347
vn 0.972897 -0.224901 -0.053774
vn 0.710991 -0.670875 0.210757
vn 0.015177 -0.950945 0.308988
vn 0.956348 -0.292153 -0.006793
vn -0.343202 -0.900938 0.265563
vn -0.458065 -0.862149 0.216506
vn -0.738526 -0.602495 0.302621
vn -0.262128 -0.955281 0.136851
vn -0.284299 -0.952416 0.109902
vn -0.483401 -0.857825 0.174526
vn -0.285204 -0.954695 0.084946
vn -0.474772 -0.869136 0.138542
vn -0.283401 -0.957166 0.059312
vn -0.462570 -0.879770 0.109701
vn -0.293127 -0.955517 0.032601
vn -0.487036 -0.864930 0.121210
vn -0.251138 -0.964532 0.081295
vn -0.476426 -0.852007 0.217030
vn -0.214775 -0.969481 0.118232
vn -0.471290 -0.838779 0.272644
vn -0.060973 -0.997632 0.031824
vn -0.054823 -0.997998 0.031528
vn -0.209105 -0.970522 0.119841
vn -0.005334 -0.999979 0.003701
vn -0.006252 -0.999969 0.004814
vn -0.046840 -0.998501 0.028310
vn -0.002970 -0.999994 0.002009
vn -0.002860 -0.999993 0.002375
vn -0.005953 -0.999979 0.002481
vn -0.004572 -0.999988 0.001817
vn -0.006918 -0.999968 0.004016
vn -0.003280 -0.999987 0.003997
vn 0.036223 -0.998853 -0.031314
vn 0.020519 -0.999599 -0.019528
vn 0.225888 -0.960281 -0.163814
vn 0.183963 -0.974039 -0.131931
vn 0.688992 -0.568873 -0.449080
vn 0.644134 -0.646048 -0.409527
vn 0.841170 0.224545 -0.491948
vn 0.850922 0.196772 -0.487045
vn 0.734610 0.562143 -0.379926
vn 0.730935 0.574160 -0.368882
vn 0.626504 0.725009 -0.286103
vn 0.634153 0.724639 -0.269720
vn 0.424600 0.889820 -0.167136
vn 0.479978 0.864123 -0.151369
vn 0.098620 0.995092 -0.008183
vn 0.200010 0.979789 0.003113
vn 0.024102 0.999709 0.001007
vn -0.250032 0.955028 0.159391
vn -0.216680 0.966031 0.140832
vn -0.237045 0.951804 0.194623
vn -0.374478 0.880843 0.289625
vn -0.399518 0.879712 0.257861
vn -0.361417 0.879398 0.309898
vn -0.442682 0.829341 0.340921
vn -0.431797 0.841694 0.324196
vn -0.472123 0.808158 0.352110
vn -0.610807 0.680249 0.405186
vn -0.577830 0.706492 0.408634
vn -0.841415 0.171814 0.512348
vn -0.817392 0.200167 0.540189
vn -0.762600 -0.458595 0.456215
vn -0.760217 -0.443221 0.475000
vn -0.476064 -0.832458 0.283508
vn -0.464625 -0.852476 0.239601
vn -0.795586 -0.428813 0.427975
vn -0.184620 -0.977875 0.098368
vn -0.145685 -0.988029 0.050739
vn -0.415439 -0.894784 0.163619
vn -0.038817 -0.999160 0.013117
vn -0.016017 -0.999854 0.005995
vn -0.087082 -0.995852 0.026378
vn -0.001809 -0.999988 0.004557
vn -0.005632 -0.999933 0.010146
vn 0.001670 -0.999940 0.010784
vn -0.007237 -0.999964 0.004512
vn -0.016795 -0.999853 0.003398
vn -0.020487 -0.999664 0.015902
vn -0.009909 -0.999945 0.003304
vn -0.016912 -0.999855 -0.002071
vn 0.005314 -0.999921 -0.011430
vn -0.008741 -0.999903 -0.010814
vn 0.141209 -0.984696 -0.102148
vn 0.106422 -0.991387 -0.076328
vn 0.583769 -0.729389 -0.356658
vn 0.521302 -0.805035 -0.283130
vn 0.868389 0.128051 -0.479066
vn 0.897262 0.004778 -0.441473
vn 0.733298 0.571372 -0.368522
vn 0.766763 0.533693 -0.356717
vn 0.622338 0.734325 -0.271039
vn 0.627354 0.730148 -0.270759
vn 0.491090 0.857514 -0.153298
vn 0.485862 0.858046 -0.166420
vn 0.264942 0.964260 0.003030
vn 0.282112 0.959171 -0.020110
vn -0.031616 0.986685 0.159541
vn 0.023414 0.990070 0.138610
vn -0.127373 0.980042 0.152625
vn -0.367058 0.894568 0.254982
vn -0.294055 0.915682 0.273969
vn -0.406970 0.880893 0.241668
vn -0.480048 0.825657 0.296384
vn -0.479677 0.819749 0.312924
vn -0.451964 0.837643 0.306730
vn -0.567441 0.728303 0.384168
vn -0.567185 0.743191 0.354919
vn -0.819146 0.286637 0.496830
vn -0.805131 0.384671 0.451434
vn -0.813790 -0.441128 0.378354
vn -0.750781 -0.470741 0.463391
vn -0.748090 0.410983 0.521014
vn -0.315983 -0.937444 0.146132
vn -0.227683 -0.959863 0.163777
vn -0.668286 -0.495842 0.554557
vn -0.030678 -0.999225 0.024652
vn -0.007170 -0.999009 0.043929
vn -0.006381 -0.999689 0.024102
vn -0.000473 -0.991381 0.131012
vn -0.011757 -0.976155 0.216758
vn -0.005101 -0.996668 0.081407
vn 0.120914 -0.939961 0.319143
vn 0.082615 -0.882295 0.463391
vn -0.007240 -0.999016 0.043753
vn 0.105705 -0.969841 0.219627
vn -0.015399 -0.999732 0.017260
vn 0.000218 -0.999999 0.001721
vn 0.132410 -0.990833 -0.026806
vn 0.519590 -0.842718 -0.140899
vn 0.700664 -0.700898 0.133463
vn 0.875448 -0.303539 0.376105
vn 0.865053 -0.015901 0.501428
vn 0.878373 0.347875 0.327788
vn 0.712964 0.700450 0.032445
vn 0.739916 0.516397 0.431113
vn 0.778787 0.132083 0.613225
vn 0.503810 0.853284 0.134469
vn 0.535890 0.832783 -0.138907
vn 0.324386 0.945820 -0.014087
vn 0.236546 0.931729 0.275549
vn 0.073094 0.987499 0.139654
vn -0.180007 0.933563 0.309932
vn -0.045293 0.882109 0.468864
vn -0.232302 0.931992 0.278257
vn -0.422609 0.812432 0.401692
vn -0.385478 0.779577 0.493625
vn -0.452624 0.819393 0.351748
vn -0.556332 0.696801 0.452727
vn -0.552966 0.635161 0.539258
vn -0.559008 0.734879 0.384010
vn -0.703679 0.365546 0.609272
vn -0.514409 0.527226 0.676325
vn -0.359596 0.271603 0.892705
vn -0.258837 0.662269 0.703138
vn -0.026532 -0.162389 0.986370
vn -0.049211 -0.732979 0.678469
vn 0.252361 -0.485786 0.836855
vn 0.381054 -0.636927 0.670165
vn 0.409267 -0.735720 0.539645
vn 0.685697 -0.252227 0.682789
vn -0.759619 -0.602227 0.245564
vn -0.947281 -0.138964 0.288701
vn 0.538145 -0.840394 -0.064333
vn 0.452238 -0.890748 0.045259
vn 0.935344 -0.096669 0.340275
vn 0.538239 -0.828292 0.155664
vn 0.925194 -0.120806 0.359753
vn 0.497319 -0.853457 0.155834
vn 0.910795 -0.264639 0.316890
vn 0.851307 -0.460015 0.252315
vn 0.962420 -0.145531 0.229277
vn 0.980037 0.131367 0.149231
vn 0.990402 0.102373 0.092859
vn 0.942967 0.326610 0.064336
vn 0.998527 0.052632 0.013164
vn 0.986307 -0.158943 0.044002
vn 0.955273 0.295710 0.003042
vn 0.955030 -0.294370 -0.035547
vn 0.981983 -0.176649 -0.067118
vn 0.971492 -0.217424 -0.094496
vn 0.950182 -0.305016 -0.064180
vn 0.979229 -0.162633 -0.121081
vn 0.977961 0.180082 -0.105658
vn 0.976672 0.179380 -0.118042
vn 0.987729 0.103543 -0.116923
vn 0.907459 0.418436 -0.037799
vn 0.867265 0.491479 -0.079377
vn 0.953352 0.292387 -0.075040
vn 0.896010 0.443915 0.010303
vn 0.852926 0.522021 0.003328
vn 0.922318 0.372504 -0.102811
vn 0.923062 0.380634 -0.055441
vn 0.909583 0.413731 0.038546
vn 0.896217 0.374639 -0.237571
vn 0.857532 0.483171 -0.176595
vn 0.901455 0.432615 -0.014926
vn 0.741450 0.585688 -0.327447
vn 0.897420 0.436707 0.062639
vn 0.867665 0.496638 0.022559
vn 0.883562 0.468255 0.007396
vn 0.851534 0.518359 -0.078694
vn 0.819953 0.567827 -0.072457
vn 0.806885 0.580996 -0.106677
vn 0.854146 0.507325 -0.114260
vn 0.872676 0.482705 -0.073714
vn 0.986965 0.130923 -0.093591
vn 0.480079 0.147905 -0.864666
vn 0.514127 0.058156 -0.855740
vn 0.690153 -0.120331 -0.713589
vn 0.707558 -0.122832 -0.695898
vn 0.534592 -0.093986 -0.839868
vn 0.809855 -0.130558 -0.571918
vn 0.779396 0.016742 -0.626308
vn 0.672068 -0.230974 -0.703545
vn 0.794287 0.293732 -0.531817
vn 0.797574 0.112998 -0.592544
vn 0.715242 -0.261105 -0.648269
vn 0.793975 0.399026 -0.458675
vn 0.880704 -0.163853 -0.444425
vn 0.727610 -0.460175 -0.508747
vn 0.954471 0.057963 -0.292617
vn 0.797854 -0.581772 -0.158022
vn 0.627450 -0.735762 -0.254874
vn 0.878733 -0.476521 -0.027490
vn 0.447717 -0.889435 0.091951
vn 0.387129 -0.921733 0.023211
vn 0.423004 -0.899950 0.105633
vn 0.119558 -0.986193 0.114586
vn 0.133431 -0.980641 0.143315
vn 0.096540 -0.993126 0.066188
vn 0.016643 -0.998946 0.042781
vn 0.029270 -0.995301 0.092303
vn 0.016840 -0.999804 0.010450
vn 0.013725 -0.999896 -0.004406
vn 0.026736 -0.999412 0.021466
vn 0.015404 -0.999851 -0.007787
vn 0.024209 -0.999705 -0.002151
vn 0.034802 -0.999385 -0.004327
vn 0.021329 -0.999672 0.014161
vn 0.030425 -0.998902 0.035631
vn 0.038107 -0.999146 0.015979
vn 0.019710 -0.998614 0.048813
vn 0.025574 -0.996624 0.078020
vn 0.037434 -0.997161 0.065341
vn 0.005851 -0.999243 0.038459
vn 0.043432 -0.998263 0.039822
vn 0.048876 -0.998546 0.022726
vn 0.049507 -0.998746 0.007405
vn 0.053212 -0.998424 0.017809
vn 0.063024 -0.997921 0.013486
vn 0.053755 -0.998478 0.012355
vn 0.067631 -0.997409 0.024523
vn 0.066114 -0.997130 0.036890
vn 0.040819 -0.997346 0.060293
vn 0.054628 -0.997161 0.051827
vn 0.031916 -0.995476 0.089496
vn 0.026013 -0.991136 0.130283
vn -0.007971 -0.995807 0.091131
vn -0.016541 -0.991601 0.128273
vn 0.091101 -0.988607 0.119817
vn -0.086012 -0.991959 0.092839
vn -0.005121 -0.997784 0.066339
vn 0.240061 -0.969586 -0.047677
vn -0.097497 -0.994746 0.031213
vn 0.071745 -0.995197 -0.066603
vn 0.392843 -0.881554 -0.261795
vn -0.043100 -0.998388 -0.036940
vn 0.169939 -0.967177 -0.188915
vn 0.488506 -0.746651 -0.451524
vn 0.033466 -0.994663 -0.097601
vn 0.253418 -0.913243 -0.319009
vn 0.527203 -0.599278 -0.602431
vn 0.111094 -0.972989 -0.202363
vn 0.320403 -0.795967 -0.513593
vn 0.489554 -0.412957 -0.767987
vn -0.010485 -0.999444 -0.031658
vn -0.054321 -0.998156 0.027106
vn -0.076824 -0.997039 0.003226
vn -0.102861 -0.994139 0.033277
vn -0.050374 -0.998216 0.032049
vn -0.131810 -0.990902 0.027193
vn -0.132164 -0.990401 0.040470
vn -0.078410 -0.996477 0.029765
vn -0.137978 -0.988740 0.057925
vn -0.061669 -0.995769 0.068123
vn -0.012293 -0.999284 0.035776
vn 0.022922 -0.998437 0.050964
vn 0.028782 -0.999296 0.024087
vn 0.007024 -0.999831 0.017009
vn 0.053333 -0.998205 0.027267
vn 0.036974 -0.999230 0.013099
vn 0.020454 -0.999751 0.008968
vn 0.050813 -0.998546 0.018020
vn 0.007858 -0.999938 0.007877
vn 0.001129 -0.999990 0.004425
vn -0.001051 -0.999998 0.001545
vn -0.008150 -0.999950 0.005855
vn -0.027580 -0.999443 0.018779
s 1
g Item_ropa_5 Obj_base
usemtl initialShadingGroup
f 1/1/1 21/2/2 22/3270/3 23/3286/4
f 1/1/1 23/3286/4 24/3268/5 25/6/6
f 1/1/1 25/6/6 26/7/7 27/8/8
f 1/1/1 28/9/9 29/10/10 21/2/2
f 1/1/1 27/8/8 30/11/11 28/9/9
f 2/12/12 31/13/13 32/14/14 33/15/15
f 2/12/12 34/16/16 35/17/17 36/18/18
f 2/12/12 36/18/18 37/19/19 31/13/13
f 3/20/20 38/21/21 39/22/22 40/23/23
f 3/20/20 41/24/24 42/25/25 38/21/21
f 3/20/20 43/26/26 44/27/27 41/24/24
f 3/20/20 45/28/28 46/29/29 43/26/26
f 3/20/20 40/23/23 47/30/30 45/28/28
f 4/31/31 48/32/32 49/33/33 50/34/34
f 4/31/31 51/3285/35 52/3281/36 53/37/37
f 4/31/31 50/34/34 54/38/38 55/39/39
f 4/31/31 55/39/39 56/3283/40 51/3285/35
f 5/3284/41 57/3215/42 58/43/43 59/44/44
f 5/41/41 60/45/45 61/46/46 57/42/42
f 5/41/41 59/3216/44 62/47/47 60/45/45
f 6/48/48 63/49/49 64/50/50 65/51/51
f 6/48/48 66/52/52 67/53/53 68/54/54
f 6/48/48 65/51/51 69/55/55 66/52/52
f 7/56/56 70/57/57 71/58/58 72/59/59
f 7/56/56 73/60/60 74/61/61 70/57/57
f 7/56/56 8/62/62 75/63/63 73/60/60
f 7/56/56 76/64/64 77/65/65 8/62/62
f 7/56/56 72/59/59 78/66/66 76/64/64
f 8/62/62 77/65/65 79/67/67 75/63/63
f 9/68/68 80/69/69 81/70/70 82/71/71
f 9/68/68 83/72/72 84/73/73 80/69/69
f 9/68/68 82/71/71 85/74/74 83/72/72
f 10/75/75 86/76/76 87/77/77 88/78/78
f 10/75/75 88/78/78 89/79/79 90/80/80
f 10/75/75 90/80/80 91/81/81 86/76/76
f 11/82/82 92/83/83 93/84/84 94/85/85
f 11/82/82 94/85/85 95/86/86 96/87/87
f 11/82/82 96/87/87 97/3053/88 98/3061/89
f 12/90/90 99/91/91 100/92/92 101/93/93
f 12/90/90 102/94/94 103/95/95 99/91/91
f 12/90/90 101/93/93 104/96/96 102/94/94
f 13/97/97 105/98/98 106/99/99 107/100/100
f 13/97/97 108/101/101 109/102/102 105/98/98
f 13/97/97 107/100/100 110/103/103 108/101/101
f 14/104/104 111/105/105 112/106/106 113/107/107
f 14/104/104 114/108/108 115/109/109 111/105/105
f 14/104/104 113/107/107 116/110/110 114/108/108
f 15/111/111 117/112/112 118/113/113 119/114/114
f 15/111/111 119/114/114 120/115/115 121/116/116
f 15/111/111 121/116/116 122/117/117 117/112/112
f 16/118/118 123/3092/119 124/120/120 125/121/121
f 16/3102/118 126/3090/122 127/123/123 123/119/119
f 16/118/118 125/121/121 128/124/124 126/122/122
f 17/3064/125 129/3051/126 130/127/127 131/128/128
f 17/3064/125 131/128/128 132/129/129 133/130/130
f 17/125/125 133/3055/130 134/131/131 135/132/132
f 17/125/125 136/133/133 137/134/134 129/126/126
f 17/125/125 135/132/132 138/135/135 136/133/133
f 18/136/136 139/137/137 140/138/138 141/139/139
f 18/136/136 142/140/140 143/141/141 139/137/137
f 18/136/136 141/139/139 144/142/142 142/140/140
f 19/143/143 145/144/144 146/145/145 147/146/146
f 19/143/143 148/147/147 149/148/148 145/144/144
f 19/143/143 147/146/146 150/149/149 148/147/147
f 20/150/150 151/151/151 152/152/152 153/153/153
f 20/150/150 154/154/154 155/155/155 151/151/151
f 20/150/150 153/153/153 156/156/156 154/154/154
f 156/156/156 153/153/153 157/157/157 158/158/158
f 156/156/156 158/158/158 159/159/159 160/160/160
f 156/156/156 160/160/160 161/161/161 154/154/154
f 161/161/161 160/160/160 162/162/162 163/163/163
f 161/161/161 163/163/163 164/164/164 165/165/165
f 161/161/161 165/165/165 155/155/155 154/154/154
f 165/165/165 164/164/164 166/166/166 167/167/167
f 165/165/165 167/167/167 168/168/168 155/155/155
f 168/168/168 169/169/169 151/151/151 155/155/155
f 168/168/168 167/167/167 170/170/170 171/171/171
f 168/168/168 171/171/171 172/172/172 169/169/169
f 172/172/172 173/173/173 174/174/174 175/175/175
f 172/172/172 175/175/175 176/176/176 169/169/169
f 172/172/172 171/171/171 140/138/138 173/173/173
f 176/176/176 175/175/175 177/177/177 178/178/178
f 176/176/176 178/178/178 179/179/179 152/152/152
f 176/176/176 152/152/152 151/151/151 169/169/169
f 179/179/179 178/178/178 180/180/180 181/181/181
f 179/179/179 181/181/181 182/182/182 157/157/157
f 179/179/179 157/157/157 153/153/153 152/152/152
f 182/182/182 181/181/181 183/183/183 184/184/184
f 182/182/182 184/184/184 185/185/185 186/186/186
f 182/182/182 186/186/186 158/158/158 157/157/157
f 186/186/186 185/185/185 187/187/187 188/188/188
f 186/186/186 188/188/188 159/159/159 158/158/158
f 188/188/188 187/187/187 189/189/189 190/190/190
f 188/188/188 190/190/190 191/191/191 159/159/159
f 191/191/191 190/190/190 192/192/192 193/193/193
f 191/191/191 193/193/193 194/194/194 162/162/162
f 191/191/191 162/162/162 160/160/160 159/159/159
f 194/194/194 193/193/193 195/195/195 196/196/196
f 194/194/194 196/196/196 197/197/197 198/198/198
f 194/194/194 198/198/198 163/163/163 162/162/162
f 198/198/198 197/197/197 199/199/199 200/200/200
f 198/198/198 200/200/200 164/164/164 163/163/163
f 200/200/200 199/199/199 201/201/201 202/202/202
f 200/200/200 202/202/202 166/166/166 164/164/164
f 202/202/202 201/201/201 203/203/203 204/204/204
f 202/202/202 204/204/204 205/205/205 166/166/166
f 205/205/205 170/170/170 167/167/167 166/166/166
f 205/205/205 204/204/204 206/206/206 144/142/142
f 205/205/205 144/142/142 141/139/139 170/170/170
f 206/206/206 204/204/204 203/203/203 207/207/207
f 206/206/206 207/207/207 208/208/208 209/209/209
f 206/206/206 209/209/209 142/140/140 144/142/142
f 209/209/209 208/208/208 210/210/210 211/211/211
f 209/209/209 211/211/211 143/141/141 142/140/140
f 211/211/211 210/210/210 212/212/212 213/213/213
f 211/211/211 213/213/213 214/214/214 143/141/141
f 214/214/214 213/213/213 215/215/215 216/216/216
f 214/214/214 216/216/216 217/217/217 218/218/218
f 214/214/214 218/218/218 139/137/137 143/141/141
f 218/218/218 217/217/217 174/174/174 173/173/173
f 218/218/218 173/173/173 140/138/138 139/137/137
f 217/217/217 216/216/216 219/219/219 220/220/220
f 217/217/217 220/220/220 221/221/221 174/174/174
f 221/221/221 220/220/220 222/222/222 223/223/223
f 221/221/221 223/223/223 224/224/224 177/177/177
f 221/221/221 177/177/177 175/175/175 174/174/174
f 224/224/224 223/223/223 225/225/225 226/226/226
f 224/224/224 226/226/226 227/227/227 180/180/180
f 224/224/224 180/180/180 178/178/178 177/177/177
f 227/227/227 226/226/226 228/228/228 229/229/229
f 227/227/227 229/229/229 230/230/230 183/183/183
f 227/227/227 183/183/183 181/181/181 180/180/180
f 230/230/230 229/229/229 231/231/231 232/232/232
f 230/230/230 232/232/232 233/233/233 234/234/234
f 230/230/230 234/234/234 184/184/184 183/183/183
f 234/234/234 233/233/233 235/235/235 236/236/236
f 234/234/234 236/236/236 185/185/185 184/184/184
f 236/236/236 235/235/235 237/237/237 238/238/238
f 236/236/236 238/238/238 187/187/187 185/185/185
f 238/238/238 237/237/237 239/239/239 240/240/240
f 238/238/238 240/240/240 189/189/189 187/187/187
f 240/240/240 239/239/239 241/241/241 242/242/242
f 240/240/240 242/242/242 243/243/243 189/189/189
f 243/243/243 242/242/242 244/244/244 245/245/245
f 243/243/243 245/245/245 246/246/246 192/192/192
f 243/243/243 192/192/192 190/190/190 189/189/189
f 246/246/246 245/245/245 247/247/247 248/248/248
f 246/246/246 248/248/248 249/249/249 195/195/195
f 246/246/246 195/195/195 193/193/193 192/192/192
f 249/249/249 250/250/250 196/196/196 195/195/195
f 250/250/250 251/251/251 197/197/197 196/196/196
f 251/251/251 252/252/252 199/199/199 197/197/197
f 252/252/252 253/253/253 201/201/201 199/199/199
f 253/253/253 254/254/254 203/203/203 201/201/201
f 254/254/254 255/255/255 207/207/207 203/203/203
f 255/255/255 256/256/256 208/208/208 207/207/207
f 256/256/256 257/257/257 210/210/210 208/208/208
f 257/257/257 258/258/258 212/212/212 210/210/210
f 258/258/258 259/259/259 260/260/260 212/212/212
f 260/260/260 259/259/259 261/261/261 262/262/262
f 260/260/260 262/262/262 263/263/263 215/215/215
f 260/260/260 215/215/215 213/213/213 212/212/212
f 263/263/263 262/262/262 264/264/264 265/265/265
f 263/263/263 265/265/265 266/266/266 219/219/219
f 263/263/263 219/219/219 216/216/216 215/215/215
f 266/266/266 265/265/265 267/267/267 268/268/268
f 266/266/266 268/268/268 269/269/269 222/222/222
f 266/266/266 222/222/222 220/220/220 219/219/219
f 269/269/269 268/268/268 270/270/270 271/271/271
f 269/269/269 271/271/271 272/272/272 225/225/225
f 269/269/269 225/225/225 223/223/223 222/222/222
f 272/272/272 271/271/271 273/273/273 274/274/274
f 272/272/272 274/274/274 275/275/275 228/228/228
f 272/272/272 228/228/228 226/226/226 225/225/225
f 275/275/275 274/274/274 276/276/276 277/277/277
f 275/275/275 277/277/277 278/278/278 231/231/231
f 275/275/275 231/231/231 229/229/229 228/228/228
f 278/278/278 277/277/277 279/279/279 280/280/280
f 278/278/278 280/280/280 281/281/281 282/282/282
f 278/278/278 282/282/282 232/232/232 231/231/231
f 282/282/282 281/281/281 283/283/283 284/284/284
f 282/282/282 284/284/284 233/233/233 232/232/232
f 284/284/284 283/283/283 285/285/285 286/286/286
f 284/284/284 286/286/286 235/235/235 233/233/233
f 286/286/286 285/285/285 287/287/287 288/288/288
f 286/286/286 288/288/288 237/237/237 235/235/235
f 288/288/288 287/287/287 289/289/289 290/290/290
f 288/288/288 290/290/290 239/239/239 237/237/237
f 290/290/290 289/289/289 291/291/291 292/292/292
f 290/290/290 292/292/292 241/241/241 239/239/239
f 292/292/292 291/291/291 293/293/293 294/294/294
f 292/292/292 294/294/294 295/295/295 241/241/241
f 295/295/295 294/294/294 296/296/296 297/297/297
f 295/295/295 297/297/297 298/298/298 244/244/244
f 295/295/295 244/244/244 242/242/242 241/241/241
f 298/298/298 247/247/247 245/245/245 244/244/244
f 296/296/296 294/294/294 293/293/293 299/299/299
f 299/299/299 293/293/293 67/53/53 300/300/300
f 300/300/300 67/53/53 66/52/52 301/301/301
f 301/301/301 66/52/52 69/55/55 302/302/302
f 302/302/302 69/55/55 303/303/303 304/304/304
f 304/304/304 303/303/303 305/305/305 306/3046/306
f 306/306/306 305/3058/305 307/307/307 308/308/308
f 308/308/308 307/307/307 309/309/309 310/310/310
f 310/310/310 309/309/309 311/311/311 312/312/312
f 311/311/311 313/313/313 314/314/314 312/312/312
f 311/311/311 309/309/309 315/315/315 316/316/316
f 311/311/311 316/316/316 317/317/317 313/313/313
f 317/317/317 318/318/318 319/319/319 313/313/313
f 317/317/317 316/316/316 320/320/320 321/321/321
f 317/317/317 321/321/321 322/322/322 318/318/318
f 322/322/322 323/323/323 324/324/324 318/318/318
f 322/322/322 321/321/321 325/325/325 326/326/326
f 322/322/322 326/326/326 327/327/327 323/323/323
f 327/327/327 44/27/27 328/328/328 323/323/323
f 327/327/327 326/326/326 329/329/329 330/330/330
f 327/327/327 330/330/330 41/24/24 44/27/27
f 330/330/330 329/329/329 331/331/331 332/332/332
f 330/330/330 332/332/332 42/25/25 41/24/24
f 332/332/332 331/331/331 333/333/333 334/334/334
f 332/332/332 334/334/334 54/38/38 42/25/25
f 334/334/334 333/333/333 335/335/335 336/336/336
f 334/334/334 336/336/336 55/39/39 54/38/38
f 336/336/336 335/335/335 337/337/337 338/3282/338
f 336/336/336 338/3282/338 56/3283/40 55/39/39
f 338/338/338 337/3251/337 339/339/339 340/340/340
f 338/338/338 340/340/340 341/341/341 56/40/40
f 341/341/341 340/340/340 342/342/342 343/343/343
f 341/341/341 343/343/343 344/344/344 345/345/345
f 341/341/341 345/345/345 51/35/35 56/40/40
f 345/345/345 344/344/344 346/346/346 347/347/347
f 345/345/345 347/347/347 52/36/36 51/35/35
f 347/347/347 346/346/346 348/348/348 349/349/349
f 347/347/347 349/349/349 350/3280/350 52/36/36
f 350/3280/350 349/349/349 351/351/351 352/352/352
f 350/350/350 352/3249/352 353/353/353 354/354/354
f 350/350/350 354/354/354 53/37/37 52/3281/36
f 354/354/354 353/353/353 355/355/355 356/356/356
f 354/354/354 356/356/356 357/357/357 53/37/37
f 357/357/357 48/32/32 4/31/31 53/37/37
f 357/357/357 356/356/356 358/358/358 359/359/359
f 357/357/357 359/359/359 360/360/360 48/32/32
f 360/360/360 361/361/361 49/33/33 48/32/32
f 360/360/360 359/359/359 362/362/362 363/363/363
f 360/360/360 363/363/363 364/364/364 361/361/361
f 364/364/364 365/365/365 366/366/366 361/361/361
f 364/364/364 363/363/363 367/367/367 368/368/368
f 364/364/364 368/368/368 369/369/369 365/365/365
f 369/369/369 370/370/370 371/371/371 365/365/365
f 369/369/369 368/368/368 372/372/372 373/373/373
f 369/369/369 373/373/373 374/374/374 370/370/370
f 374/374/374 375/375/375 376/376/376 370/370/370
f 374/374/374 373/373/373 377/3246/377 378/3279/378
f 374/374/374 378/3279/378 379/3278/379 375/375/375
f 379/3278/379 380/3277/380 381/381/381 375/375/375
f 379/379/379 378/378/378 382/382/382 383/383/383
f 379/379/379 383/383/383 384/384/384 380/380/380
f 384/384/384 385/385/385 386/386/386 380/380/380
f 384/384/384 383/383/383 387/387/387 388/388/388
f 384/384/384 388/388/388 389/389/389 385/385/385
f 389/389/389 390/390/390 391/391/391 385/385/385
f 389/389/389 388/388/388 392/392/392 393/393/393
f 389/389/389 393/393/393 394/394/394 390/390/390
f 394/394/394 393/393/393 395/395/395 396/396/396
f 394/394/394 396/396/396 397/397/397 398/398/398
f 394/394/394 398/398/398 399/399/399 390/390/390
f 399/399/399 400/400/400 401/401/401 402/402/402
f 399/399/399 402/402/402 391/391/391 390/390/390
f 399/399/399 398/398/398 403/403/403 400/400/400
f 403/403/403 398/398/398 397/397/397 404/404/404
f 403/403/403 404/404/404 405/405/405 406/406/406
f 403/403/403 406/406/406 26/7/7 400/400/400
f 406/406/406 405/405/405 407/407/407 408/408/408
f 406/406/406 408/408/408 27/8/8 26/7/7
f 408/408/408 407/407/407 409/409/409 410/410/410
f 408/408/408 410/410/410 30/11/11 27/8/8
f 410/410/410 409/409/409 411/411/411 412/412/412
f 410/410/410 412/412/412 413/413/413 30/11/11
f 413/413/413 414/414/414 28/9/9 30/11/11
f 413/413/413 412/412/412 415/415/415 416/416/416
f 413/413/413 416/416/416 417/417/417 414/414/414
f 417/417/417 418/418/418 419/419/419 414/414/414
f 417/417/417 416/416/416 420/420/420 421/421/421
f 417/417/417 421/421/421 422/422/422 418/418/418
f 422/422/422 423/423/423 424/424/424 418/418/418
f 422/422/422 421/421/421 425/425/425 426/426/426
f 422/422/422 426/426/426 427/427/427 423/423/423
f 427/427/427 428/428/428 429/429/429 423/423/423
f 427/427/427 426/426/426 430/430/430 431/431/431
f 427/427/427 431/431/431 432/432/432 428/428/428
f 432/432/432 433/433/433 434/434/434 428/428/428
f 432/432/432 431/431/431 435/435/435 436/436/436
f 432/432/432 436/436/436 437/437/437 433/433/433
f 437/437/437 438/438/438 439/439/439 433/433/433
f 439/439/439 440/440/440 441/441/441 442/442/442
f 439/439/439 442/442/442 434/434/434 433/433/433
f 439/439/439 438/438/438 443/443/443 440/440/440
f 443/443/443 444/444/444 445/445/445 440/440/440
f 445/445/445 446/446/446 447/447/447 448/448/448
f 445/445/445 448/448/448 441/441/441 440/440/440
f 445/445/445 444/444/444 449/449/449 446/446/446
f 449/449/449 450/450/450 451/451/451 446/446/446
f 451/451/451 452/452/452 453/453/453 454/454/454
f 451/451/451 454/454/454 447/447/447 446/446/446
f 451/451/451 450/450/450 455/455/455 452/452/452
f 455/455/455 456/456/456 457/3101/457 452/452/452
f 457/457/457 458/458/458 459/459/459 460/460/460
f 457/3101/457 460/3100/460 453/453/453 452/452/452
f 457/457/457 456/3083/456 461/461/461 458/458/458
f 461/461/461 462/462/462 463/463/463 458/458/458
f 463/463/463 464/464/464 465/465/465 466/466/466
f 463/463/463 466/466/466 459/459/459 458/458/458
f 463/463/463 462/462/462 467/467/467 464/464/464
f 467/467/467 468/468/468 469/469/469 464/464/464
f 469/469/469 470/470/470 471/471/471 472/472/472
f 469/469/469 472/472/472 465/465/465 464/464/464
f 469/469/469 468/468/468 473/473/473 470/470/470
f 473/473/473 474/474/474 475/475/475 470/470/470
f 475/475/475 474/474/474 476/476/476 477/3276/477
f 475/475/475 477/3276/477 478/3275/478 479/479/479
f 475/475/475 479/479/479 471/471/471 470/470/470
f 479/479/479 478/3275/478 480/3274/480 481/481/481
f 479/479/479 481/481/481 482/482/482 471/471/471
f 482/482/482 483/483/483 472/472/472 471/471/471
f 482/482/482 481/481/481 484/484/484 89/79/79
f 482/482/482 89/79/79 88/78/78 483/483/483
f 484/484/484 481/481/481 480/3274/480 485/3273/485
f 484/484/484 485/3273/485 486/3272/486 487/487/487
f 484/484/484 487/487/487 90/80/80 89/79/79
f 487/487/487 486/3272/486 488/3271/488 489/489/489
f 487/487/487 489/489/489 91/81/81 90/80/80
f 489/489/489 488/3271/488 490/3263/490 491/491/491
f 489/489/489 491/491/491 492/492/492 91/81/81
f 492/492/492 491/491/491 493/493/493 494/494/494
f 492/492/492 494/494/494 495/495/495 496/496/496
f 492/492/492 496/496/496 86/76/76 91/81/81
f 496/496/496 495/495/495 497/497/497 498/498/498
f 496/496/496 498/498/498 87/77/77 86/76/76
f 498/498/498 497/497/497 499/499/499 500/500/500
f 498/498/498 500/500/500 501/501/501 87/77/77
f 501/501/501 483/483/483 88/78/78 87/77/77
f 501/501/501 500/500/500 466/466/466 465/465/465
f 501/501/501 465/465/465 472/472/472 483/483/483
f 500/500/500 499/499/499 459/459/459 466/466/466
f 499/499/499 497/497/497 502/502/502 503/3099/503
f 499/499/499 503/3099/503 460/460/460 459/459/459
f 503/503/503 502/3085/502 504/504/504 505/505/505
f 503/503/503 505/505/505 453/453/453 460/3100/460
f 505/505/505 504/504/504 506/506/506 507/507/507
f 505/505/505 507/507/507 454/454/454 453/453/453
f 507/507/507 506/506/506 508/508/508 509/509/509
f 507/507/507 509/509/509 447/447/447 454/454/454
f 509/509/509 508/508/508 510/510/510 511/511/511
f 509/509/509 511/511/511 448/448/448 447/447/447
f 511/511/511 510/510/510 512/512/512 513/513/513
f 511/511/511 513/513/513 441/441/441 448/448/448
f 513/513/513 512/512/512 514/514/514 515/515/515
f 513/513/513 515/515/515 442/442/442 441/441/441
f 515/515/515 514/514/514 516/516/516 517/517/517
f 515/515/515 517/517/517 434/434/434 442/442/442
f 517/517/517 516/516/516 518/518/518 429/429/429
f 517/517/517 429/429/429 428/428/428 434/434/434
f 518/518/518 516/516/516 519/519/519 520/520/520
f 518/518/518 520/520/520 521/521/521 424/424/424
f 518/518/518 424/424/424 423/423/423 429/429/429
f 521/521/521 520/520/520 522/522/522 523/523/523
f 521/521/521 523/523/523 29/10/10 419/419/419
f 521/521/521 419/419/419 418/418/418 424/424/424
f 523/523/523 522/522/522 524/524/524 525/525/525
f 523/523/523 525/525/525 21/2/2 29/10/10
f 525/525/525 524/524/524 526/526/526 527/3269/527
f 525/525/525 527/3269/527 22/3270/3 21/2/2
f 527/527/527 526/3259/526 528/528/528 529/529/529
f 527/527/527 529/529/529 530/530/530 22/3/3
f 530/530/530 529/529/529 531/531/531 532/532/532
f 530/530/530 532/532/532 533/533/533 534/534/534
f 530/530/530 534/534/534 23/4/4 22/3/3
f 534/534/534 533/533/533 535/535/535 536/536/536
f 534/534/534 536/536/536 24/5/5 23/4/4
f 536/536/536 535/535/535 537/537/537 538/538/538
f 536/536/536 538/538/538 539/3267/539 24/5/5
f 539/3267/539 538/538/538 540/540/540 541/541/541
f 539/539/539 541/3266/541 402/402/402 401/401/401
f 539/539/539 401/401/401 25/6/6 24/3268/5
f 541/541/541 540/540/540 542/542/542 543/543/543
f 541/3266/541 543/3265/543 391/391/391 402/402/402
f 543/543/543 542/542/542 544/544/544 386/3264/386
f 543/3265/543 386/386/386 385/385/385 391/391/391
f 544/544/544 542/542/542 545/545/545 546/546/546
f 544/544/544 546/546/546 547/547/547 381/381/381
f 544/544/544 381/381/381 380/3277/380 386/3264/386
f 547/547/547 546/546/546 548/548/548 549/549/549
f 547/547/547 549/549/549 550/550/550 376/376/376
f 547/547/547 376/376/376 375/375/375 381/381/381
f 550/550/550 549/549/549 551/551/551 552/552/552
f 550/550/550 552/552/552 553/553/553 371/371/371
f 550/550/550 371/371/371 370/370/370 376/376/376
f 553/553/553 552/552/552 47/30/30 40/23/23
f 553/553/553 40/23/23 39/22/22 366/366/366
f 553/553/553 366/366/366 365/365/365 371/371/371
f 552/552/552 551/551/551 554/554/554 47/30/30
f 554/554/554 555/555/555 556/556/556 557/557/557
f 554/554/554 557/557/557 45/28/28 47/30/30
f 554/554/554 551/551/551 558/558/558 555/555/555
f 558/558/558 559/559/559 560/560/560 555/555/555
f 558/558/558 551/551/551 549/549/549 548/548/548
f 558/558/558 548/548/548 561/561/561 559/559/559
f 561/561/561 562/562/562 563/563/563 559/559/559
f 561/561/561 548/548/548 546/546/546 545/545/545
f 561/561/561 545/545/545 564/564/564 562/562/562
f 564/564/564 537/537/537 565/565/565 562/562/562
f 564/564/564 545/545/545 542/542/542 540/540/540
f 564/564/564 540/540/540 538/538/538 537/537/537
f 565/565/565 566/566/566 567/567/567 568/568/568
f 565/565/565 568/568/568 563/563/563 562/562/562
f 565/565/565 537/537/537 535/535/535 566/566/566
f 568/568/568 567/567/567 569/569/569 570/570/570
f 568/568/568 570/570/570 571/571/571 563/563/563
f 571/571/571 570/570/570 572/572/572 573/573/573
f 571/571/571 573/573/573 574/574/574 560/560/560
f 571/571/571 560/560/560 559/559/559 563/563/563
f 574/574/574 573/573/573 575/575/575 576/576/576
f 574/574/574 576/576/576 577/577/577 556/556/556
f 574/574/574 556/556/556 555/555/555 560/560/560
f 577/577/577 576/576/576 578/578/578 579/579/579
f 577/577/577 579/579/579 580/580/580 581/581/581
f 577/577/577 581/581/581 557/557/557 556/556/556
f 581/581/581 580/580/580 582/582/582 46/29/29
f 581/581/581 46/29/29 45/28/28 557/557/557
f 582/582/582 580/580/580 583/583/583 584/584/584
f 582/582/582 584/584/584 585/585/585 586/586/586
f 582/582/582 586/586/586 43/26/26 46/29/29
f 586/586/586 585/585/585 587/587/587 328/328/328
f 586/586/586 328/328/328 44/27/27 43/26/26
f 587/587/587 585/585/585 588/588/588 589/589/589
f 587/587/587 589/589/589 590/590/590 324/324/324
f 587/587/587 324/324/324 323/323/323 328/328/328
f 590/590/590 589/589/589 591/591/591 592/592/592
f 590/590/590 592/592/592 593/593/593 319/319/319
f 590/590/590 319/319/319 318/318/318 324/324/324
f 593/593/593 314/314/314 313/313/313 319/319/319
f 591/591/591 589/589/589 588/588/588 594/594/594
f 594/594/594 588/588/588 595/595/595 596/596/596
f 596/596/596 595/595/595 597/597/597 598/598/598
f 598/598/598 597/597/597 599/599/599 600/600/600
f 600/600/600 599/599/599 601/601/601 602/602/602
f 602/602/602 601/601/601 603/603/603 604/604/604
f 604/604/604 603/603/603 605/605/605 606/606/606
f 606/606/606 605/605/605 607/607/607 608/608/608
f 608/608/608 607/607/607 609/609/609 610/610/610
f 610/610/610 609/609/609 611/611/611 612/612/612
f 612/612/612 611/611/611 613/613/613 614/614/614
f 614/614/614 613/613/613 615/615/615 616/616/616
f 616/616/616 615/615/615 617/617/617 618/618/618
f 618/618/618 617/617/617 619/619/619 620/620/620
f 620/620/620 619/619/619 621/621/621 622/622/622
f 622/622/622 621/621/621 623/623/623 624/624/624
f 624/624/624 623/623/623 625/625/625 626/626/626
f 626/626/626 625/625/625 627/627/627 628/628/628
f 628/628/628 627/627/627 629/629/629 630/630/630
f 630/630/630 629/629/629 631/631/631 632/3079/632
f 632/632/632 631/3098/631 633/633/633 634/634/634
f 634/634/634 633/633/633 477/477/477 476/3203/476
f 633/633/633 631/3098/631 635/3097/635 636/636/636
f 633/633/633 636/636/636 478/478/478 477/477/477
f 636/636/636 635/3097/635 637/3096/637 638/638/638
f 636/636/636 638/638/638 480/480/480 478/478/478
f 638/638/638 637/3096/637 639/3095/639 640/640/640
f 638/638/638 640/640/640 485/485/485 480/480/480
f 640/640/640 639/3095/639 641/3094/641 642/642/642
f 640/640/640 642/642/642 486/486/486 485/485/485
f 642/642/642 641/3094/641 643/3093/643 644/644/644
f 642/642/642 644/644/644 488/488/488 486/486/486
f 644/644/644 643/3093/643 645/3091/645 646/646/646
f 644/644/644 646/646/646 490/490/490 488/488/488
f 646/646/646 645/3091/645 123/119/119 127/123/123
f 646/646/646 127/123/123 647/3262/647 490/490/490
f 647/3262/647 127/123/123 126/3090/122 648/3089/648
f 647/647/647 648/3260/648 649/3088/649 493/493/493
f 647/647/647 493/493/493 491/491/491 490/3263/490
f 649/649/649 648/3261/648 650/3254/650 651/651/651
f 649/649/649 651/651/651 652/652/652 653/653/653
f 649/3088/649 653/3087/653 494/494/494 493/493/493
f 653/653/653 652/652/652 654/654/654 655/655/655
f 653/3087/653 655/3086/655 495/495/495 494/494/494
f 655/655/655 654/654/654 504/504/504 502/3085/502
f 655/3086/655 502/502/502 497/497/497 495/495/495
f 654/654/654 652/652/652 656/656/656 657/657/657
f 654/654/654 657/657/657 506/506/506 504/504/504
f 657/657/657 656/656/656 658/658/658 659/659/659
f 657/657/657 659/659/659 508/508/508 506/506/506
f 659/659/659 658/658/658 660/660/660 661/661/661
f 659/659/659 661/661/661 510/510/510 508/508/508
f 661/661/661 660/660/660 662/662/662 663/663/663
f 661/661/661 663/663/663 512/512/512 510/510/510
f 663/663/663 662/662/662 664/664/664 665/665/665
f 663/663/663 665/665/665 514/514/514 512/512/512
f 665/665/665 664/664/664 666/666/666 519/519/519
f 665/665/665 519/519/519 516/516/516 514/514/514
f 666/666/666 664/664/664 667/667/667 668/668/668
f 666/666/666 668/668/668 524/524/524 522/522/522
f 666/666/666 522/522/522 520/520/520 519/519/519
f 668/668/668 667/667/667 669/669/669 670/3258/670
f 668/668/668 670/3258/670 526/526/526 524/524/524
f 670/670/670 669/3253/669 671/671/671 672/672/672
f 670/670/670 672/672/672 528/528/528 526/3259/526
f 672/672/672 671/671/671 673/673/673 674/674/674
f 672/672/672 674/674/674 675/675/675 528/528/528
f 675/675/675 674/674/674 676/676/676 677/677/677
f 675/675/675 677/677/677 678/678/678 531/531/531
f 675/675/675 531/531/531 529/529/529 528/528/528
f 678/678/678 677/677/677 679/679/679 680/680/680
f 678/678/678 680/680/680 681/681/681 682/682/682
f 678/678/678 682/682/682 532/532/532 531/531/531
f 682/682/682 681/681/681 683/683/683 684/684/684
f 682/682/682 684/684/684 533/533/533 532/532/532
f 684/684/684 683/683/683 567/567/567 566/566/566
f 684/684/684 566/566/566 535/535/535 533/533/533
f 683/683/683 681/681/681 685/685/685 686/686/686
f 683/683/683 686/686/686 569/569/569 567/567/567
f 686/686/686 685/685/685 687/687/687 688/688/688
f 686/686/686 688/688/688 689/689/689 569/569/569
f 689/689/689 688/688/688 690/690/690 691/691/691
f 689/689/689 691/691/691 692/692/692 572/572/572
f 689/689/689 572/572/572 570/570/570 569/569/569
f 692/692/692 691/691/691 693/693/693 694/694/694
f 692/692/692 694/694/694 695/695/695 575/575/575
f 692/692/692 575/575/575 573/573/573 572/572/572
f 695/695/695 694/694/694 696/696/696 697/697/697
f 695/695/695 697/697/697 698/698/698 578/578/578
f 695/695/695 578/578/578 576/576/576 575/575/575
f 698/698/698 697/697/697 603/603/603 601/601/601
f 698/698/698 601/601/601 599/599/599 699/699/699
f 698/698/698 699/699/699 579/579/579 578/578/578
f 699/699/699 599/599/599 597/597/597 583/583/583
f 699/699/699 583/583/583 580/580/580 579/579/579
f 697/697/697 696/696/696 605/605/605 603/603/603
f 696/696/696 700/700/700 607/607/607 605/605/605
f 696/696/696 694/694/694 693/693/693 700/700/700
f 700/700/700 701/701/701 609/609/609 607/607/607
f 700/700/700 693/693/693 702/702/702 701/701/701
f 702/702/702 703/703/703 704/704/704 701/701/701
f 702/702/702 693/693/693 691/691/691 690/690/690
f 702/702/702 690/690/690 705/705/705 703/703/703
f 705/705/705 706/706/706 707/707/707 703/703/703
f 705/705/705 690/690/690 688/688/688 687/687/687
f 705/705/705 687/687/687 708/708/708 706/706/706
f 708/708/708 709/709/709 710/710/710 706/706/706
f 708/708/708 687/687/687 685/685/685 711/711/711
f 708/708/708 711/711/711 712/712/712 709/709/709
f 712/712/712 713/713/713 714/714/714 709/709/709
f 712/712/712 711/711/711 680/680/680 679/679/679
f 712/712/712 679/679/679 715/715/715 713/713/713
f 715/715/715 716/716/716 717/717/717 713/713/713
f 715/715/715 679/679/679 677/677/677 676/676/676
f 715/715/715 676/676/676 718/718/718 716/716/716
f 718/718/718 719/719/719 720/720/720 716/716/716
f 718/718/718 676/676/676 674/674/674 673/673/673
f 718/718/718 673/673/673 721/721/721 719/719/719
f 721/721/721 722/722/722 723/723/723 719/719/719
f 721/721/721 673/673/673 671/671/671 724/724/724
f 721/721/721 724/724/724 725/725/725 722/722/722
f 725/725/725 726/726/726 727/727/727 722/722/722
f 725/725/725 724/724/724 728/728/728 729/3257/729
f 725/725/725 729/3257/729 730/3256/730 726/726/726
f 730/3256/730 731/3255/731 732/732/732 726/726/726
f 730/730/730 729/729/729 733/733/733 734/734/734
f 730/730/730 734/734/734 735/735/735 731/731/731
f 735/735/735 651/651/651 650/3254/650 731/731/731
f 735/735/735 734/734/734 658/658/658 656/656/656
f 735/735/735 656/656/656 652/652/652 651/651/651
f 734/734/734 733/733/733 660/660/660 658/658/658
f 733/733/733 729/729/729 728/3252/728 736/736/736
f 733/733/733 736/736/736 662/662/662 660/660/660
f 736/736/736 728/3252/728 669/669/669 667/667/667
f 736/736/736 667/667/667 664/664/664 662/662/662
f 732/732/732 128/124/124 125/121/121 737/737/737
f 732/732/732 737/737/737 727/727/727 726/726/726
f 732/732/732 731/3255/731 650/650/650 128/124/124
f 737/737/737 125/121/121 124/120/120 738/738/738
f 737/737/737 738/738/738 739/739/739 727/727/727
f 739/739/739 738/738/738 740/740/740 741/741/741
f 739/739/739 741/741/741 742/742/742 723/723/723
f 739/739/739 723/723/723 722/722/722 727/727/727
f 742/742/742 741/741/741 743/743/743 744/744/744
f 742/742/742 744/744/744 745/745/745 720/720/720
f 742/742/742 720/720/720 719/719/719 723/723/723
f 745/745/745 744/744/744 746/746/746 747/747/747
f 745/745/745 747/747/747 748/748/748 717/717/717
f 745/745/745 717/717/717 716/716/716 720/720/720
f 748/748/748 747/747/747 749/749/749 750/750/750
f 748/748/748 750/750/750 751/751/751 714/714/714
f 748/748/748 714/714/714 713/713/713 717/717/717
f 751/751/751 750/750/750 752/752/752 753/753/753
f 751/751/751 753/753/753 754/754/754 710/710/710
f 751/751/751 710/710/710 709/709/709 714/714/714
f 754/754/754 753/753/753 755/755/755 756/756/756
f 754/754/754 756/756/756 757/757/757 707/707/707
f 754/754/754 707/707/707 706/706/706 710/710/710
f 757/757/757 756/756/756 615/615/615 613/613/613
f 757/757/757 613/613/613 611/611/611 704/704/704
f 757/757/757 704/704/704 703/703/703 707/707/707
f 756/756/756 755/755/755 617/617/617 615/615/615
f 755/755/755 758/758/758 619/619/619 617/617/617
f 755/755/755 753/753/753 752/752/752 758/758/758
f 758/758/758 759/759/759 621/621/621 619/619/619
f 758/758/758 752/752/752 760/760/760 759/759/759
f 760/760/760 761/761/761 762/762/762 759/759/759
f 760/760/760 752/752/752 750/750/750 749/749/749
f 760/760/760 749/749/749 763/763/763 761/761/761
f 763/763/763 764/764/764 765/765/765 761/761/761
f 763/763/763 749/749/749 747/747/747 746/746/746
f 763/763/763 746/746/746 766/766/766 764/764/764
f 766/766/766 767/767/767 768/768/768 764/764/764
f 766/766/766 746/746/746 744/744/744 743/743/743
f 766/766/766 743/743/743 769/769/769 767/767/767
f 769/769/769 770/770/770 771/771/771 767/767/767
f 769/769/769 743/743/743 741/741/741 740/740/740
f 769/769/769 740/740/740 772/772/772 770/770/770
f 772/772/772 645/645/645 643/643/643 770/770/770
f 772/772/772 740/740/740 738/738/738 124/120/120
f 772/772/772 124/120/120 123/3092/119 645/645/645
f 771/771/771 641/641/641 639/639/639 773/773/773
f 771/771/771 773/773/773 768/768/768 767/767/767
f 771/771/771 770/770/770 643/643/643 641/641/641
f 773/773/773 639/639/639 637/637/637 774/774/774
f 773/773/773 774/774/774 775/775/775 768/768/768
f 775/775/775 774/774/774 776/776/776 777/777/777
f 775/775/775 777/777/777 778/778/778 765/765/765
f 775/775/775 765/765/765 764/764/764 768/768/768
f 778/778/778 777/777/777 627/627/627 625/625/625
f 778/778/778 625/625/625 623/623/623 762/762/762
f 778/778/778 762/762/762 761/761/761 765/765/765
f 777/777/777 776/776/776 629/629/629 627/627/627
f 776/776/776 635/635/635 631/631/631 629/629/629
f 776/776/776 774/774/774 637/637/637 635/635/635
f 762/762/762 623/623/623 621/621/621 759/759/759
f 728/728/728 724/724/724 671/671/671 669/3253/669
f 711/711/711 685/685/685 681/681/681 680/680/680
f 704/704/704 611/611/611 609/609/609 701/701/701
f 650/650/650 648/648/648 126/122/122 128/124/124
f 597/597/597 595/595/595 584/584/584 583/583/583
f 595/595/595 588/588/588 585/585/585 584/584/584
f 435/435/435 431/431/431 430/430/430 779/779/779
f 779/779/779 430/430/430 780/780/780 781/781/781
f 781/781/781 780/780/780 782/782/782 783/783/783
f 783/783/783 782/782/782 784/784/784 785/785/785
f 785/785/785 784/784/784 786/786/786 787/787/787
f 787/787/787 786/786/786 788/788/788 789/789/789
f 789/789/789 788/788/788 790/790/790 791/791/791
f 791/791/791 790/790/790 792/792/792 793/793/793
f 793/793/793 792/792/792 794/794/794 795/795/795
f 795/795/795 794/794/794 796/796/796 797/797/797
f 797/797/797 796/796/796 798/798/798 799/799/799
f 799/799/799 798/798/798 800/800/800 801/801/801
f 801/801/801 800/800/800 802/802/802 803/3045/803
f 803/803/803 802/3057/802 804/804/804 805/805/805
f 805/805/805 804/804/804 806/806/806 807/807/807
f 807/807/807 806/806/806 808/808/808 809/809/809
f 809/809/809 808/808/808 810/810/810 811/811/811
f 811/811/811 810/810/810 812/812/812 813/813/813
f 813/813/813 812/812/812 814/814/814 815/815/815
f 815/815/815 814/814/814 816/816/816 817/817/817
f 817/817/817 816/816/816 818/818/818 819/819/819
f 819/819/819 818/818/818 820/820/820 821/821/821
f 821/821/821 820/820/820 822/822/822 823/823/823
f 823/823/823 822/822/822 824/824/824 825/825/825
f 825/825/825 824/824/824 826/826/826 827/827/827
f 827/827/827 826/826/826 828/828/828 829/829/829
f 829/829/829 828/828/828 830/830/830 831/831/831
f 831/831/831 830/830/830 832/832/832 833/833/833
f 833/833/833 832/832/832 834/834/834 835/835/835
f 835/835/835 834/834/834 836/836/836 837/837/837
f 837/837/837 836/836/836 838/838/838 839/839/839
f 839/839/839 838/838/838 840/840/840 841/841/841
f 841/841/841 840/840/840 842/842/842 843/3121/843
f 843/843/843 842/3123/842 844/844/844 845/845/845
f 845/845/845 844/844/844 846/846/846 847/847/847
f 847/847/847 846/846/846 848/848/848 849/849/849
f 849/849/849 848/848/848 850/850/850 851/851/851
f 851/851/851 850/850/850 852/852/852 853/853/853
f 853/853/853 852/852/852 854/854/854 855/855/855
f 855/855/855 854/854/854 856/856/856 857/857/857
f 857/857/857 856/856/856 858/858/858 859/859/859
f 859/859/859 858/858/858 860/860/860 861/861/861
f 861/861/861 860/860/860 862/862/862 863/863/863
f 863/863/863 862/862/862 864/864/864 865/865/865
f 865/865/865 864/864/864 866/866/866 867/867/867
f 867/867/867 866/866/866 868/868/868 869/869/869
f 869/869/869 868/868/868 870/870/870 871/871/871
f 871/871/871 870/870/870 872/872/872 873/873/873
f 873/873/873 872/872/872 874/874/874 875/875/875
f 875/875/875 874/874/874 876/876/876 877/877/877
f 877/877/877 876/876/876 878/878/878 879/879/879
f 879/879/879 878/878/878 264/264/264 880/880/880
f 880/880/880 264/264/264 262/262/262 261/261/261
f 878/878/878 876/876/876 881/881/881 267/267/267
f 878/878/878 267/267/267 265/265/265 264/264/264
f 881/881/881 876/876/876 874/874/874 882/882/882
f 881/881/881 882/882/882 883/883/883 270/270/270
f 881/881/881 270/270/270 268/268/268 267/267/267
f 883/883/883 882/882/882 884/884/884 885/885/885
f 883/883/883 885/885/885 886/886/886 273/273/273
f 883/883/883 273/273/273 271/271/271 270/270/270
f 886/886/886 885/885/885 887/887/887 888/888/888
f 886/886/886 888/888/888 889/889/889 276/276/276
f 886/886/886 276/276/276 274/274/274 273/273/273
f 889/889/889 888/888/888 890/890/890 891/891/891
f 889/889/889 891/891/891 892/892/892 279/279/279
f 889/889/889 279/279/279 277/277/277 276/276/276
f 892/892/892 891/891/891 893/893/893 894/894/894
f 892/892/892 894/894/894 895/895/895 896/896/896
f 892/892/892 896/896/896 280/280/280 279/279/279
f 896/896/896 895/895/895 897/897/897 898/898/898
f 896/896/896 898/898/898 281/281/281 280/280/280
f 898/898/898 897/897/897 899/899/899 900/900/900
f 898/898/898 900/900/900 283/283/283 281/281/281
f 900/900/900 899/899/899 901/901/901 902/902/902
f 900/900/900 902/902/902 285/285/285 283/283/283
f 902/902/902 901/901/901 903/903/903 904/904/904
f 902/902/902 904/904/904 287/287/287 285/285/285
f 904/904/904 903/903/903 905/905/905 906/906/906
f 904/904/904 906/906/906 289/289/289 287/287/287
f 906/906/906 905/905/905 6/48/48 68/54/54
f 906/906/906 68/54/54 291/291/291 289/289/289
f 905/905/905 903/903/903 907/907/907 908/908/908
f 905/905/905 908/908/908 63/49/49 6/48/48
f 908/908/908 907/907/907 909/909/909 910/910/910
f 908/908/908 910/910/910 911/911/911 63/49/49
f 911/911/911 910/910/910 912/912/912 913/913/913
f 911/911/911 913/913/913 914/914/914 915/915/915
f 911/911/911 915/915/915 64/50/50 63/49/49
f 915/915/915 914/914/914 916/916/916 917/917/917
f 915/915/915 917/917/917 918/918/918 64/50/50
f 918/918/918 919/3063/919 920/3059/920 921/921/921
f 918/918/918 921/921/921 65/51/51 64/50/50
f 918/918/918 917/917/917 922/922/922 919/3063/919
f 922/3062/922 923/923/923 924/924/924 919/919/919
f 922/922/922 917/917/917 916/916/916 925/925/925
f 922/3062/922 925/3060/925 926/926/926 923/923/923
f 926/926/926 927/927/927 928/928/928 923/923/923
f 926/926/926 925/3060/925 98/89/89 929/929/929
f 926/926/926 929/929/929 930/930/930 927/927/927
f 930/930/930 931/931/931 932/932/932 927/927/927
f 930/930/930 929/929/929 933/933/933 934/934/934
f 930/930/930 934/934/934 935/935/935 931/931/931
f 935/935/935 934/934/934 936/936/936 937/937/937
f 935/935/935 937/937/937 938/938/938 939/939/939
f 935/935/935 939/939/939 940/940/940 931/931/931
f 940/940/940 331/331/331 329/329/329 941/941/941
f 940/940/940 941/941/941 932/932/932 931/931/931
f 940/940/940 939/939/939 333/333/333 331/331/331
f 941/941/941 329/329/329 326/326/326 325/325/325
f 941/941/941 325/325/325 942/942/942 932/932/932
f 942/942/942 325/325/325 321/321/321 320/320/320
f 942/942/942 320/320/320 943/943/943 928/928/928
f 942/942/942 928/928/928 927/927/927 932/932/932
f 943/943/943 320/320/320 316/316/316 315/315/315
f 943/943/943 315/315/315 944/944/944 924/924/924
f 943/943/943 924/924/924 923/923/923 928/928/928
f 944/944/944 315/315/315 309/309/309 307/307/307
f 944/944/944 307/307/307 305/3058/305 920/920/920
f 944/944/944 920/920/920 919/919/919 924/924/924
f 939/939/939 938/938/938 335/335/335 333/333/333
f 938/938/938 937/937/937 945/945/945 946/3250/946
f 938/938/938 946/3250/946 337/337/337 335/335/335
f 946/946/946 945/3241/945 947/947/947 948/948/948
f 946/946/946 948/948/948 339/339/339 337/3251/337
f 948/948/948 947/947/947 949/949/949 950/950/950
f 948/948/948 950/950/950 951/951/951 339/339/339
f 951/951/951 950/950/950 952/952/952 953/953/953
f 951/951/951 953/953/953 954/954/954 342/342/342
f 951/951/951 342/342/342 340/340/340 339/339/339
f 954/954/954 953/953/953 33/15/15 955/955/955
f 954/954/954 955/955/955 956/956/956 957/957/957
f 954/954/954 957/957/957 343/343/343 342/342/342
f 957/957/957 956/956/956 958/958/958 959/959/959
f 957/957/957 959/959/959 344/344/344 343/343/343
f 959/959/959 958/958/958 960/960/960 961/961/961
f 959/959/959 961/961/961 346/346/346 344/344/344
f 961/961/961 960/960/960 962/962/962 963/963/963
f 961/961/961 963/963/963 348/348/348 346/346/346
f 963/963/963 962/962/962 964/964/964 965/965/965
f 963/963/963 965/965/965 966/966/966 348/348/348
f 966/966/966 965/965/965 967/967/967 968/968/968
f 966/966/966 968/968/968 969/969/969 351/351/351
f 966/966/966 351/351/351 349/349/349 348/348/348
f 969/969/969 968/968/968 970/970/970 971/971/971
f 969/969/969 971/971/971 972/972/972 973/3248/973
f 969/969/969 973/3248/973 352/352/352 351/351/351
f 973/973/973 972/3240/972 974/974/974 975/975/975
f 973/973/973 975/975/975 353/353/353 352/3249/352
f 975/975/975 974/974/974 976/976/976 977/977/977
f 975/975/975 977/977/977 355/355/355 353/353/353
f 977/977/977 976/976/976 978/978/978 979/979/979
f 977/977/977 979/979/979 980/980/980 355/355/355
f 980/980/980 358/358/358 356/356/356 355/355/355
f 980/980/980 979/979/979 981/981/981 982/982/982
f 980/980/980 982/982/982 983/983/983 358/358/358
f 983/983/983 362/362/362 359/359/359 358/358/358
f 983/983/983 982/982/982 984/984/984 985/985/985
f 983/983/983 985/985/985 986/986/986 362/362/362
f 986/986/986 367/367/367 363/363/363 362/362/362
f 986/986/986 985/985/985 987/987/987 988/988/988
f 986/986/986 988/988/988 989/989/989 367/367/367
f 989/989/989 372/372/372 368/368/368 367/367/367
f 989/989/989 988/988/988 990/3237/990 991/3247/991
f 989/989/989 991/3247/991 992/3245/992 372/372/372
f 992/3245/992 377/3246/377 373/373/373 372/372/372
f 992/992/992 991/991/991 993/993/993 994/994/994
f 992/992/992 994/994/994 995/995/995 377/377/377
f 995/995/995 382/382/382 378/378/378 377/377/377
f 995/995/995 994/994/994 996/996/996 997/997/997
f 995/995/995 997/997/997 998/998/998 382/382/382
f 998/998/998 387/387/387 383/383/383 382/382/382
f 998/998/998 997/997/997 999/999/999 1000/1000/1000
f 998/998/998 1000/1000/1000 1001/1001/1001 387/387/387
f 1001/1001/1001 1000/1000/1000 1002/1002/1002 1003/1003/1003
f 1001/1001/1001 1003/1003/1003 1004/1004/1004 392/392/392
f 1001/1001/1001 392/392/392 388/388/388 387/387/387
f 1004/1004/1004 1003/1003/1003 1005/1005/1005 1006/1006/1006
f 1004/1004/1004 1006/1006/1006 1007/1007/1007 395/395/395
f 1004/1004/1004 395/395/395 393/393/393 392/392/392
f 1007/1007/1007 1006/1006/1006 1008/1008/1008 1009/1009/1009
f 1007/1007/1007 1009/1009/1009 1010/1010/1010 1011/1011/1011
f 1007/1007/1007 1011/1011/1011 396/396/396 395/395/395
f 1011/1011/1011 1010/1010/1010 1012/1012/1012 1013/1013/1013
f 1011/1011/1011 1013/1013/1013 397/397/397 396/396/396
f 1013/1013/1013 1012/1012/1012 1014/1014/1014 1015/1015/1015
f 1013/1013/1013 1015/1015/1015 404/404/404 397/397/397
f 1015/1015/1015 1014/1014/1014 1016/1016/1016 1017/1017/1017
f 1015/1015/1015 1017/1017/1017 405/405/405 404/404/404
f 1017/1017/1017 1016/1016/1016 1018/1018/1018 1019/1019/1019
f 1017/1017/1017 1019/1019/1019 407/407/407 405/405/405
f 1019/1019/1019 1018/1018/1018 1020/1020/1020 1021/1021/1021
f 1019/1019/1019 1021/1021/1021 409/409/409 407/407/407
f 1021/1021/1021 1020/1020/1020 1022/1022/1022 1023/1023/1023
f 1021/1021/1021 1023/1023/1023 411/411/411 409/409/409
f 1023/1023/1023 1022/1022/1022 1024/1024/1024 1025/1025/1025
f 1023/1023/1023 1025/1025/1025 1026/1026/1026 411/411/411
f 1026/1026/1026 415/415/415 412/412/412 411/411/411
f 1026/1026/1026 1025/1025/1025 1027/1027/1027 1028/1028/1028
f 1026/1026/1026 1028/1028/1028 1029/1029/1029 415/415/415
f 1029/1029/1029 420/420/420 416/416/416 415/415/415
f 1029/1029/1029 1028/1028/1028 1030/1030/1030 1031/1031/1031
f 1029/1029/1029 1031/1031/1031 1032/1032/1032 420/420/420
f 1032/1032/1032 425/425/425 421/421/421 420/420/420
f 1032/1032/1032 1031/1031/1031 784/784/784 782/782/782
f 1032/1032/1032 782/782/782 780/780/780 425/425/425
f 1031/1031/1031 1030/1030/1030 786/786/786 784/784/784
f 1030/1030/1030 1028/1028/1028 1027/1027/1027 1033/1033/1033
f 1030/1030/1030 1033/1033/1033 788/788/788 786/786/786
f 1033/1033/1033 1027/1027/1027 1034/1034/1034 1035/1035/1035
f 1033/1033/1033 1035/1035/1035 790/790/790 788/788/788
f 1035/1035/1035 1034/1034/1034 1036/1036/1036 1037/1037/1037
f 1035/1035/1035 1037/1037/1037 792/792/792 790/790/790
f 1037/1037/1037 1036/1036/1036 1038/1038/1038 1039/1039/1039
f 1037/1037/1037 1039/1039/1039 794/794/794 792/792/792
f 1039/1039/1039 1038/1038/1038 1040/1040/1040 1041/1041/1041
f 1039/1039/1039 1041/1041/1041 796/796/796 794/794/794
f 1041/1041/1041 1040/1040/1040 1042/1042/1042 1043/1043/1043
f 1041/1041/1041 1043/1043/1043 798/798/798 796/796/796
f 1043/1043/1043 1042/1042/1042 1044/1044/1044 1045/1045/1045
f 1043/1043/1043 1045/1045/1045 800/800/800 798/798/798
f 1045/1045/1045 1044/1044/1044 1046/1046/1046 1047/3056/1047
f 1045/1045/1045 1047/3056/1047 802/802/802 800/800/800
f 1047/1047/1047 1048/1048/1048 804/804/804 802/3057/802
f 1047/1047/1047 1046/3054/1046 1049/1049/1049 1048/1048/1048
f 1049/1049/1049 1050/1050/1050 1051/1051/1051 1048/1048/1048
f 1049/1049/1049 1046/3054/1046 133/130/130 132/129/129
f 1049/1049/1049 132/129/129 1052/1052/1052 1050/1050/1050
f 1052/1052/1052 1053/1053/1053 1054/1054/1054 1050/1050/1050
f 1052/1052/1052 132/129/129 131/128/128 1055/1055/1055
f 1052/1052/1052 1055/1055/1055 1056/1056/1056 1053/1053/1053
f 1056/1056/1056 1057/1057/1057 1058/1058/1058 1053/1053/1053
f 1056/1056/1056 1055/1055/1055 1059/1059/1059 1060/1060/1060
f 1056/1056/1056 1060/1060/1060 1061/1061/1061 1057/1057/1057
f 1061/1061/1061 1062/1062/1062 1063/1063/1063 1057/1057/1057
f 1061/1061/1061 1060/1060/1060 1064/1064/1064 1065/1065/1065
f 1061/1061/1061 1065/1065/1065 1066/1066/1066 1062/1062/1062
f 1066/1066/1066 1067/1067/1067 1068/1068/1068 1062/1062/1062
f 1066/1066/1066 1065/1065/1065 1069/1069/1069 1070/1070/1070
f 1066/1066/1066 1070/1070/1070 1071/1071/1071 1067/1067/1067
f 1071/1071/1071 1072/1072/1072 1073/1073/1073 1067/1067/1067
f 1071/1071/1071 1070/1070/1070 1074/1074/1074 1075/1075/1075
f 1071/1071/1071 1075/1075/1075 1076/1076/1076 1072/1072/1072
f 1076/1076/1076 1077/1077/1077 1078/1078/1078 1072/1072/1072
f 1076/1076/1076 1075/1075/1075 1079/3131/1079 1080/3139/1080
f 1076/1076/1076 1080/3139/1080 1081/3138/1081 1077/1077/1077
f 1081/3138/1081 1082/3137/1082 1083/1083/1083 1077/1077/1077
f 1081/1081/1081 1080/1080/1080 1084/1084/1084 1085/1085/1085
f 1081/1081/1081 1085/1085/1085 1086/1086/1086 1082/1082/1082
f 1086/1086/1086 1087/1087/1087 1088/1088/1088 1082/1082/1082
f 1086/1086/1086 1085/1085/1085 1089/1089/1089 1090/1090/1090
f 1086/1086/1086 1090/1090/1090 1091/1091/1091 1087/1087/1087
f 1091/1091/1091 1092/1092/1092 1093/1093/1093 1087/1087/1087
f 1091/1091/1091 1090/1090/1090 1094/1094/1094 1095/1095/1095
f 1091/1091/1091 1095/1095/1095 1096/1096/1096 1092/1092/1092
f 1096/1096/1096 1097/1097/1097 1098/1098/1098 1092/1092/1092
f 1096/1096/1096 1095/1095/1095 1099/1099/1099 1100/1100/1100
f 1096/1096/1096 1100/1100/1100 1101/1101/1101 1097/1097/1097
f 1101/1101/1101 1102/1102/1102 1103/1103/1103 1097/1097/1097
f 1101/1101/1101 1100/1100/1100 1104/1104/1104 1105/1105/1105
f 1101/1101/1101 1105/1105/1105 1106/1106/1106 1102/1102/1102
f 1106/1106/1106 1107/1107/1107 1108/1108/1108 1102/1102/1102
f 1106/1106/1106 1105/1105/1105 1109/1109/1109 1110/1110/1110
f 1106/1106/1106 1110/1110/1110 1111/1111/1111 1107/1107/1107
f 1111/1111/1111 1112/1112/1112 1113/1113/1113 1107/1107/1107
f 1111/1111/1111 1110/1110/1110 1114/1114/1114 1115/1115/1115
f 1111/1111/1111 1115/1115/1115 1116/1116/1116 1112/1112/1112
f 1116/1116/1116 1117/1117/1117 1118/1118/1118 1112/1112/1112
f 1116/1116/1116 1115/1115/1115 1119/1119/1119 1120/1120/1120
f 1116/1116/1116 1120/1120/1120 1121/1121/1121 1117/1117/1117
f 1121/1121/1121 858/858/858 856/856/856 1117/1117/1117
f 1121/1121/1121 1120/1120/1120 1122/1122/1122 1123/1123/1123
f 1121/1121/1121 1123/1123/1123 860/860/860 858/858/858
f 1123/1123/1123 1122/1122/1122 1124/1124/1124 1125/1125/1125
f 1123/1123/1123 1125/1125/1125 862/862/862 860/860/860
f 1125/1125/1125 1124/1124/1124 1126/1126/1126 1127/1127/1127
f 1125/1125/1125 1127/1127/1127 864/864/864 862/862/862
f 1127/1127/1127 1126/1126/1126 1128/1128/1128 1129/1129/1129
f 1127/1127/1127 1129/1129/1129 866/866/866 864/864/864
f 1129/1129/1129 1128/1128/1128 1130/1130/1130 1131/1131/1131
f 1129/1129/1129 1131/1131/1131 868/868/868 866/866/866
f 1131/1131/1131 1130/1130/1130 887/887/887 1132/1132/1132
f 1131/1131/1131 1132/1132/1132 870/870/870 868/868/868
f 1132/1132/1132 887/887/887 885/885/885 884/884/884
f 1132/1132/1132 884/884/884 872/872/872 870/870/870
f 1130/1130/1130 1128/1128/1128 1133/1133/1133 890/890/890
f 1130/1130/1130 890/890/890 888/888/888 887/887/887
f 1133/1133/1133 1128/1128/1128 1126/1126/1126 1134/1134/1134
f 1133/1133/1133 1134/1134/1134 1135/1135/1135 893/893/893
f 1133/1133/1133 893/893/893 891/891/891 890/890/890
f 1135/1135/1135 1134/1134/1134 1136/1136/1136 1137/1137/1137
f 1135/1135/1135 1137/1137/1137 1138/1138/1138 1139/1139/1139
f 1135/1135/1135 1139/1139/1139 894/894/894 893/893/893
f 1139/1139/1139 1138/1138/1138 1140/1140/1140 1141/1141/1141
f 1139/1139/1139 1141/1141/1141 895/895/895 894/894/894
f 1141/1141/1141 1140/1140/1140 1142/1142/1142 1143/1143/1143
f 1141/1141/1141 1143/1143/1143 897/897/897 895/895/895
f 1143/1143/1143 1142/1142/1142 1144/1144/1144 1145/1145/1145
f 1143/1143/1143 1145/1145/1145 899/899/899 897/897/897
f 1145/1145/1145 1144/1144/1144 1146/1146/1146 1147/1147/1147
f 1145/1145/1145 1147/1147/1147 901/901/901 899/899/899
f 1147/1147/1147 1146/1146/1146 909/909/909 907/907/907
f 1147/1147/1147 907/907/907 903/903/903 901/901/901
f 1146/1146/1146 1144/1144/1144 1148/1148/1148 1149/1149/1149
f 1146/1146/1146 1149/1149/1149 1150/1150/1150 909/909/909
f 1150/1150/1150 1149/1149/1149 1151/1151/1151 1152/1152/1152
f 1150/1150/1150 1152/1152/1152 1153/1153/1153 912/912/912
f 1150/1150/1150 912/912/912 910/910/910 909/909/909
f 1153/1153/1153 1152/1152/1152 1154/1154/1154 1155/1155/1155
f 1153/1153/1153 1155/1155/1155 1156/1156/1156 1157/1157/1157
f 1153/1153/1153 1157/1157/1157 913/913/913 912/912/912
f 1157/1157/1157 1156/1156/1156 93/84/84 92/83/83
f 1157/1157/1157 92/83/83 914/914/914 913/913/913
f 1156/1156/1156 1155/1155/1155 1158/1158/1158 1159/1159/1159
f 1156/1156/1156 1159/1159/1159 1160/1160/1160 93/84/84
f 1160/1160/1160 1159/1159/1159 107/100/100 106/99/99
f 1160/1160/1160 106/99/99 1161/1161/1161 1162/1162/1162
f 1160/1160/1160 1162/1162/1162 94/85/85 93/84/84
f 1162/1162/1162 1161/1161/1161 1163/1163/1163 1164/1164/1164
f 1162/1162/1162 1164/1164/1164 95/86/86 94/85/85
f 1164/1164/1164 1163/1163/1163 1165/1165/1165 1166/3136/1166
f 1164/1164/1164 1166/3136/1166 1167/3135/1167 95/86/86
f 1167/1167/1167 1166/1166/1166 1168/1168/1168 1169/1169/1169
f 1167/1167/1167 1169/1169/1169 1170/1170/1170 1171/1171/1171
f 1167/3135/1167 1171/3134/1171 96/87/87 95/86/86
f 1171/1171/1171 1170/1170/1170 1172/1172/1172 1173/3052/1173
f 1171/3134/1171 1173/3133/1173 97/3053/88 96/87/87
f 1173/1173/1173 1172/3048/1172 1174/3243/1174 1175/1175/1175
f 1173/1173/1173 1175/1175/1175 933/933/933 97/88/88
f 1175/1175/1175 1174/3243/1174 1176/3242/1176 936/936/936
f 1175/1175/1175 936/936/936 934/934/934 933/933/933
f 1176/1176/1176 1174/1174/1174 1177/1177/1177 1178/1178/1178
f 1176/1176/1176 1178/1178/1178 947/947/947 945/3241/945
f 1176/3242/1176 945/945/945 937/937/937 936/936/936
f 1178/1178/1178 1177/1177/1177 1179/1179/1179 1180/1180/1180
f 1178/1178/1178 1180/1180/1180 949/949/949 947/947/947
f 1180/1180/1180 1179/1179/1179 137/134/134 1181/1181/1181
f 1180/1180/1180 1181/1181/1181 1182/1182/1182 949/949/949
f 1182/1182/1182 1181/1181/1181 1183/1183/1183 34/16/16
f 1182/1182/1182 34/16/16 2/12/12 952/952/952
f 1182/1182/1182 952/952/952 950/950/950 949/949/949
f 1183/1183/1183 136/133/133 138/135/135 1184/1184/1184
f 1183/1183/1183 1184/1184/1184 35/17/17 34/16/16
f 1183/1183/1183 1181/1181/1181 137/134/134 136/133/133
f 1184/1184/1184 1185/1185/1185 1186/1186/1186 35/17/17
f 1184/1184/1184 138/135/135 1187/1187/1187 1185/1185/1185
f 1187/1187/1187 1188/1188/1188 1189/1189/1189 1185/1185/1185
f 1187/1187/1187 138/135/135 135/132/132 1190/1190/1190
f 1187/1187/1187 1190/1190/1190 1191/1191/1191 1188/1188/1188
f 1191/1191/1191 1192/1192/1192 1193/1193/1193 1188/1188/1188
f 1191/1191/1191 1190/1190/1190 1194/1194/1194 1195/1195/1195
f 1191/1191/1191 1195/1195/1195 1196/1196/1196 1192/1192/1192
f 1196/1196/1196 1197/1197/1197 1198/1198/1198 1192/1192/1192
f 1196/1196/1196 1195/1195/1195 1040/1040/1040 1038/1038/1038
f 1196/1196/1196 1038/1038/1038 1036/1036/1036 1197/1197/1197
f 1198/1198/1198 1022/1022/1022 1020/1020/1020 1199/1199/1199
f 1198/1198/1198 1199/1199/1199 1193/1193/1193 1192/1192/1192
f 1198/1198/1198 1197/1197/1197 1024/1024/1024 1022/1022/1022
f 1199/1199/1199 1020/1020/1020 1018/1018/1018 1200/1200/1200
f 1199/1199/1199 1200/1200/1200 1201/1201/1201 1193/1193/1193
f 1201/1201/1201 1200/1200/1200 1202/1202/1202 1203/1203/1203
f 1201/1201/1201 1203/1203/1203 1204/1204/1204 1189/1189/1189
f 1201/1201/1201 1189/1189/1189 1188/1188/1188 1193/1193/1193
f 1204/1204/1204 1203/1203/1203 1205/1205/1205 1206/1206/1206
f 1204/1204/1204 1206/1206/1206 1207/1207/1207 1186/1186/1186
f 1204/1204/1204 1186/1186/1186 1185/1185/1185 1189/1189/1189
f 1207/1207/1207 1206/1206/1206 122/117/117 1208/1208/1208
f 1207/1207/1207 1208/1208/1208 37/19/19 36/18/18
f 1207/1207/1207 36/18/18 35/17/17 1186/1186/1186
f 1208/1208/1208 122/117/117 121/116/116 1209/1209/1209
f 1208/1208/1208 1209/1209/1209 1210/1210/1210 37/19/19
f 1210/1210/1210 1209/1209/1209 1211/1211/1211 1212/1212/1212
f 1210/1210/1210 1212/1212/1212 1213/1213/1213 1214/1214/1214
f 1210/1210/1210 1214/1214/1214 31/13/13 37/19/19
f 1214/1214/1214 1213/1213/1213 1215/1215/1215 1216/1216/1216
f 1214/1214/1214 1216/1216/1216 32/14/14 31/13/13
f 1216/1216/1216 1215/1215/1215 1217/1217/1217 1218/1218/1218
f 1216/1216/1216 1218/1218/1218 1219/1219/1219 32/14/14
f 1219/1219/1219 1218/1218/1218 1220/1220/1220 1221/1221/1221
f 1219/1219/1219 1221/1221/1221 956/956/956 955/955/955
f 1219/1219/1219 955/955/955 33/15/15 32/14/14
f 1221/1221/1221 1220/1220/1220 1222/1222/1222 1223/1223/1223
f 1221/1221/1221 1223/1223/1223 958/958/958 956/956/956
f 1223/1223/1223 1222/1222/1222 1224/1224/1224 1225/1225/1225
f 1223/1223/1223 1225/1225/1225 960/960/960 958/958/958
f 1225/1225/1225 1224/1224/1224 1226/1226/1226 1227/1227/1227
f 1225/1225/1225 1227/1227/1227 962/962/962 960/960/960
f 1227/1227/1227 1226/1226/1226 1228/1228/1228 1229/1229/1229
f 1227/1227/1227 1229/1229/1229 964/964/964 962/962/962
f 1229/1229/1229 1228/1228/1228 1230/1230/1230 1231/1231/1231
f 1229/1229/1229 1231/1231/1231 1232/1232/1232 964/964/964
f 1232/1232/1232 1231/1231/1231 1233/1233/1233 1234/1234/1234
f 1232/1232/1232 1234/1234/1234 1235/1235/1235 967/967/967
f 1232/1232/1232 967/967/967 965/965/965 964/964/964
f 1235/1235/1235 1234/1234/1234 1236/1236/1236 1237/1237/1237
f 1235/1235/1235 1237/1237/1237 1238/1238/1238 970/970/970
f 1235/1235/1235 970/970/970 968/968/968 967/967/967
f 1238/1238/1238 1237/1237/1237 1239/1239/1239 1240/1240/1240
f 1238/1238/1238 1240/1240/1240 1241/1241/1241 1242/1242/1242
f 1238/1238/1238 1242/1242/1242 971/971/971 970/970/970
f 1242/1242/1242 1241/1241/1241 1243/1243/1243 1244/3239/1244
f 1242/1242/1242 1244/3239/1244 972/972/972 971/971/971
f 1244/1244/1244 1243/3235/1243 1245/1245/1245 1246/1246/1246
f 1244/1244/1244 1246/1246/1246 974/974/974 972/3240/972
f 1246/1246/1246 1245/1245/1245 1247/1247/1247 1248/1248/1248
f 1246/1246/1246 1248/1248/1248 976/976/976 974/974/974
f 1248/1248/1248 1247/1247/1247 1249/1249/1249 1250/1250/1250
f 1248/1248/1248 1250/1250/1250 978/978/978 976/976/976
f 1250/1250/1250 1249/1249/1249 1251/1251/1251 1252/1252/1252
f 1250/1250/1250 1252/1252/1252 1253/1253/1253 978/978/978
f 1253/1253/1253 981/981/981 979/979/979 978/978/978
f 1253/1253/1253 1252/1252/1252 1254/1254/1254 1255/1255/1255
f 1253/1253/1253 1255/1255/1255 1256/1256/1256 981/981/981
f 1256/1256/1256 984/984/984 982/982/982 981/981/981
f 1256/1256/1256 1255/1255/1255 1257/1257/1257 1258/1258/1258
f 1256/1256/1256 1258/1258/1258 1259/1259/1259 984/984/984
f 1259/1259/1259 987/987/987 985/985/985 984/984/984
f 1259/1259/1259 1258/1258/1258 1260/3232/1260 1261/3238/1261
f 1259/1259/1259 1261/3238/1261 1262/3236/1262 987/987/987
f 1262/3236/1262 990/3237/990 988/988/988 987/987/987
f 1262/1262/1262 1261/1261/1261 1263/1263/1263 1264/1264/1264
f 1262/1262/1262 1264/1264/1264 1265/1265/1265 990/990/990
f 1265/1265/1265 993/993/993 991/991/991 990/990/990
f 1265/1265/1265 1264/1264/1264 74/61/61 1266/1266/1266
f 1265/1265/1265 1266/1266/1266 1267/1267/1267 993/993/993
f 1267/1267/1267 996/996/996 994/994/994 993/993/993
f 1267/1267/1267 1266/1266/1266 1268/1268/1268 1269/1269/1269
f 1267/1267/1267 1269/1269/1269 1270/1270/1270 996/996/996
f 1270/1270/1270 999/999/999 997/997/997 996/996/996
f 1270/1270/1270 1269/1269/1269 1271/1271/1271 1272/1272/1272
f 1270/1270/1270 1272/1272/1272 1273/1273/1273 999/999/999
f 1273/1273/1273 1272/1272/1272 1274/1274/1274 1275/1275/1275
f 1273/1273/1273 1275/1275/1275 1276/1276/1276 1002/1002/1002
f 1273/1273/1273 1002/1002/1002 1000/1000/1000 999/999/999
f 1276/1276/1276 1275/1275/1275 1277/1277/1277 1278/1278/1278
f 1276/1276/1276 1278/1278/1278 1279/1279/1279 1005/1005/1005
f 1276/1276/1276 1005/1005/1005 1003/1003/1003 1002/1002/1002
f 1279/1279/1279 1278/1278/1278 1213/1213/1213 1212/1212/1212
f 1279/1279/1279 1212/1212/1212 1211/1211/1211 1008/1008/1008
f 1279/1279/1279 1008/1008/1008 1006/1006/1006 1005/1005/1005
f 1278/1278/1278 1277/1277/1277 1215/1215/1215 1213/1213/1213
f 1277/1277/1277 1275/1275/1275 1274/1274/1274 1280/1280/1280
f 1277/1277/1277 1280/1280/1280 1217/1217/1217 1215/1215/1215
f 1280/1280/1280 1274/1274/1274 1281/1281/1281 1282/1282/1282
f 1280/1280/1280 1282/1282/1282 1283/1283/1283 1217/1217/1217
f 1283/1283/1283 1282/1282/1282 1284/1284/1284 1285/1285/1285
f 1283/1283/1283 1285/1285/1285 1222/1222/1222 1220/1220/1220
f 1283/1283/1283 1220/1220/1220 1218/1218/1218 1217/1217/1217
f 1285/1285/1285 1284/1284/1284 1286/1286/1286 1287/1287/1287
f 1285/1285/1285 1287/1287/1287 1224/1224/1224 1222/1222/1222
f 1287/1287/1287 1286/1286/1286 1288/1288/1288 1289/1289/1289
f 1287/1287/1287 1289/1289/1289 1226/1226/1226 1224/1224/1224
f 1289/1289/1289 1288/1288/1288 1290/1290/1290 1291/1291/1291
f 1289/1289/1289 1291/1291/1291 1228/1228/1228 1226/1226/1226
f 1291/1291/1291 1290/1290/1290 1292/1292/1292 1293/1293/1293
f 1291/1291/1291 1293/1293/1293 1230/1230/1230 1228/1228/1228
f 1293/1293/1293 1292/1292/1292 1294/1294/1294 1295/1295/1295
f 1293/1293/1293 1295/1295/1295 1296/1296/1296 1230/1230/1230
f 1296/1296/1296 1295/1295/1295 1297/1297/1297 1298/1298/1298
f 1296/1296/1296 1298/1298/1298 1299/1299/1299 1233/1233/1233
f 1296/1296/1296 1233/1233/1233 1231/1231/1231 1230/1230/1230
f 1299/1299/1299 1298/1298/1298 1300/1300/1300 1301/1301/1301
f 1299/1299/1299 1301/1301/1301 1302/1302/1302 1236/1236/1236
f 1299/1299/1299 1236/1236/1236 1234/1234/1234 1233/1233/1233
f 1302/1302/1302 1301/1301/1301 1303/1303/1303 1304/1304/1304
f 1302/1302/1302 1304/1304/1304 1305/1305/1305 1239/1239/1239
f 1302/1302/1302 1239/1239/1239 1237/1237/1237 1236/1236/1236
f 1305/1305/1305 1304/1304/1304 1306/1306/1306 1307/1307/1307
f 1305/1305/1305 1307/1307/1307 1308/1308/1308 1309/1309/1309
f 1305/1305/1305 1309/1309/1309 1240/1240/1240 1239/1239/1239
f 1309/1309/1309 1308/1308/1308 1310/1310/1310 1311/1311/1311
f 1309/1309/1309 1311/1311/1311 1241/1241/1241 1240/1240/1240
f 1311/1311/1311 1310/1310/1310 1312/1312/1312 1313/3234/1313
f 1311/1311/1311 1313/3234/1313 1243/1243/1243 1241/1241/1241
f 1313/1313/1313 1312/3230/1312 1314/1314/1314 1315/1315/1315
f 1313/1313/1313 1315/1315/1315 1245/1245/1245 1243/3235/1243
f 1315/1315/1315 1314/1314/1314 1316/1316/1316 1317/1317/1317
f 1315/1315/1315 1317/1317/1317 1247/1247/1247 1245/1245/1245
f 1317/1317/1317 1316/1316/1316 1318/1318/1318 1319/1319/1319
f 1317/1317/1317 1319/1319/1319 1249/1249/1249 1247/1247/1247
f 1319/1319/1319 1318/1318/1318 1320/1320/1320 1321/1321/1321
f 1319/1319/1319 1321/1321/1321 1251/1251/1251 1249/1249/1249
f 1321/1321/1321 1320/1320/1320 1322/1322/1322 1323/1323/1323
f 1321/1321/1321 1323/1323/1323 1324/1324/1324 1251/1251/1251
f 1324/1324/1324 1254/1254/1254 1252/1252/1252 1251/1251/1251
f 1324/1324/1324 1323/1323/1323 1325/1325/1325 1326/1326/1326
f 1324/1324/1324 1326/1326/1326 1327/1327/1327 1254/1254/1254
f 1327/1327/1327 1257/1257/1257 1255/1255/1255 1254/1254/1254
f 1327/1327/1327 1326/1326/1326 1328/3227/1328 1329/3233/1329
f 1327/1327/1327 1329/3233/1329 1330/3231/1330 1257/1257/1257
f 1330/3231/1330 1260/3232/1260 1258/1258/1258 1257/1257/1257
f 1330/1330/1330 1329/1329/1329 1331/1331/1331 1332/1332/1332
f 1330/1330/1330 1332/1332/1332 1333/1333/1333 1260/1260/1260
f 1333/1333/1333 1263/1263/1263 1261/1261/1261 1260/1260/1260
f 1333/1333/1333 1332/1332/1332 1334/1334/1334 71/58/58
f 1333/1333/1333 71/58/58 70/57/57 1263/1263/1263
f 1334/1334/1334 1332/1332/1332 1331/1331/1331 1335/1335/1335
f 1334/1334/1334 1335/1335/1335 1336/1336/1336 1337/1337/1337
f 1334/1334/1334 1337/1337/1337 72/59/59 71/58/58
f 1337/1337/1337 1336/1336/1336 1338/1338/1338 1339/1339/1339
f 1337/1337/1337 1339/1339/1339 78/66/66 72/59/59
f 1339/1339/1339 1338/1338/1338 1340/1340/1340 1294/1294/1294
f 1339/1339/1339 1294/1294/1294 1292/1292/1292 78/66/66
f 1340/1340/1340 1338/1338/1338 1341/1341/1341 1342/1342/1342
f 1340/1340/1340 1342/1342/1342 1343/1343/1343 1297/1297/1297
f 1340/1340/1340 1297/1297/1297 1295/1295/1295 1294/1294/1294
f 1343/1343/1343 1342/1342/1342 1344/1344/1344 1345/1345/1345
f 1343/1343/1343 1345/1345/1345 1346/1346/1346 1300/1300/1300
f 1343/1343/1343 1300/1300/1300 1298/1298/1298 1297/1297/1297
f 1346/1346/1346 1345/1345/1345 1347/1347/1347 1348/1348/1348
f 1346/1346/1346 1348/1348/1348 1349/1349/1349 1303/1303/1303
f 1346/1346/1346 1303/1303/1303 1301/1301/1301 1300/1300/1300
f 1349/1349/1349 1348/1348/1348 1350/1350/1350 1351/1351/1351
f 1349/1349/1349 1351/1351/1351 1352/1352/1352 1306/1306/1306
f 1349/1349/1349 1306/1306/1306 1304/1304/1304 1303/1303/1303
f 1352/1352/1352 1351/1351/1351 1353/1353/1353 1354/1354/1354
f 1352/1352/1352 1354/1354/1354 1355/1355/1355 1356/1356/1356
f 1352/1352/1352 1356/1356/1356 1307/1307/1307 1306/1306/1306
f 1356/1356/1356 1355/1355/1355 1357/1357/1357 1358/1358/1358
f 1356/1356/1356 1358/1358/1358 1308/1308/1308 1307/1307/1307
f 1358/1358/1358 1357/1357/1357 1359/1359/1359 1360/1360/1360
f 1358/1358/1358 1360/1360/1360 1310/1310/1310 1308/1308/1308
f 1360/1360/1360 1359/1359/1359 1361/1361/1361 1362/3229/1362
f 1360/1360/1360 1362/3229/1362 1312/1312/1312 1310/1310/1310
f 1362/1362/1362 1361/3225/1361 1363/1363/1363 1364/1364/1364
f 1362/1362/1362 1364/1364/1364 1314/1314/1314 1312/3230/1312
f 1364/1364/1364 1363/1363/1363 1365/1365/1365 1366/1366/1366
f 1364/1364/1364 1366/1366/1366 1316/1316/1316 1314/1314/1314
f 1366/1366/1366 1365/1365/1365 1367/1367/1367 1368/1368/1368
f 1366/1366/1366 1368/1368/1368 1318/1318/1318 1316/1316/1316
f 1368/1368/1368 1367/1367/1367 1369/1369/1369 1370/1370/1370
f 1368/1368/1368 1370/1370/1370 1320/1320/1320 1318/1318/1318
f 1370/1370/1370 1369/1369/1369 1371/1371/1371 1372/1372/1372
f 1370/1370/1370 1372/1372/1372 1322/1322/1322 1320/1320/1320
f 1372/1372/1372 1371/1371/1371 1373/1373/1373 1374/1374/1374
f 1372/1372/1372 1374/1374/1374 1375/1375/1375 1322/1322/1322
f 1375/1375/1375 1325/1325/1325 1323/1323/1323 1322/1322/1322
f 1375/1375/1375 1374/1374/1374 1376/3219/1376 1377/3228/1377
f 1375/1375/1375 1377/3228/1377 1378/3226/1378 1325/1325/1325
f 1378/3226/1378 1328/3227/1328 1326/1326/1326 1325/1325/1325
f 1378/1378/1378 1377/1377/1377 1379/1379/1379 1380/1380/1380
f 1378/1378/1378 1380/1380/1380 1381/1381/1381 1328/1328/1328
f 1381/1381/1381 1331/1331/1331 1329/1329/1329 1328/1328/1328
f 1381/1381/1381 1380/1380/1380 1382/1382/1382 1383/1383/1383
f 1381/1381/1381 1383/1383/1383 1335/1335/1335 1331/1331/1331
f 1383/1383/1383 1382/1382/1382 1384/1384/1384 1385/1385/1385
f 1383/1383/1383 1385/1385/1385 1336/1336/1336 1335/1335/1335
f 1385/1385/1385 1384/1384/1384 1386/1386/1386 1341/1341/1341
f 1385/1385/1385 1341/1341/1341 1338/1338/1338 1336/1336/1336
f 1386/1386/1386 1384/1384/1384 1387/1387/1387 1388/1388/1388
f 1386/1386/1386 1388/1388/1388 1389/1389/1389 1344/1344/1344
f 1386/1386/1386 1344/1344/1344 1342/1342/1342 1341/1341/1341
f 1389/1389/1389 1388/1388/1388 1390/1390/1390 1391/1391/1391
f 1389/1389/1389 1391/1391/1391 1392/1392/1392 1347/1347/1347
f 1389/1389/1389 1347/1347/1347 1345/1345/1345 1344/1344/1344
f 1392/1392/1392 1391/1391/1391 100/92/92 1393/1393/1393
f 1392/1392/1392 1393/1393/1393 1394/1394/1394 1350/1350/1350
f 1392/1392/1392 1350/1350/1350 1348/1348/1348 1347/1347/1347
f 1394/1394/1394 1393/1393/1393 1395/1395/1395 1396/1396/1396
f 1394/1394/1394 1396/1396/1396 1397/1397/1397 1353/1353/1353
f 1394/1394/1394 1353/1353/1353 1351/1351/1351 1350/1350/1350
f 1397/1397/1397 1396/1396/1396 1398/1398/1398 1399/1399/1399
f 1397/1397/1397 1399/1399/1399 1400/1400/1400 1401/1401/1401
f 1397/1397/1397 1401/1401/1401 1354/1354/1354 1353/1353/1353
f 1401/1401/1401 1400/1400/1400 115/109/109 1402/1402/1402
f 1401/1401/1401 1402/1402/1402 1355/1355/1355 1354/1354/1354
f 1402/1402/1402 115/109/109 114/108/108 1403/1403/1403
f 1402/1402/1402 1403/1403/1403 1357/1357/1357 1355/1355/1355
f 1403/1403/1403 114/108/108 116/110/110 1404/1404/1404
f 1403/1403/1403 1404/1404/1404 1359/1359/1359 1357/1357/1357
f 1404/1404/1404 116/110/110 1405/1405/1405 1406/3224/1406
f 1404/1404/1404 1406/3224/1406 1361/1361/1361 1359/1359/1359
f 1406/1406/1406 1405/3223/1405 82/71/71 81/70/70
f 1406/1406/1406 81/70/70 1363/1363/1363 1361/3225/1361
f 1405/1405/1405 116/110/110 113/107/107 1407/1407/1407
f 1405/3223/1405 1407/3222/1407 85/74/74 82/71/71
f 1407/1407/1407 113/107/107 112/106/106 1408/1408/1408
f 1407/3222/1407 1408/3221/1408 1409/1409/1409 85/74/74
f 1409/1409/1409 1410/1410/1410 83/72/72 85/74/74
f 1409/1409/1409 1408/3221/1408 1411/3217/1411 1412/1412/1412
f 1409/1409/1409 1412/1412/1412 1413/1413/1413 1410/1410/1410
f 1413/1413/1413 1414/1414/1414 1415/1415/1415 1410/1410/1410
f 1413/1413/1413 1412/1412/1412 58/43/43 1416/1416/1416
f 1413/1413/1413 1416/1416/1416 1417/1417/1417 1414/1414/1414
f 1417/1417/1417 1373/1373/1373 1371/1371/1371 1414/1414/1414
f 1417/1417/1417 1416/1416/1416 1418/1418/1418 1419/3220/1419
f 1417/1417/1417 1419/3220/1419 1420/3218/1420 1373/1373/1373
f 1420/3218/1420 1376/3219/1376 1374/1374/1374 1373/1373/1373
f 1420/1420/1420 1419/1419/1419 1421/1421/1421 1422/1422/1422
f 1420/1420/1420 1422/1422/1422 1423/1423/1423 1376/1376/1376
f 1423/1423/1423 1379/1379/1379 1377/1377/1377 1376/1376/1376
f 1423/1423/1423 1422/1422/1422 1424/1424/1424 1425/1425/1425
f 1423/1423/1423 1425/1425/1425 1426/1426/1426 1379/1379/1379
f 1426/1426/1426 1382/1382/1382 1380/1380/1380 1379/1379/1379
f 1426/1426/1426 1425/1425/1425 1427/1427/1427 1387/1387/1387
f 1426/1426/1426 1387/1387/1387 1384/1384/1384 1382/1382/1382
f 1427/1427/1427 1425/1425/1425 1424/1424/1424 104/96/96
f 1427/1427/1427 104/96/96 101/93/93 1390/1390/1390
f 1427/1427/1427 1390/1390/1390 1388/1388/1388 1387/1387/1387
f 1424/1424/1424 1422/1422/1422 1421/1421/1421 1428/1428/1428
f 1424/1424/1424 1428/1428/1428 102/94/94 104/96/96
f 1428/1428/1428 1421/1421/1421 1429/1429/1429 1430/1430/1430
f 1428/1428/1428 1430/1430/1430 103/95/95 102/94/94
f 1430/1430/1430 1429/1429/1429 61/46/46 1431/1431/1431
f 1430/1430/1430 1431/1431/1431 1432/1432/1432 103/95/95
f 1432/1432/1432 1395/1395/1395 99/91/91 103/95/95
f 1432/1432/1432 1431/1431/1431 1433/1433/1433 1398/1398/1398
f 1432/1432/1432 1398/1398/1398 1396/1396/1396 1395/1395/1395
f 1433/1433/1433 1431/1431/1431 61/46/46 60/45/45
f 1433/1433/1433 60/45/45 62/47/47 1434/1434/1434
f 1433/1433/1433 1434/1434/1434 1399/1399/1399 1398/1398/1398
f 1434/1434/1434 62/47/47 1435/1435/1435 1436/1436/1436
f 1434/1434/1434 1436/1436/1436 1400/1400/1400 1399/1399/1399
f 1436/1436/1436 1435/1435/1435 112/106/106 111/105/105
f 1436/1436/1436 111/105/105 115/109/109 1400/1400/1400
f 1435/1435/1435 62/47/47 59/3216/44 1411/1411/1411
f 1435/1435/1435 1411/1411/1411 1408/1408/1408 112/106/106
f 1429/1429/1429 1421/1421/1421 1419/1419/1419 1418/3214/1418
f 1429/1429/1429 1418/3214/1418 57/42/42 61/46/46
f 1418/1418/1418 1416/1416/1416 58/43/43 57/3215/42
f 1415/1415/1415 1369/1369/1369 1367/1367/1367 84/73/73
f 1415/1415/1415 84/73/73 83/72/72 1410/1410/1410
f 1415/1415/1415 1414/1414/1414 1371/1371/1371 1369/1369/1369
f 1412/1412/1412 1411/3217/1411 59/44/44 58/43/43
f 1395/1395/1395 1393/1393/1393 100/92/92 99/91/91
f 1391/1391/1391 1390/1390/1390 101/93/93 100/92/92
f 1367/1367/1367 1365/1365/1365 80/69/69 84/73/73
f 1365/1365/1365 1363/1363/1363 81/70/70 80/69/69
f 1292/1292/1292 1290/1290/1290 76/64/64 78/66/66
f 1290/1290/1290 1288/1288/1288 77/65/65 76/64/64
f 1288/1288/1288 1286/1286/1286 79/67/67 77/65/65
f 1286/1286/1286 1284/1284/1284 1437/1437/1437 79/67/67
f 1437/1437/1437 1281/1281/1281 1271/1271/1271 1438/1438/1438
f 1437/1437/1437 1438/1438/1438 75/63/63 79/67/67
f 1437/1437/1437 1284/1284/1284 1282/1282/1282 1281/1281/1281
f 1438/1438/1438 1268/1268/1268 73/60/60 75/63/63
f 1438/1438/1438 1271/1271/1271 1269/1269/1269 1268/1268/1268
f 1281/1281/1281 1274/1274/1274 1272/1272/1272 1271/1271/1271
f 1268/1268/1268 1266/1266/1266 74/61/61 73/60/60
f 1264/1264/1264 1263/1263/1263 70/57/57 74/61/61
f 1211/1211/1211 1209/1209/1209 121/116/116 120/115/115
f 1211/1211/1211 120/115/115 1009/1009/1009 1008/1008/1008
f 1206/1206/1206 1205/1205/1205 117/112/112 122/117/117
f 1205/1205/1205 1439/1439/1439 118/113/113 117/112/112
f 1205/1205/1205 1203/1203/1203 1202/1202/1202 1439/1439/1439
f 1439/1439/1439 1014/1014/1014 1012/1012/1012 118/113/113
f 1439/1439/1439 1202/1202/1202 1016/1016/1016 1014/1014/1014
f 1202/1202/1202 1200/1200/1200 1018/1018/1018 1016/1016/1016
f 1197/1197/1197 1036/1036/1036 1034/1034/1034 1024/1024/1024
f 1195/1195/1195 1194/1194/1194 1042/1042/1042 1040/1040/1040
f 1194/1194/1194 1190/1190/1190 135/132/132 134/131/131
f 1194/1194/1194 134/131/131 1044/1044/1044 1042/1042/1042
f 1179/1179/1179 1440/3050/1440 129/126/126 137/134/134
f 1179/1179/1179 1177/1177/1177 1441/1441/1441 1440/3050/1440
f 1441/3049/1441 1442/1442/1442 1443/1443/1443 1440/1440/1440
f 1441/1441/1441 1177/1177/1177 1174/1174/1174 1172/3244/1172
f 1441/3049/1441 1172/1172/1172 1170/1170/1170 1442/1442/1442
f 1443/1443/1443 1444/1444/1444 1059/1059/1059 130/127/127
f 1443/1443/1443 130/127/127 129/3051/126 1440/1440/1440
f 1443/1443/1443 1442/1442/1442 1445/1445/1445 1444/1444/1444
f 1445/1445/1445 1446/1446/1446 1064/1064/1064 1444/1444/1444
f 1445/1445/1445 1442/1442/1442 1170/1170/1170 1169/1169/1169
f 1445/1445/1445 1169/1169/1169 1168/1168/1168 1446/1446/1446
f 1446/1446/1446 1069/1069/1069 1065/1065/1065 1064/1064/1064
f 1446/1446/1446 1168/1168/1168 1447/1447/1447 1069/1069/1069
f 1447/1447/1447 1074/1074/1074 1070/1070/1070 1069/1069/1069
f 1447/1447/1447 1168/1168/1168 1166/1166/1166 1165/3132/1165
f 1447/1447/1447 1165/3132/1165 1448/3130/1448 1074/1074/1074
f 1448/3130/1448 1079/3131/1079 1075/1075/1075 1074/1074/1074
f 1448/1448/1448 1165/1165/1165 1163/1163/1163 1449/1449/1449
f 1448/1448/1448 1449/1449/1449 1450/1450/1450 1079/1079/1079
f 1450/1450/1450 1084/1084/1084 1080/1080/1080 1079/1079/1079
f 1450/1450/1450 1449/1449/1449 1451/1451/1451 1452/1452/1452
f 1450/1450/1450 1452/1452/1452 1453/1453/1453 1084/1084/1084
f 1453/1453/1453 1089/1089/1089 1085/1085/1085 1084/1084/1084
f 1453/1453/1453 1452/1452/1452 109/102/102 1454/1454/1454
f 1453/1453/1453 1454/1454/1454 1455/1455/1455 1089/1089/1089
f 1455/1455/1455 1094/1094/1094 1090/1090/1090 1089/1089/1089
f 1455/1455/1455 1454/1454/1454 1456/1456/1456 1457/1457/1457
f 1455/1455/1455 1457/1457/1457 1458/1458/1458 1094/1094/1094
f 1458/1458/1458 1099/1099/1099 1095/1095/1095 1094/1094/1094
f 1458/1458/1458 1457/1457/1457 1459/1459/1459 1460/1460/1460
f 1458/1458/1458 1460/1460/1460 1461/1461/1461 1099/1099/1099
f 1461/1461/1461 1104/1104/1104 1100/1100/1100 1099/1099/1099
f 1461/1461/1461 1460/1460/1460 1462/1462/1462 1463/1463/1463
f 1461/1461/1461 1463/1463/1463 1464/1464/1464 1104/1104/1104
f 1464/1464/1464 1109/1109/1109 1105/1105/1105 1104/1104/1104
f 1464/1464/1464 1463/1463/1463 1465/1465/1465 1466/1466/1466
f 1464/1464/1464 1466/1466/1466 1467/1467/1467 1109/1109/1109
f 1467/1467/1467 1114/1114/1114 1110/1110/1110 1109/1109/1109
f 1467/1467/1467 1466/1466/1466 1468/1468/1468 1469/1469/1469
f 1467/1467/1467 1469/1469/1469 1470/1470/1470 1114/1114/1114
f 1470/1470/1470 1119/1119/1119 1115/1115/1115 1114/1114/1114
f 1470/1470/1470 1469/1469/1469 1471/1471/1471 1472/1472/1472
f 1470/1470/1470 1472/1472/1472 1473/1473/1473 1119/1119/1119
f 1473/1473/1473 1122/1122/1122 1120/1120/1120 1119/1119/1119
f 1473/1473/1473 1472/1472/1472 1137/1137/1137 1136/1136/1136
f 1473/1473/1473 1136/1136/1136 1124/1124/1124 1122/1122/1122
f 1472/1472/1472 1471/1471/1471 1138/1138/1138 1137/1137/1137
f 1471/1471/1471 1469/1469/1469 1468/1468/1468 1474/1474/1474
f 1471/1471/1471 1474/1474/1474 1140/1140/1140 1138/1138/1138
f 1474/1474/1474 1468/1468/1468 1475/1475/1475 1476/1476/1476
f 1474/1474/1474 1476/1476/1476 1142/1142/1142 1140/1140/1140
f 1476/1476/1476 1475/1475/1475 1477/1477/1477 1148/1148/1148
f 1476/1476/1476 1148/1148/1148 1144/1144/1144 1142/1142/1142
f 1477/1477/1477 1475/1475/1475 1465/1465/1465 1478/1478/1478
f 1477/1477/1477 1478/1478/1478 1479/1479/1479 1151/1151/1151
f 1477/1477/1477 1151/1151/1151 1149/1149/1149 1148/1148/1148
f 1479/1479/1479 1478/1478/1478 1462/1462/1462 1480/1480/1480
f 1479/1479/1479 1480/1480/1480 1481/1481/1481 1154/1154/1154
f 1479/1479/1479 1154/1154/1154 1152/1152/1152 1151/1151/1151
f 1481/1481/1481 1480/1480/1480 1459/1459/1459 1482/1482/1482
f 1481/1481/1481 1482/1482/1482 110/103/103 1158/1158/1158
f 1481/1481/1481 1158/1158/1158 1155/1155/1155 1154/1154/1154
f 1482/1482/1482 1459/1459/1459 1457/1457/1457 1456/1456/1456
f 1482/1482/1482 1456/1456/1456 108/101/101 110/103/103
f 1480/1480/1480 1462/1462/1462 1460/1460/1460 1459/1459/1459
f 1478/1478/1478 1465/1465/1465 1463/1463/1463 1462/1462/1462
f 1475/1475/1475 1468/1468/1468 1466/1466/1466 1465/1465/1465
f 1456/1456/1456 1454/1454/1454 109/102/102 108/101/101
f 1452/1452/1452 1451/1451/1451 105/98/98 109/102/102
f 1451/1451/1451 1449/1449/1449 1163/1163/1163 1161/1161/1161
f 1451/1451/1451 1161/1161/1161 106/99/99 105/98/98
f 1444/1444/1444 1064/1064/1064 1060/1060/1060 1059/1059/1059
f 1159/1159/1159 1158/1158/1158 110/103/103 107/100/100
f 1136/1136/1136 1134/1134/1134 1126/1126/1126 1124/1124/1124
f 1118/1118/1118 854/854/854 852/852/852 1483/1483/1483
f 1118/1118/1118 1483/1483/1483 1113/1113/1113 1112/1112/1112
f 1118/1118/1118 1117/1117/1117 856/856/856 854/854/854
f 1483/1483/1483 852/852/852 850/850/850 1484/1484/1484
f 1483/1483/1483 1484/1484/1484 1485/1485/1485 1113/1113/1113
f 1485/1485/1485 1484/1484/1484 1486/1486/1486 1487/1487/1487
f 1485/1485/1485 1487/1487/1487 1488/1488/1488 1108/1108/1108
f 1485/1485/1485 1108/1108/1108 1107/1107/1107 1113/1113/1113
f 1488/1488/1488 1487/1487/1487 1489/1489/1489 1490/1490/1490
f 1488/1488/1488 1490/1490/1490 1491/1491/1491 1103/1103/1103
f 1488/1488/1488 1103/1103/1103 1102/1102/1102 1108/1108/1108
f 1491/1491/1491 1490/1490/1490 1492/1492/1492 1493/1493/1493
f 1491/1491/1491 1493/1493/1493 1494/1494/1494 1098/1098/1098
f 1491/1491/1491 1098/1098/1098 1097/1097/1097 1103/1103/1103
f 1494/1494/1494 1493/1493/1493 1495/1495/1495 1496/3129/1496
f 1494/1494/1494 1496/3129/1496 1497/3128/1497 1093/1093/1093
f 1494/1494/1494 1093/1093/1093 1092/1092/1092 1098/1098/1098
f 1497/1497/1497 1496/1496/1496 1498/1498/1498 1499/1499/1499
f 1497/1497/1497 1499/1499/1499 1500/1500/1500 1088/3127/1088
f 1497/3128/1497 1088/1088/1088 1087/1087/1087 1093/1093/1093
f 1500/1500/1500 1499/1499/1499 1501/1501/1501 1502/1502/1502
f 1500/1500/1500 1502/1502/1502 1503/1503/1503 1083/1083/1083
f 1500/1500/1500 1083/1083/1083 1082/3137/1082 1088/3127/1088
f 1503/1503/1503 1502/1502/1502 1504/1504/1504 1505/1505/1505
f 1503/1503/1503 1505/1505/1505 1506/1506/1506 1078/1078/1078
f 1503/1503/1503 1078/1078/1078 1077/1077/1077 1083/1083/1083
f 1506/1506/1506 1505/1505/1505 1507/1507/1507 1508/1508/1508
f 1506/1506/1506 1508/1508/1508 1509/1509/1509 1073/1073/1073
f 1506/1506/1506 1073/1073/1073 1072/1072/1072 1078/1078/1078
f 1509/1509/1509 1508/1508/1508 1510/1510/1510 1511/1511/1511
f 1509/1509/1509 1511/1511/1511 1512/1512/1512 1068/1068/1068
f 1509/1509/1509 1068/1068/1068 1067/1067/1067 1073/1073/1073
f 1512/1512/1512 1511/1511/1511 1513/1513/1513 1514/1514/1514
f 1512/1512/1512 1514/1514/1514 1515/1515/1515 1063/1063/1063
f 1512/1512/1512 1063/1063/1063 1062/1062/1062 1068/1068/1068
f 1515/1515/1515 1514/1514/1514 1516/1516/1516 1517/1517/1517
f 1515/1515/1515 1517/1517/1517 1518/1518/1518 1058/1058/1058
f 1515/1515/1515 1058/1058/1058 1057/1057/1057 1063/1063/1063
f 1518/1518/1518 1517/1517/1517 1519/1519/1519 1520/1520/1520
f 1518/1518/1518 1520/1520/1520 1521/1521/1521 1054/1054/1054
f 1518/1518/1518 1054/1054/1054 1053/1053/1053 1058/1058/1058
f 1521/1521/1521 1520/1520/1520 810/810/810 808/808/808
f 1521/1521/1521 808/808/808 806/806/806 1051/1051/1051
f 1521/1521/1521 1051/1051/1051 1050/1050/1050 1054/1054/1054
f 1520/1520/1520 1519/1519/1519 812/812/812 810/810/810
f 1519/1519/1519 1522/1522/1522 814/814/814 812/812/812
f 1519/1519/1519 1517/1517/1517 1516/1516/1516 1522/1522/1522
f 1522/1522/1522 1523/1523/1523 816/816/816 814/814/814
f 1522/1522/1522 1516/1516/1516 1524/1524/1524 1523/1523/1523
f 1524/1524/1524 1525/1525/1525 1526/1526/1526 1523/1523/1523
f 1524/1524/1524 1516/1516/1516 1514/1514/1514 1513/1513/1513
f 1524/1524/1524 1513/1513/1513 1527/1527/1527 1525/1525/1525
f 1527/1527/1527 1528/1528/1528 1529/1529/1529 1525/1525/1525
f 1527/1527/1527 1513/1513/1513 1511/1511/1511 1510/1510/1510
f 1527/1527/1527 1510/1510/1510 1530/1530/1530 1528/1528/1528
f 1530/1530/1530 1531/1531/1531 1532/1532/1532 1528/1528/1528
f 1530/1530/1530 1510/1510/1510 1508/1508/1508 1507/1507/1507
f 1530/1530/1530 1507/1507/1507 1533/1533/1533 1531/1531/1531
f 1533/1533/1533 1534/1534/1534 1535/1535/1535 1531/1531/1531
f 1533/1533/1533 1507/1507/1507 1505/1505/1505 1504/1504/1504
f 1533/1533/1533 1504/1504/1504 1536/1536/1536 1534/1534/1534
f 1536/1536/1536 1537/1537/1537 1538/1538/1538 1534/1534/1534
f 1536/1536/1536 1504/1504/1504 1502/1502/1502 1501/1501/1501
f 1536/1536/1536 1501/1501/1501 1539/1539/1539 1537/1537/1537
f 1539/1539/1539 1540/1540/1540 1541/1541/1541 1537/1537/1537
f 1539/1539/1539 1501/1501/1501 1499/1499/1499 1498/1498/1498
f 1539/1539/1539 1498/1498/1498 1542/1542/1542 1540/1540/1540
f 1542/1542/1542 1543/1543/1543 1544/1544/1544 1540/1540/1540
f 1542/1542/1542 1498/1498/1498 1496/1496/1496 1495/3126/1495
f 1542/1542/1542 1495/3126/1495 1545/3125/1545 1543/1543/1543
f 1545/3125/1545 1546/3124/1546 1547/1547/1547 1543/1543/1543
f 1545/1545/1545 1495/1495/1495 1493/1493/1493 1492/1492/1492
f 1545/1545/1545 1492/1492/1492 1548/1548/1548 1546/1546/1546
f 1548/1548/1548 1549/1549/1549 1550/3122/1550 1546/1546/1546
f 1548/1548/1548 1492/1492/1492 1490/1490/1490 1489/1489/1489
f 1548/1548/1548 1489/1489/1489 1551/1551/1551 1549/1549/1549
f 1551/1551/1551 846/846/846 844/844/844 1549/1549/1549
f 1551/1551/1551 1489/1489/1489 1487/1487/1487 1486/1486/1486
f 1551/1551/1551 1486/1486/1486 848/848/848 846/846/846
f 1550/1550/1550 842/842/842 840/840/840 1552/1552/1552
f 1550/1550/1550 1552/1552/1552 1547/1547/1547 1546/3124/1546
f 1550/3122/1550 1549/1549/1549 844/844/844 842/3123/842
f 1552/1552/1552 840/840/840 838/838/838 1553/1553/1553
f 1552/1552/1552 1553/1553/1553 1554/1554/1554 1547/1547/1547
f 1554/1554/1554 1553/1553/1553 1555/1555/1555 1556/1556/1556
f 1554/1554/1554 1556/1556/1556 1557/1557/1557 1544/1544/1544
f 1554/1554/1554 1544/1544/1544 1543/1543/1543 1547/1547/1547
f 1557/1557/1557 1556/1556/1556 1558/1558/1558 1559/1559/1559
f 1557/1557/1557 1559/1559/1559 1560/1560/1560 1541/1541/1541
f 1557/1557/1557 1541/1541/1541 1540/1540/1540 1544/1544/1544
f 1560/1560/1560 1559/1559/1559 147/146/146 146/145/145
f 1560/1560/1560 146/145/145 1561/1561/1561 1538/1538/1538
f 1560/1560/1560 1538/1538/1538 1537/1537/1537 1541/1541/1541
f 1561/1561/1561 146/145/145 145/144/144 1562/1562/1562
f 1561/1561/1561 1562/1562/1562 1563/1563/1563 1535/1535/1535
f 1561/1561/1561 1535/1535/1535 1534/1534/1534 1538/1538/1538
f 1563/1563/1563 1562/1562/1562 1564/1564/1564 1565/1565/1565
f 1563/1563/1563 1565/1565/1565 1566/1566/1566 1532/1532/1532
f 1563/1563/1563 1532/1532/1532 1531/1531/1531 1535/1535/1535
f 1566/1566/1566 1565/1565/1565 1567/1567/1567 1568/1568/1568
f 1566/1566/1566 1568/1568/1568 1569/1569/1569 1529/1529/1529
f 1566/1566/1566 1529/1529/1529 1528/1528/1528 1532/1532/1532
f 1569/1569/1569 1568/1568/1568 822/822/822 820/820/820
f 1569/1569/1569 820/820/820 818/818/818 1526/1526/1526
f 1569/1569/1569 1526/1526/1526 1525/1525/1525 1529/1529/1529
f 1568/1568/1568 1567/1567/1567 824/824/824 822/822/822
f 1567/1567/1567 1570/1570/1570 826/826/826 824/824/824
f 1567/1567/1567 1565/1565/1565 1564/1564/1564 1570/1570/1570
f 1570/1570/1570 1571/1571/1571 828/828/828 826/826/826
f 1570/1570/1570 1564/1564/1564 149/148/148 1571/1571/1571
f 1571/1571/1571 1572/1572/1572 830/830/830 828/828/828
f 1571/1571/1571 149/148/148 148/147/147 1572/1572/1572
f 1572/1572/1572 1573/1573/1573 832/832/832 830/830/830
f 1572/1572/1572 148/147/147 150/149/149 1573/1573/1573
f 1573/1573/1573 150/149/149 1558/1558/1558 1574/1574/1574
f 1573/1573/1573 1574/1574/1574 834/834/834 832/832/832
f 1574/1574/1574 1558/1558/1558 1556/1556/1556 1555/1555/1555
f 1574/1574/1574 1555/1555/1555 836/836/836 834/834/834
f 1564/1564/1564 1562/1562/1562 145/144/144 149/148/148
f 1559/1559/1559 1558/1558/1558 150/149/149 147/146/146
f 1555/1555/1555 1553/1553/1553 838/838/838 836/836/836
f 1526/1526/1526 818/818/818 816/816/816 1523/1523/1523
f 1486/1486/1486 1484/1484/1484 850/850/850 848/848/848
f 1059/1059/1059 1055/1055/1055 131/128/128 130/127/127
f 1051/1051/1051 806/806/806 804/804/804 1048/1048/1048
f 1046/1046/1046 1044/1044/1044 134/131/131 133/3055/130
f 1034/1034/1034 1027/1027/1027 1025/1025/1025 1024/1024/1024
f 1012/1012/1012 1010/1010/1010 119/114/114 118/113/113
f 1010/1010/1010 1009/1009/1009 120/115/115 119/114/114
f 953/953/953 952/952/952 2/12/12 33/15/15
f 933/933/933 929/929/929 98/89/89 97/88/88
f 925/925/925 916/916/916 11/82/82 98/3061/89
f 921/921/921 920/3059/920 305/305/305 303/303/303
f 921/921/921 303/303/303 69/55/55 65/51/51
f 916/916/916 914/914/914 92/83/83 11/82/82
f 884/884/884 882/882/882 874/874/874 872/872/872
f 780/780/780 430/430/430 426/426/426 425/425/425
f 419/419/419 29/10/10 28/9/9 414/414/414
f 401/401/401 400/400/400 26/7/7 25/6/6
f 366/366/366 39/22/22 49/33/33 361/361/361
f 293/293/293 291/291/291 68/54/54 67/53/53
f 171/171/171 170/170/170 141/139/139 140/138/138
f 54/38/38 50/34/34 38/21/21 42/25/25
f 50/34/34 49/33/33 39/22/22 38/21/21
f 1575/1575/1575 1597/3213/1576 1596/3195/1577 1595/1578/1578
f 1575/1575/1575 1599/1579/1579 1598/1580/1580 1597/3213/1576
f 1575/1575/1575 1601/1581/1581 1600/1582/1582 1599/1579/1579
f 1575/1575/1575 1595/1578/1578 1603/1583/1583 1602/1584/1584
f 1575/1575/1575 1602/1584/1584 1604/1585/1585 1601/1581/1581
f 1576/1586/1586 1607/1587/1587 1606/1588/1588 1605/1589/1589
f 1576/1586/1586 1610/1590/1590 1609/1591/1591 1608/1592/1592
f 1576/1586/1586 1605/1589/1589 1611/1593/1593 1610/1590/1590
f 1577/1594/1594 1614/1595/1595 1613/1596/1596 1612/1597/1597
f 1577/1594/1594 1612/1597/1597 1616/1598/1598 1615/1599/1599
f 1577/1594/1594 1615/1599/1599 1618/1600/1600 1617/1601/1601
f 1577/1594/1594 1617/1601/1601 1620/1602/1602 1619/1603/1603
f 1577/1594/1594 1619/1603/1603 1621/1604/1604 1614/1595/1595
f 1578/1605/1605 1624/1606/1606 1623/1607/1607 1622/1608/1608
f 1578/1605/1605 1627/1609/1609 1626/1610/1610 1625/3212/1611
f 1578/1605/1605 1629/1612/1612 1628/1613/1613 1624/1606/1606
f 1578/1605/1605 1625/3212/1611 1630/3209/1614 1629/1612/1612
f 1579/3211/1615 1633/3143/1616 1632/1617/1617 1631/1618/1618
f 1579/1615/1615 1631/3140/1618 1635/1619/1619 1634/1620/1620
f 1579/1615/1615 1634/1620/1620 1636/1621/1621 1633/1616/1616
f 1580/1622/1622 1639/1623/1623 1638/1624/1624 1637/1625/1625
f 1580/1622/1622 1642/1626/1626 1641/1627/1627 1640/1628/1628
f 1580/1622/1622 1640/1628/1628 1643/1629/1629 1639/1623/1623
f 1581/1630/1630 1646/1631/1631 1645/1632/1632 1644/1633/1633
f 1581/1630/1630 1644/1633/1633 1648/1634/1634 1647/1635/1635
f 1581/1630/1630 1647/1635/1635 1649/1636/1636 1582/1637/1637
f 1581/1630/1630 1582/1637/1637 1651/1638/1638 1650/1639/1639
f 1581/1630/1630 1650/1639/1639 1652/1640/1640 1646/1631/1631
f 1582/1637/1637 1649/1636/1636 1653/1641/1641 1651/1638/1638
f 1583/1642/1642 1656/1643/1643 1655/1644/1644 1654/1645/1645
f 1583/1642/1642 1654/1645/1645 1658/1646/1646 1657/1647/1647
f 1583/1642/1642 1657/1647/1647 1659/1648/1648 1656/1643/1643
f 1584/1649/1649 1662/1650/1650 1661/1651/1651 1660/1652/1652
f 1584/1649/1649 1664/1653/1653 1663/1654/1654 1662/1650/1650
f 1584/1649/1649 1660/1652/1652 1665/1655/1655 1664/1653/1653
f 1585/1656/1656 1668/1657/1657 1667/1658/1658 1666/1659/1659
f 1585/1656/1656 1670/1660/1660 1669/1661/1661 1668/1657/1657
f 1585/1656/1656 1672/1662/1662 1671/3033/1663 1670/1660/1660
f 1586/1664/1664 1675/1665/1665 1674/1666/1666 1673/1667/1667
f 1586/1664/1664 1673/1667/1667 1677/1668/1668 1676/1669/1669
f 1586/1664/1664 1676/1669/1669 1678/1670/1670 1675/1665/1665
f 1587/1671/1671 1681/1672/1672 1680/1673/1673 1679/1674/1674
f 1587/1671/1671 1679/1674/1674 1683/1675/1675 1682/1676/1676
f 1587/1671/1671 1682/1676/1676 1684/1677/1677 1681/1672/1672
f 1588/1678/1678 1687/1679/1679 1686/1680/1680 1685/1681/1681
f 1588/1678/1678 1685/1681/1681 1689/1682/1682 1688/1683/1683
f 1588/1678/1678 1688/1683/1683 1690/1684/1684 1687/1679/1679
f 1589/1685/1685 1693/1686/1686 1692/1687/1687 1691/1688/1688
f 1589/1685/1685 1695/1689/1689 1694/1690/1690 1693/1686/1686
f 1589/1685/1685 1691/1688/1688 1696/1691/1691 1695/1689/1689
f 1590/3084/1692 1699/1693/1693 1698/1694/1694 1697/1695/1695
f 1590/1692/1692 1697/3071/1695 1701/1696/1696 1700/1697/1697
f 1590/3084/1692 1700/3070/1697 1702/1698/1698 1699/1693/1693
f 1591/3047/1699 1705/1700/1700 1704/1701/1701 1703/1702/1702
f 1591/3047/1699 1707/3035/1703 1706/1704/1704 1705/1700/1700
f 1591/1699/1699 1709/1705/1705 1708/1706/1706 1707/1703/1703
f 1591/1699/1699 1703/3032/1702 1711/1707/1707 1710/1708/1708
f 1591/1699/1699 1710/1708/1708 1712/1709/1709 1709/1705/1705
f 1592/1710/1710 1715/1711/1711 1714/1712/1712 1713/1713/1713
f 1592/1710/1710 1713/1713/1713 1717/1714/1714 1716/1715/1715
f 1592/1710/1710 1716/1715/1715 1718/1716/1716 1715/1711/1711
f 1593/1717/1717 1721/1718/1718 1720/1719/1719 1719/1720/1720
f 1593/1717/1717 1719/1720/1720 1723/1721/1721 1722/1722/1722
f 1593/1717/1717 1722/1722/1722 1724/1723/1723 1721/1718/1718
f 1594/1724/1724 1727/1725/1725 1726/1726/1726 1725/1727/1727
f 1594/1724/1724 1725/1727/1727 1729/1728/1728 1728/1729/1729
f 1594/1724/1724 1728/1729/1729 1730/1730/1730 1727/1725/1725
f 1730/1730/1730 1732/1731/1731 1731/1732/1732 1727/1725/1725
f 1730/1730/1730 1734/1733/1733 1733/1734/1734 1732/1731/1731
f 1730/1730/1730 1728/1729/1729 1735/1735/1735 1734/1733/1733
f 1735/1735/1735 1737/1736/1736 1736/1737/1737 1734/1733/1733
f 1735/1735/1735 1739/1738/1738 1738/1739/1739 1737/1736/1736
f 1735/1735/1735 1728/1729/1729 1729/1728/1728 1739/1738/1738
f 1739/1738/1738 1741/1740/1740 1740/1741/1741 1738/1739/1739
f 1739/1738/1738 1729/1728/1728 1742/1742/1742 1741/1740/1740
f 1742/1742/1742 1729/1728/1728 1725/1727/1727 1743/1743/1743
f 1742/1742/1742 1745/1744/1744 1744/1745/1745 1741/1740/1740
f 1742/1742/1742 1743/1743/1743 1746/1746/1746 1745/1744/1744
f 1746/1746/1746 1749/1747/1747 1748/1748/1748 1747/1749/1749
f 1746/1746/1746 1743/1743/1743 1750/1750/1750 1749/1747/1747
f 1746/1746/1746 1747/1749/1749 1714/1712/1712 1745/1744/1744
f 1750/1750/1750 1752/1751/1751 1751/1752/1752 1749/1747/1747
f 1750/1750/1750 1726/1726/1726 1753/1753/1753 1752/1751/1751
f 1750/1750/1750 1743/1743/1743 1725/1727/1727 1726/1726/1726
f 1753/1753/1753 1755/1754/1754 1754/1755/1755 1752/1751/1751
f 1753/1753/1753 1731/1732/1732 1756/1756/1756 1755/1754/1754
f 1753/1753/1753 1726/1726/1726 1727/1725/1725 1731/1732/1732
f 1756/1756/1756 1758/1757/1757 1757/1758/1758 1755/1754/1754
f 1756/1756/1756 1760/1759/1759 1759/1760/1760 1758/1757/1757
f 1756/1756/1756 1731/1732/1732 1732/1731/1731 1760/1759/1759
f 1760/1759/1759 1762/1761/1761 1761/1762/1762 1759/1760/1760
f 1760/1759/1759 1732/1731/1731 1733/1734/1734 1762/1761/1761
f 1762/1761/1761 1764/1763/1763 1763/1764/1764 1761/1762/1762
f 1762/1761/1761 1733/1734/1734 1765/1765/1765 1764/1763/1763
f 1765/1765/1765 1767/1766/1766 1766/1767/1767 1764/1763/1763
f 1765/1765/1765 1736/1737/1737 1768/1768/1768 1767/1766/1766
f 1765/1765/1765 1733/1734/1734 1734/1733/1733 1736/1737/1737
f 1768/1768/1768 1770/1769/1769 1769/1770/1770 1767/1766/1766
f 1768/1768/1768 1772/1771/1771 1771/1772/1772 1770/1769/1769
f 1768/1768/1768 1736/1737/1737 1737/1736/1736 1772/1771/1771
f 1772/1771/1771 1774/1773/1773 1773/1774/1774 1771/1772/1772
f 1772/1771/1771 1737/1736/1736 1738/1739/1739 1774/1773/1773
f 1774/1773/1773 1776/1775/1775 1775/1776/1776 1773/1774/1774
f 1774/1773/1773 1738/1739/1739 1740/1741/1741 1776/1775/1775
f 1776/1775/1775 1778/1777/1777 1777/1778/1778 1775/1776/1776
f 1776/1775/1775 1740/1741/1741 1779/1779/1779 1778/1777/1777
f 1779/1779/1779 1740/1741/1741 1741/1740/1740 1744/1745/1745
f 1779/1779/1779 1718/1716/1716 1780/1780/1780 1778/1777/1777
f 1779/1779/1779 1744/1745/1745 1715/1711/1711 1718/1716/1716
f 1780/1780/1780 1781/1781/1781 1777/1778/1778 1778/1777/1777
f 1780/1780/1780 1783/1782/1782 1782/1783/1783 1781/1781/1781
f 1780/1780/1780 1718/1716/1716 1716/1715/1715 1783/1782/1782
f 1783/1782/1782 1785/1784/1784 1784/1785/1785 1782/1783/1783
f 1783/1782/1782 1716/1715/1715 1717/1714/1714 1785/1784/1784
f 1785/1784/1784 1787/1786/1786 1786/1787/1787 1784/1785/1785
f 1785/1784/1784 1717/1714/1714 1788/1788/1788 1787/1786/1786
f 1788/1788/1788 1790/1789/1789 1789/1790/1790 1787/1786/1786
f 1788/1788/1788 1792/1791/1791 1791/1792/1792 1790/1789/1789
f 1788/1788/1788 1717/1714/1714 1713/1713/1713 1792/1791/1791
f 1792/1791/1791 1747/1749/1749 1748/1748/1748 1791/1792/1792
f 1792/1791/1791 1713/1713/1713 1714/1712/1712 1747/1749/1749
f 1791/1792/1792 1794/1793/1793 1793/1794/1794 1790/1789/1789
f 1791/1792/1792 1748/1748/1748 1795/1795/1795 1794/1793/1793
f 1795/1795/1795 1797/1796/1796 1796/1797/1797 1794/1793/1793
f 1795/1795/1795 1751/1752/1752 1798/1798/1798 1797/1796/1796
f 1795/1795/1795 1748/1748/1748 1749/1747/1747 1751/1752/1752
f 1798/1798/1798 1800/1799/1799 1799/1800/1800 1797/1796/1796
f 1798/1798/1798 1754/1755/1755 1801/1801/1801 1800/1799/1799
f 1798/1798/1798 1751/1752/1752 1752/1751/1751 1754/1755/1755
f 1801/1801/1801 1803/1802/1802 1802/1803/1803 1800/1799/1799
f 1801/1801/1801 1757/1758/1758 1804/1804/1804 1803/1802/1802
f 1801/1801/1801 1754/1755/1755 1755/1754/1754 1757/1758/1758
f 1804/1804/1804 1806/1805/1805 1805/1806/1806 1803/1802/1802
f 1804/1804/1804 1808/1807/1807 1807/1808/1808 1806/1805/1805
f 1804/1804/1804 1757/1758/1758 1758/1757/1757 1808/1807/1807
f 1808/1807/1807 1810/1809/1809 1809/1810/1810 1807/1808/1808
f 1808/1807/1807 1758/1757/1757 1759/1760/1760 1810/1809/1809
f 1810/1809/1809 1812/1811/1811 1811/1812/1812 1809/1810/1810
f 1810/1809/1809 1759/1760/1760 1761/1762/1762 1812/1811/1811
f 1812/1811/1811 1814/1813/1813 1813/1814/1814 1811/1812/1812
f 1812/1811/1811 1761/1762/1762 1763/1764/1764 1814/1813/1813
f 1814/1813/1813 1816/1815/1815 1815/1816/1816 1813/1814/1814
f 1814/1813/1813 1763/1764/1764 1817/1817/1817 1816/1815/1815
f 1817/1817/1817 1819/1818/1818 1818/1819/1819 1816/1815/1815
f 1817/1817/1817 1766/1767/1767 1820/1820/1820 1819/1818/1818
f 1817/1817/1817 1763/1764/1764 1764/1763/1763 1766/1767/1767
f 1820/1820/1820 248/248/248 247/247/247 1819/1818/1818
f 1820/1820/1820 1769/1770/1770 249/249/249 248/248/248
f 1820/1820/1820 1766/1767/1767 1767/1766/1766 1769/1770/1770
f 249/249/249 1769/1770/1770 1770/1769/1769 250/250/250
f 250/250/250 1770/1769/1769 1771/1772/1772 251/251/251
f 251/251/251 1771/1772/1772 1773/1774/1774 252/252/252
f 252/252/252 1773/1774/1774 1775/1776/1776 253/253/253
f 253/253/253 1775/1776/1776 1777/1778/1778 254/254/254
f 254/254/254 1777/1778/1778 1781/1781/1781 255/255/255
f 255/255/255 1781/1781/1781 1782/1783/1783 256/256/256
f 256/256/256 1782/1783/1783 1784/1785/1785 257/257/257
f 257/257/257 1784/1785/1785 1786/1787/1787 258/258/258
f 258/258/258 1786/1787/1787 1821/1821/1821 259/259/259
f 1821/1821/1821 1822/1822/1822 261/261/261 259/259/259
f 1821/1821/1821 1789/1790/1790 1823/1823/1823 1822/1822/1822
f 1821/1821/1821 1786/1787/1787 1787/1786/1786 1789/1790/1790
f 1823/1823/1823 1825/1824/1824 1824/1825/1825 1822/1822/1822
f 1823/1823/1823 1793/1794/1794 1826/1826/1826 1825/1824/1824
f 1823/1823/1823 1789/1790/1790 1790/1789/1789 1793/1794/1794
f 1826/1826/1826 1828/1827/1827 1827/1828/1828 1825/1824/1824
f 1826/1826/1826 1796/1797/1797 1829/1829/1829 1828/1827/1827
f 1826/1826/1826 1793/1794/1794 1794/1793/1793 1796/1797/1797
f 1829/1829/1829 1831/1830/1830 1830/1831/1831 1828/1827/1827
f 1829/1829/1829 1799/1800/1800 1832/1832/1832 1831/1830/1830
f 1829/1829/1829 1796/1797/1797 1797/1796/1796 1799/1800/1800
f 1832/1832/1832 1834/1833/1833 1833/1834/1834 1831/1830/1830
f 1832/1832/1832 1802/1803/1803 1835/1835/1835 1834/1833/1833
f 1832/1832/1832 1799/1800/1800 1800/1799/1799 1802/1803/1803
f 1835/1835/1835 1837/1836/1836 1836/1837/1837 1834/1833/1833
f 1835/1835/1835 1805/1806/1806 1838/1838/1838 1837/1836/1836
f 1835/1835/1835 1802/1803/1803 1803/1802/1802 1805/1806/1806
f 1838/1838/1838 1840/1839/1839 1839/1840/1840 1837/1836/1836
f 1838/1838/1838 1842/1841/1841 1841/1842/1842 1840/1839/1839
f 1838/1838/1838 1805/1806/1806 1806/1805/1805 1842/1841/1841
f 1842/1841/1841 1844/1843/1843 1843/1844/1844 1841/1842/1842
f 1842/1841/1841 1806/1805/1805 1807/1808/1808 1844/1843/1843
f 1844/1843/1843 1846/1845/1845 1845/1846/1846 1843/1844/1844
f 1844/1843/1843 1807/1808/1808 1809/1810/1810 1846/1845/1845
f 1846/1845/1845 1848/1847/1847 1847/1848/1848 1845/1846/1846
f 1846/1845/1845 1809/1810/1810 1811/1812/1812 1848/1847/1847
f 1848/1847/1847 1850/1849/1849 1849/1850/1850 1847/1848/1848
f 1848/1847/1847 1811/1812/1812 1813/1814/1814 1850/1849/1849
f 1850/1849/1849 1852/1851/1851 1851/1852/1852 1849/1850/1850
f 1850/1849/1849 1813/1814/1814 1815/1816/1816 1852/1851/1851
f 1852/1851/1851 1854/1853/1853 1853/1854/1854 1851/1852/1852
f 1852/1851/1851 1815/1816/1816 1855/1855/1855 1854/1853/1853
f 1855/1855/1855 297/297/297 296/296/296 1854/1853/1853
f 1855/1855/1855 1818/1819/1819 298/298/298 297/297/297
f 1855/1855/1855 1815/1816/1816 1816/1815/1815 1818/1819/1819
f 298/298/298 1818/1819/1819 1819/1818/1818 247/247/247
f 296/296/296 299/299/299 1853/1854/1854 1854/1853/1853
f 299/299/299 300/300/300 1641/1627/1627 1853/1854/1854
f 300/300/300 301/301/301 1640/1628/1628 1641/1627/1627
f 301/301/301 302/302/302 1643/1629/1629 1640/1628/1628
f 302/302/302 304/304/304 1856/1856/1856 1643/1629/1629
f 304/304/304 306/3046/306 1857/3040/1857 1856/1856/1856
f 306/306/306 308/308/308 1858/1858/1858 1857/1857/1857
f 308/308/308 310/310/310 1859/1859/1859 1858/1858/1858
f 310/310/310 312/312/312 1860/1860/1860 1859/1859/1859
f 1860/1860/1860 312/312/312 314/314/314 1861/1861/1861
f 1860/1860/1860 1863/1862/1862 1862/1863/1863 1859/1859/1859
f 1860/1860/1860 1861/1861/1861 1864/1864/1864 1863/1862/1862
f 1864/1864/1864 1861/1861/1861 1866/1865/1865 1865/1866/1866
f 1864/1864/1864 1868/1867/1867 1867/1868/1868 1863/1862/1862
f 1864/1864/1864 1865/1866/1866 1869/1869/1869 1868/1867/1867
f 1869/1869/1869 1865/1866/1866 1871/1870/1870 1870/1871/1871
f 1869/1869/1869 1873/1872/1872 1872/1873/1873 1868/1867/1867
f 1869/1869/1869 1870/1871/1871 1874/1874/1874 1873/1872/1872
f 1874/1874/1874 1870/1871/1871 1875/1875/1875 1618/1600/1600
f 1874/1874/1874 1877/1876/1876 1876/1877/1877 1873/1872/1872
f 1874/1874/1874 1618/1600/1600 1615/1599/1599 1877/1876/1876
f 1877/1876/1876 1879/1878/1878 1878/1879/1879 1876/1877/1877
f 1877/1876/1876 1615/1599/1599 1616/1598/1598 1879/1878/1878
f 1879/1878/1878 1881/1880/1880 1880/1881/1881 1878/1879/1879
f 1879/1878/1878 1616/1598/1598 1628/1613/1613 1881/1880/1880
f 1881/1880/1880 1883/1882/1882 1882/1883/1883 1880/1881/1881
f 1881/1880/1880 1628/1613/1613 1629/1612/1612 1883/1882/1882
f 1883/1882/1882 1885/3210/1884 1884/3176/1885 1882/1883/1883
f 1883/1882/1882 1629/1612/1612 1630/3209/1614 1885/3210/1884
f 1885/1884/1884 1887/1886/1886 1886/1887/1887 1884/1885/1885
f 1885/1884/1884 1630/1614/1614 1888/1888/1888 1887/1886/1886
f 1888/1888/1888 1890/1889/1889 1889/1890/1890 1887/1886/1886
f 1888/1888/1888 1892/1891/1891 1891/1892/1892 1890/1889/1889
f 1888/1888/1888 1630/1614/1614 1625/1611/1611 1892/1891/1891
f 1892/1891/1891 1894/1893/1893 1893/1894/1894 1891/1892/1892
f 1892/1891/1891 1625/1611/1611 1626/3208/1610 1894/1893/1893
f 1894/1893/1893 1896/1895/1895 1895/1896/1896 1893/1894/1894
f 1894/1893/1893 1626/3208/1610 1897/3207/1897 1896/1895/1895
f 1897/3207/1897 1899/3174/1898 1898/1899/1899 1896/1895/1895
f 1897/1897/1897 1901/1900/1900 1900/1901/1901 1899/1898/1898
f 1897/1897/1897 1626/1610/1610 1627/1609/1609 1901/1900/1900
f 1901/1900/1900 1903/1902/1902 1902/1903/1903 1900/1901/1901
f 1901/1900/1900 1627/1609/1609 1904/1904/1904 1903/1902/1902
f 1904/1904/1904 1627/1609/1609 1578/1605/1605 1622/1608/1608
f 1904/1904/1904 1906/1905/1905 1905/1906/1906 1903/1902/1902
f 1904/1904/1904 1622/1608/1608 1907/1907/1907 1906/1905/1905
f 1907/1907/1907 1622/1608/1608 1623/1607/1607 1908/1908/1908
f 1907/1907/1907 1910/1909/1909 1909/1910/1910 1906/1905/1905
f 1907/1907/1907 1908/1908/1908 1911/1911/1911 1910/1909/1909
f 1911/1911/1911 1908/1908/1908 1913/1912/1912 1912/1913/1913
f 1911/1911/1911 1915/1914/1914 1914/1915/1915 1910/1909/1909
f 1911/1911/1911 1912/1913/1913 1916/1916/1916 1915/1914/1914
f 1916/1916/1916 1912/1913/1913 1918/1917/1917 1917/1918/1918
f 1916/1916/1916 1920/1919/1919 1919/1920/1920 1915/1914/1914
f 1916/1916/1916 1917/1918/1918 1921/1921/1921 1920/1919/1919
f 1921/1921/1921 1917/1918/1918 1923/1922/1922 1922/1923/1923
f 1921/1921/1921 1925/3206/1924 1924/3171/1925 1920/1919/1919
f 1921/1921/1921 1922/1923/1923 1926/3205/1926 1925/3206/1924
f 1926/3205/1926 1922/1923/1923 1928/1927/1927 1927/1928/1928
f 1926/1926/1926 1930/1929/1929 1929/1930/1930 1925/1924/1924
f 1926/1926/1926 1927/3204/1928 1931/1931/1931 1930/1929/1929
f 1931/1931/1931 1927/3204/1928 1933/3191/1932 1932/1933/1933
f 1931/1931/1931 1935/1934/1934 1934/1935/1935 1930/1929/1929
f 1931/1931/1931 1932/1933/1933 1936/1936/1936 1935/1934/1934
f 1936/1936/1936 1932/1933/1933 1938/1937/1937 1937/1938/1938
f 1936/1936/1936 1940/1939/1939 1939/1940/1940 1935/1934/1934
f 1936/1936/1936 1937/1938/1938 1941/1941/1941 1940/1939/1939
f 1941/1941/1941 1943/1942/1942 1942/1943/1943 1940/1939/1939
f 1941/1941/1941 1945/1944/1944 1944/1945/1945 1943/1942/1942
f 1941/1941/1941 1937/1938/1938 1946/1946/1946 1945/1944/1944
f 1946/1946/1946 1949/1947/1947 1948/1948/1948 1947/1949/1949
f 1946/1946/1946 1937/1938/1938 1938/1937/1937 1949/1947/1947
f 1946/1946/1946 1947/1949/1949 1950/1950/1950 1945/1944/1944
f 1950/1950/1950 1951/1951/1951 1944/1945/1945 1945/1944/1944
f 1950/1950/1950 1953/1952/1952 1952/1953/1953 1951/1951/1951
f 1950/1950/1950 1947/1949/1949 1600/1582/1582 1953/1952/1952
f 1953/1952/1952 1955/1954/1954 1954/1955/1955 1952/1953/1953
f 1953/1952/1952 1600/1582/1582 1601/1581/1581 1955/1954/1954
f 1955/1954/1954 1957/1956/1956 1956/1957/1957 1954/1955/1955
f 1955/1954/1954 1601/1581/1581 1604/1585/1585 1957/1956/1956
f 1957/1956/1956 1959/1958/1958 1958/1959/1959 1956/1957/1957
f 1957/1956/1956 1604/1585/1585 1960/1960/1960 1959/1958/1958
f 1960/1960/1960 1604/1585/1585 1602/1584/1584 1961/1961/1961
f 1960/1960/1960 1963/1962/1962 1962/1963/1963 1959/1958/1958
f 1960/1960/1960 1961/1961/1961 1964/1964/1964 1963/1962/1962
f 1964/1964/1964 1961/1961/1961 1966/1965/1965 1965/1966/1966
f 1964/1964/1964 1968/1967/1967 1967/1968/1968 1963/1962/1962
f 1964/1964/1964 1965/1966/1966 1969/1969/1969 1968/1967/1967
f 1969/1969/1969 1965/1966/1966 1971/1970/1970 1970/1971/1971
f 1969/1969/1969 1973/1972/1972 1972/1973/1973 1968/1967/1967
f 1969/1969/1969 1970/1971/1971 1974/1974/1974 1973/1972/1972
f 1974/1974/1974 1970/1971/1971 1976/1975/1975 1975/1976/1976
f 1974/1974/1974 1978/1977/1977 1977/1978/1978 1973/1972/1972
f 1974/1974/1974 1975/1976/1976 1979/1979/1979 1978/1977/1977
f 1979/1979/1979 1975/1976/1976 1981/1980/1980 1980/1981/1981
f 1979/1979/1979 436/436/436 435/435/435 1978/1977/1977
f 1979/1979/1979 1980/1981/1981 437/437/437 436/436/436
f 437/437/437 1980/1981/1981 1982/1982/1982 438/438/438
f 1982/1982/1982 1985/1983/1983 1984/1984/1984 1983/1985/1985
f 1982/1982/1982 1980/1981/1981 1981/1980/1980 1985/1983/1983
f 1982/1982/1982 1983/1985/1985 443/443/443 438/438/438
f 443/443/443 1983/1985/1985 1986/1986/1986 444/444/444
f 1986/1986/1986 1989/1987/1987 1988/1988/1988 1987/1989/1989
f 1986/1986/1986 1983/1985/1985 1984/1984/1984 1989/1987/1987
f 1986/1986/1986 1987/1989/1989 449/449/449 444/444/444
f 449/449/449 1987/1989/1989 1990/1990/1990 450/450/450
f 1990/1990/1990 1993/1991/1991 1992/1992/1992 1991/1993/1993
f 1990/1990/1990 1987/1989/1989 1988/1988/1988 1993/1991/1991
f 1990/1990/1990 1991/1993/1993 455/455/455 450/450/450
f 455/455/455 1991/1993/1993 1994/3082/1994 456/456/456
f 1994/1994/1994 1997/3080/1995 1996/1996/1996 1995/1997/1997
f 1994/3082/1994 1991/1993/1993 1992/1992/1992 1997/1995/1995
f 1994/1994/1994 1995/1997/1997 461/461/461 456/3083/456
f 461/461/461 1995/1997/1997 1998/1998/1998 462/462/462
f 1998/1998/1998 2001/1999/1999 2000/2000/2000 1999/2001/2001
f 1998/1998/1998 1995/1997/1997 1996/1996/1996 2001/1999/1999
f 1998/1998/1998 1999/2001/2001 467/467/467 462/462/462
f 467/467/467 1999/2001/2001 2002/2002/2002 468/468/468
f 2002/2002/2002 2005/2003/2003 2004/2004/2004 2003/2005/2005
f 2002/2002/2002 1999/2001/2001 2000/2000/2000 2005/2003/2003
f 2002/2002/2002 2003/2005/2005 473/473/473 468/468/468
f 473/473/473 2003/2005/2005 2006/2006/2006 474/474/474
f 2006/2006/2006 2007/3202/2007 476/476/476 474/474/474
f 2006/2006/2006 2009/2008/2008 2008/3201/2009 2007/3202/2007
f 2006/2006/2006 2003/2005/2005 2004/2004/2004 2009/2008/2008
f 2009/2008/2008 2011/2010/2010 2010/3200/2011 2008/3201/2009
f 2009/2008/2008 2004/2004/2004 2012/2012/2012 2011/2010/2010
f 2012/2012/2012 2004/2004/2004 2005/2003/2003 2013/2013/2013
f 2012/2012/2012 1663/1654/1654 2014/2014/2014 2011/2010/2010
f 2012/2012/2012 2013/2013/2013 1662/1650/1650 1663/1654/1654
f 2014/2014/2014 2015/3199/2015 2010/3200/2011 2011/2010/2010
f 2014/2014/2014 2017/2016/2016 2016/3198/2017 2015/3199/2015
f 2014/2014/2014 1663/1654/1654 1664/1653/1653 2017/2016/2016
f 2017/2016/2016 2019/2018/2018 2018/3197/2019 2016/3198/2017
f 2017/2016/2016 1664/1653/1653 1665/1655/1655 2019/2018/2018
f 2019/2018/2018 2021/2020/2020 2020/2021/2021 2018/3197/2019
f 2019/2018/2018 1665/1655/1655 2022/2022/2022 2021/2020/2020
f 2022/2022/2022 2024/2023/2023 2023/2024/2024 2021/2020/2020
f 2022/2022/2022 2026/2025/2025 2025/2026/2026 2024/2023/2023
f 2022/2022/2022 1665/1655/1655 1660/1652/1652 2026/2025/2025
f 2026/2025/2025 2028/2027/2027 2027/2028/2028 2025/2026/2026
f 2026/2025/2025 1660/1652/1652 1661/1651/1651 2028/2027/2027
f 2028/2027/2027 2030/2029/2029 2029/2030/2030 2027/2028/2028
f 2028/2027/2027 1661/1651/1651 2031/2031/2031 2030/2029/2029
f 2031/2031/2031 1661/1651/1651 1662/1650/1650 2013/2013/2013
f 2031/2031/2031 2000/2000/2000 2001/1999/1999 2030/2029/2029
f 2031/2031/2031 2013/2013/2013 2005/2003/2003 2000/2000/2000
f 2030/2029/2029 2001/1999/1999 1996/1996/1996 2029/2030/2030
f 2029/2030/2030 2033/3081/2032 2032/3066/2033 2027/2028/2028
f 2029/2030/2030 1996/1996/1996 1997/3080/1995 2033/3081/2032
f 2033/2032/2032 2035/2034/2034 2034/2035/2035 2032/2033/2033
f 2033/2032/2032 1997/1995/1995 1992/1992/1992 2035/2034/2034
f 2035/2034/2034 2037/2036/2036 2036/2037/2037 2034/2035/2035
f 2035/2034/2034 1992/1992/1992 1993/1991/1991 2037/2036/2036
f 2037/2036/2036 2039/2038/2038 2038/2039/2039 2036/2037/2037
f 2037/2036/2036 1993/1991/1991 1988/1988/1988 2039/2038/2038
f 2039/2038/2038 2041/2040/2040 2040/2041/2041 2038/2039/2039
f 2039/2038/2038 1988/1988/1988 1989/1987/1987 2041/2040/2040
f 2041/2040/2040 2043/2042/2042 2042/2043/2043 2040/2041/2041
f 2041/2040/2040 1989/1987/1987 1984/1984/1984 2043/2042/2042
f 2043/2042/2042 2045/2044/2044 2044/2045/2045 2042/2043/2043
f 2043/2042/2042 1984/1984/1984 1985/1983/1983 2045/2044/2044
f 2045/2044/2044 2047/2046/2046 2046/2047/2047 2044/2045/2045
f 2045/2044/2044 1985/1983/1983 1981/1980/1980 2047/2046/2046
f 2047/2046/2046 1976/1975/1975 2048/2048/2048 2046/2047/2047
f 2047/2046/2046 1981/1980/1980 1975/1976/1976 1976/1975/1975
f 2048/2048/2048 2050/2049/2049 2049/2050/2050 2046/2047/2047
f 2048/2048/2048 1971/1970/1970 2051/2051/2051 2050/2049/2049
f 2048/2048/2048 1976/1975/1975 1970/1971/1971 1971/1970/1970
f 2051/2051/2051 2053/2052/2052 2052/2053/2053 2050/2049/2049
f 2051/2051/2051 1966/1965/1965 1603/1583/1583 2053/2052/2052
f 2051/2051/2051 1971/1970/1970 1965/1966/1966 1966/1965/1965
f 2053/2052/2052 2055/2054/2054 2054/2055/2055 2052/2053/2053
f 2053/2052/2052 1603/1583/1583 1595/1578/1578 2055/2054/2054
f 2055/2054/2054 2057/3196/2056 2056/3184/2057 2054/2055/2055
f 2055/2054/2054 1595/1578/1578 1596/3195/1577 2057/3196/2056
f 2057/2056/2056 2059/2058/2058 2058/2059/2059 2056/2057/2057
f 2057/2056/2056 1596/1577/1577 2060/2060/2060 2059/2058/2058
f 2060/2060/2060 2062/2061/2061 2061/2062/2062 2059/2058/2058
f 2060/2060/2060 2064/2063/2063 2063/2064/2064 2062/2061/2061
f 2060/2060/2060 1596/1577/1577 1597/1576/1576 2064/2063/2063
f 2064/2063/2063 2066/2065/2065 2065/2066/2066 2063/2064/2064
f 2064/2063/2063 1597/1576/1576 1598/3194/1580 2066/2065/2065
f 2066/2065/2065 2068/2067/2067 2067/2068/2068 2065/2066/2066
f 2066/2065/2065 1598/3194/1580 2069/3193/2069 2068/2067/2067
f 2069/3193/2069 2071/3192/2070 2070/2071/2071 2068/2067/2067
f 2069/2069/2069 1948/1948/1948 1949/1947/1947 2071/2070/2070
f 2069/2069/2069 1598/1580/1580 1599/1579/1579 1948/1948/1948
f 2071/3192/2070 2073/3190/2072 2072/2073/2073 2070/2071/2071
f 2071/2070/2070 1949/1947/1947 1938/1937/1937 2073/2072/2072
f 2073/3190/2072 1933/1932/1932 2074/2074/2074 2072/2073/2073
f 2073/2072/2072 1938/1937/1937 1932/1933/1933 1933/3191/1932
f 2074/2074/2074 2076/2075/2075 2075/2076/2076 2072/2073/2073
f 2074/2074/2074 1928/1927/1927 2077/2077/2077 2076/2075/2075
f 2074/2074/2074 1933/1932/1932 1927/1928/1928 1928/1927/1927
f 2077/2077/2077 2079/2078/2078 2078/2079/2079 2076/2075/2075
f 2077/2077/2077 1923/1922/1922 2080/2080/2080 2079/2078/2078
f 2077/2077/2077 1928/1927/1927 1922/1923/1923 1923/1922/1922
f 2080/2080/2080 2082/2081/2081 2081/2082/2082 2079/2078/2078
f 2080/2080/2080 1918/1917/1917 2083/2083/2083 2082/2081/2081
f 2080/2080/2080 1923/1922/1922 1917/1918/1918 1918/1917/1917
f 2083/2083/2083 1614/1595/1595 1621/1604/1604 2082/2081/2081
f 2083/2083/2083 1913/1912/1912 1613/1596/1596 1614/1595/1595
f 2083/2083/2083 1918/1917/1917 1912/1913/1913 1913/1912/1912
f 2082/2081/2081 1621/1604/1604 2084/2084/2084 2081/2082/2082
f 2084/2084/2084 2087/2085/2085 2086/2086/2086 2085/2087/2087
f 2084/2084/2084 1621/1604/1604 1619/1603/1603 2087/2085/2085
f 2084/2084/2084 2085/2087/2087 2088/2088/2088 2081/2082/2082
f 2088/2088/2088 2085/2087/2087 2090/2089/2089 2089/2090/2090
f 2088/2088/2088 2078/2079/2079 2079/2078/2078 2081/2082/2082
f 2088/2088/2088 2089/2090/2090 2091/2091/2091 2078/2079/2079
f 2091/2091/2091 2089/2090/2090 2093/2092/2092 2092/2093/2093
f 2091/2091/2091 2075/2076/2076 2076/2075/2075 2078/2079/2079
f 2091/2091/2091 2092/2093/2093 2094/2094/2094 2075/2076/2076
f 2094/2094/2094 2092/2093/2093 2095/2095/2095 2067/2068/2068
f 2094/2094/2094 2070/2071/2071 2072/2073/2073 2075/2076/2076
f 2094/2094/2094 2067/2068/2068 2068/2067/2067 2070/2071/2071
f 2095/2095/2095 2098/2096/2096 2097/2097/2097 2096/2098/2098
f 2095/2095/2095 2092/2093/2093 2093/2092/2092 2098/2096/2096
f 2095/2095/2095 2096/2098/2098 2065/2066/2066 2067/2068/2068
f 2098/2096/2096 2100/2099/2099 2099/2100/2100 2097/2097/2097
f 2098/2096/2096 2093/2092/2092 2101/2101/2101 2100/2099/2099
f 2101/2101/2101 2103/2102/2102 2102/2103/2103 2100/2099/2099
f 2101/2101/2101 2090/2089/2089 2104/2104/2104 2103/2102/2102
f 2101/2101/2101 2093/2092/2092 2089/2090/2090 2090/2089/2089
f 2104/2104/2104 2106/2105/2105 2105/2106/2106 2103/2102/2102
f 2104/2104/2104 2086/2086/2086 2107/2107/2107 2106/2105/2105
f 2104/2104/2104 2090/2089/2089 2085/2087/2087 2086/2086/2086
f 2107/2107/2107 2109/2108/2108 2108/2109/2109 2106/2105/2105
f 2107/2107/2107 2111/2110/2110 2110/2111/2111 2109/2108/2108
f 2107/2107/2107 2086/2086/2086 2087/2085/2085 2111/2110/2110
f 2111/2110/2110 1620/1602/1602 2112/2112/2112 2110/2111/2111
f 2111/2110/2110 2087/2085/2085 1619/1603/1603 1620/1602/1602
f 2112/2112/2112 2114/2113/2113 2113/2114/2114 2110/2111/2111
f 2112/2112/2112 2116/2115/2115 2115/2116/2116 2114/2113/2113
f 2112/2112/2112 1620/1602/1602 1617/1601/1601 2116/2115/2115
f 2116/2115/2115 1875/1875/1875 2117/2117/2117 2115/2116/2116
f 2116/2115/2115 1617/1601/1601 1618/1600/1600 1875/1875/1875
f 2117/2117/2117 2119/2118/2118 2118/2119/2119 2115/2116/2116
f 2117/2117/2117 1871/1870/1870 2120/2120/2120 2119/2118/2118
f 2117/2117/2117 1875/1875/1875 1870/1871/1871 1871/1870/1870
f 2120/2120/2120 592/592/592 591/591/591 2119/2118/2118
f 2120/2120/2120 1866/1865/1865 593/593/593 592/592/592
f 2120/2120/2120 1871/1870/1870 1865/1866/1866 1866/1865/1865
f 593/593/593 1866/1865/1865 1861/1861/1861 314/314/314
f 591/591/591 594/594/594 2118/2119/2119 2119/2118/2118
f 594/594/594 596/596/596 2121/2121/2121 2118/2119/2119
f 596/596/596 598/598/598 2122/2122/2122 2121/2121/2121
f 598/598/598 600/600/600 2123/2123/2123 2122/2122/2122
f 600/600/600 602/602/602 2124/2124/2124 2123/2123/2123
f 602/602/602 604/604/604 2125/2125/2125 2124/2124/2124
f 604/604/604 606/606/606 2126/2126/2126 2125/2125/2125
f 606/606/606 608/608/608 2127/2127/2127 2126/2126/2126
f 608/608/608 610/610/610 2128/2128/2128 2127/2127/2127
f 610/610/610 612/612/612 2129/2129/2129 2128/2128/2128
f 612/612/612 614/614/614 2130/2130/2130 2129/2129/2129
f 614/614/614 616/616/616 2131/2131/2131 2130/2130/2130
f 616/616/616 618/618/618 2132/2132/2132 2131/2131/2131
f 618/618/618 620/620/620 2133/2133/2133 2132/2132/2132
f 620/620/620 622/622/622 2134/2134/2134 2133/2133/2133
f 622/622/622 624/624/624 2135/2135/2135 2134/2134/2134
f 624/624/624 626/626/626 2136/2136/2136 2135/2135/2135
f 626/626/626 628/628/628 2137/2137/2137 2136/2136/2136
f 628/628/628 630/630/630 2138/2138/2138 2137/2137/2137
f 630/630/630 632/3079/632 2139/3078/2139 2138/2138/2138
f 632/632/632 634/634/634 2140/2140/2140 2139/2139/2139
f 634/634/634 476/3203/476 2007/2007/2007 2140/2140/2140
f 2140/2140/2140 2142/2141/2141 2141/3077/2142 2139/2139/2139
f 2140/2140/2140 2007/2007/2007 2008/2009/2009 2142/2141/2141
f 2142/2141/2141 2144/2143/2143 2143/3076/2144 2141/3077/2142
f 2142/2141/2141 2008/2009/2009 2010/2011/2011 2144/2143/2143
f 2144/2143/2143 2146/2145/2145 2145/3075/2146 2143/3076/2144
f 2144/2143/2143 2010/2011/2011 2015/2015/2015 2146/2145/2145
f 2146/2145/2145 2148/2147/2147 2147/3074/2148 2145/3075/2146
f 2146/2145/2145 2015/2015/2015 2016/2017/2017 2148/2147/2147
f 2148/2147/2147 2150/2149/2149 2149/3073/2150 2147/3074/2148
f 2148/2147/2147 2016/2017/2017 2018/2019/2019 2150/2149/2149
f 2150/2149/2149 2152/2151/2151 2151/3072/2152 2149/3073/2150
f 2150/2149/2149 2018/2019/2019 2020/3189/2021 2152/2151/2151
f 2152/2151/2151 1701/1696/1696 1697/3071/1695 2151/3072/2152
f 2152/2151/2151 2020/3189/2021 2153/3188/2153 1701/1696/1696
f 2153/3188/2153 2154/3186/2154 1700/1697/1697 1701/1696/1696
f 2153/2153/2153 2023/2024/2024 2155/2155/2155 2154/3069/2154
f 2153/2153/2153 2020/2021/2021 2021/2020/2020 2023/2024/2024
f 2155/3068/2155 2157/2156/2156 2156/3181/2157 2154/2154/2154
f 2155/3068/2155 2159/3067/2158 2158/2159/2159 2157/2156/2156
f 2155/2155/2155 2023/2024/2024 2024/2023/2023 2159/2158/2158
f 2159/3067/2158 2161/3065/2160 2160/2161/2161 2158/2159/2159
f 2159/2158/2158 2024/2023/2023 2025/2026/2026 2161/2160/2160
f 2161/3065/2160 2032/2033/2033 2034/2035/2035 2160/2161/2161
f 2161/2160/2160 2025/2026/2026 2027/2028/2028 2032/3066/2033
f 2160/2161/2161 2163/2162/2162 2162/2163/2163 2158/2159/2159
f 2160/2161/2161 2034/2035/2035 2036/2037/2037 2163/2162/2162
f 2163/2162/2162 2165/2164/2164 2164/2165/2165 2162/2163/2163
f 2163/2162/2162 2036/2037/2037 2038/2039/2039 2165/2164/2164
f 2165/2164/2164 2167/2166/2166 2166/2167/2167 2164/2165/2165
f 2165/2164/2164 2038/2039/2039 2040/2041/2041 2167/2166/2166
f 2167/2166/2166 2169/2168/2168 2168/2169/2169 2166/2167/2167
f 2167/2166/2166 2040/2041/2041 2042/2043/2043 2169/2168/2168
f 2169/2168/2168 2171/2170/2170 2170/2171/2171 2168/2169/2169
f 2169/2168/2168 2042/2043/2043 2044/2045/2045 2171/2170/2170
f 2171/2170/2170 2049/2050/2050 2172/2172/2172 2170/2171/2171
f 2171/2170/2170 2044/2045/2045 2046/2047/2047 2049/2050/2050
f 2172/2172/2172 2174/2173/2173 2173/2174/2174 2170/2171/2171
f 2172/2172/2172 2052/2053/2053 2054/2055/2055 2174/2173/2173
f 2172/2172/2172 2049/2050/2050 2050/2049/2049 2052/2053/2053
f 2174/2173/2173 2176/3185/2175 2175/3178/2176 2173/2174/2174
f 2174/2173/2173 2054/2055/2055 2056/3184/2057 2176/3185/2175
f 2176/2175/2175 2178/2177/2177 2177/2178/2178 2175/2176/2176
f 2176/2175/2175 2056/2057/2057 2058/2059/2059 2178/2177/2177
f 2178/2177/2177 2180/2179/2179 2179/2180/2180 2177/2178/2178
f 2178/2177/2177 2058/2059/2059 2181/2181/2181 2180/2179/2179
f 2181/2181/2181 2183/2182/2182 2182/2183/2183 2180/2179/2179
f 2181/2181/2181 2061/2062/2062 2184/2184/2184 2183/2182/2182
f 2181/2181/2181 2058/2059/2059 2059/2058/2058 2061/2062/2062
f 2184/2184/2184 2186/2185/2185 2185/2186/2186 2183/2182/2182
f 2184/2184/2184 2188/2187/2187 2187/2188/2188 2186/2185/2185
f 2184/2184/2184 2061/2062/2062 2062/2061/2061 2188/2187/2187
f 2188/2187/2187 2190/2189/2189 2189/2190/2190 2187/2188/2188
f 2188/2187/2187 2062/2061/2061 2063/2064/2064 2190/2189/2189
f 2190/2189/2189 2096/2098/2098 2097/2097/2097 2189/2190/2190
f 2190/2189/2189 2063/2064/2064 2065/2066/2066 2096/2098/2098
f 2189/2190/2190 2192/2191/2191 2191/2192/2192 2187/2188/2188
f 2189/2190/2190 2097/2097/2097 2099/2100/2100 2192/2191/2191
f 2192/2191/2191 2194/2193/2193 2193/2194/2194 2191/2192/2192
f 2192/2191/2191 2099/2100/2100 2195/2195/2195 2194/2193/2193
f 2195/2195/2195 2197/2196/2196 2196/2197/2197 2194/2193/2193
f 2195/2195/2195 2102/2103/2103 2198/2198/2198 2197/2196/2196
f 2195/2195/2195 2099/2100/2100 2100/2099/2099 2102/2103/2103
f 2198/2198/2198 2200/2199/2199 2199/2200/2200 2197/2196/2196
f 2198/2198/2198 2105/2106/2106 2201/2201/2201 2200/2199/2199
f 2198/2198/2198 2102/2103/2103 2103/2102/2102 2105/2106/2106
f 2201/2201/2201 2203/2202/2202 2202/2203/2203 2200/2199/2199
f 2201/2201/2201 2108/2109/2109 2204/2204/2204 2203/2202/2202
f 2201/2201/2201 2105/2106/2106 2106/2105/2105 2108/2109/2109
f 2204/2204/2204 2124/2124/2124 2125/2125/2125 2203/2202/2202
f 2204/2204/2204 2205/2205/2205 2123/2123/2123 2124/2124/2124
f 2204/2204/2204 2108/2109/2109 2109/2108/2108 2205/2205/2205
f 2205/2205/2205 2113/2114/2114 2122/2122/2122 2123/2123/2123
f 2205/2205/2205 2109/2108/2108 2110/2111/2111 2113/2114/2114
f 2203/2202/2202 2125/2125/2125 2126/2126/2126 2202/2203/2203
f 2202/2203/2203 2126/2126/2126 2127/2127/2127 2206/2206/2206
f 2202/2203/2203 2206/2206/2206 2199/2200/2200 2200/2199/2199
f 2206/2206/2206 2127/2127/2127 2128/2128/2128 2207/2207/2207
f 2206/2206/2206 2207/2207/2207 2208/2208/2208 2199/2200/2200
f 2208/2208/2208 2207/2207/2207 2210/2209/2209 2209/2210/2210
f 2208/2208/2208 2196/2197/2197 2197/2196/2196 2199/2200/2200
f 2208/2208/2208 2209/2210/2210 2211/2211/2211 2196/2197/2197
f 2211/2211/2211 2209/2210/2210 2213/2212/2212 2212/2213/2213
f 2211/2211/2211 2193/2194/2194 2194/2193/2193 2196/2197/2197
f 2211/2211/2211 2212/2213/2213 2214/2214/2214 2193/2194/2194
f 2214/2214/2214 2212/2213/2213 2216/2215/2215 2215/2216/2216
f 2214/2214/2214 2217/2217/2217 2191/2192/2192 2193/2194/2194
f 2214/2214/2214 2215/2216/2216 2218/2218/2218 2217/2217/2217
f 2218/2218/2218 2215/2216/2216 2220/2219/2219 2219/2220/2220
f 2218/2218/2218 2185/2186/2186 2186/2185/2185 2217/2217/2217
f 2218/2218/2218 2219/2220/2220 2221/2221/2221 2185/2186/2186
f 2221/2221/2221 2219/2220/2220 2223/2222/2222 2222/2223/2223
f 2221/2221/2221 2182/2183/2183 2183/2182/2182 2185/2186/2186
f 2221/2221/2221 2222/2223/2223 2224/2224/2224 2182/2183/2183
f 2224/2224/2224 2222/2223/2223 2226/2225/2225 2225/2226/2226
f 2224/2224/2224 2179/2180/2180 2180/2179/2179 2182/2183/2183
f 2224/2224/2224 2225/2226/2226 2227/2227/2227 2179/2180/2180
f 2227/2227/2227 2225/2226/2226 2229/2228/2228 2228/2229/2229
f 2227/2227/2227 2230/2230/2230 2177/2178/2178 2179/2180/2180
f 2227/2227/2227 2228/2229/2229 2231/2231/2231 2230/2230/2230
f 2231/2231/2231 2228/2229/2229 2233/2232/2232 2232/2233/2233
f 2231/2231/2231 2235/3183/2234 2234/3179/2235 2230/2230/2230
f 2231/2231/2231 2232/2233/2233 2236/3182/2236 2235/3183/2234
f 2236/3182/2236 2232/2233/2233 2238/2237/2237 2237/2238/2238
f 2236/2236/2236 2240/2239/2239 2239/2240/2240 2235/2234/2234
f 2236/2236/2236 2237/3180/2238 2241/2241/2241 2240/2239/2239
f 2241/2241/2241 2237/3180/2238 2156/3181/2157 2157/2156/2156
f 2241/2241/2241 2162/2163/2163 2164/2165/2165 2240/2239/2239
f 2241/2241/2241 2157/2156/2156 2158/2159/2159 2162/2163/2163
f 2240/2239/2239 2164/2165/2165 2166/2167/2167 2239/2240/2240
f 2239/2240/2240 2242/2242/2242 2234/2235/2235 2235/2234/2234
f 2239/2240/2240 2166/2167/2167 2168/2169/2169 2242/2242/2242
f 2242/2242/2242 2173/2174/2174 2175/3178/2176 2234/2235/2235
f 2242/2242/2242 2168/2169/2169 2170/2171/2171 2173/2174/2174
f 2238/2237/2237 2243/2243/2243 1699/1693/1693 1702/1698/1698
f 2238/2237/2237 2232/2233/2233 2233/2232/2232 2243/2243/2243
f 2238/2237/2237 1702/1698/1698 2156/2157/2157 2237/2238/2238
f 2243/2243/2243 2244/2244/2244 1698/1694/1694 1699/1693/1693
f 2243/2243/2243 2233/2232/2232 2245/2245/2245 2244/2244/2244
f 2245/2245/2245 2247/2246/2246 2246/2247/2247 2244/2244/2244
f 2245/2245/2245 2229/2228/2228 2248/2248/2248 2247/2246/2246
f 2245/2245/2245 2233/2232/2232 2228/2229/2229 2229/2228/2228
f 2248/2248/2248 2250/2249/2249 2249/2250/2250 2247/2246/2246
f 2248/2248/2248 2226/2225/2225 2251/2251/2251 2250/2249/2249
f 2248/2248/2248 2229/2228/2228 2225/2226/2226 2226/2225/2225
f 2251/2251/2251 2253/2252/2252 2252/2253/2253 2250/2249/2249
f 2251/2251/2251 2223/2222/2222 2254/2254/2254 2253/2252/2252
f 2251/2251/2251 2226/2225/2225 2222/2223/2223 2223/2222/2222
f 2254/2254/2254 2256/2255/2255 2255/2256/2256 2253/2252/2252
f 2254/2254/2254 2220/2219/2219 2257/2257/2257 2256/2255/2255
f 2254/2254/2254 2223/2222/2222 2219/2220/2220 2220/2219/2219
f 2257/2257/2257 2259/2258/2258 2258/2259/2259 2256/2255/2255
f 2257/2257/2257 2216/2215/2215 2260/2260/2260 2259/2258/2258
f 2257/2257/2257 2220/2219/2219 2215/2216/2216 2216/2215/2215
f 2260/2260/2260 2262/2261/2261 2261/2262/2262 2259/2258/2258
f 2260/2260/2260 2213/2212/2212 2263/2263/2263 2262/2261/2261
f 2260/2260/2260 2216/2215/2215 2212/2213/2213 2213/2212/2212
f 2263/2263/2263 2130/2130/2130 2131/2131/2131 2262/2261/2261
f 2263/2263/2263 2210/2209/2209 2129/2129/2129 2130/2130/2130
f 2263/2263/2263 2213/2212/2212 2209/2210/2210 2210/2209/2209
f 2262/2261/2261 2131/2131/2131 2132/2132/2132 2261/2262/2262
f 2261/2262/2262 2132/2132/2132 2133/2133/2133 2264/2264/2264
f 2261/2262/2262 2264/2264/2264 2258/2259/2259 2259/2258/2258
f 2264/2264/2264 2133/2133/2133 2134/2134/2134 2265/2265/2265
f 2264/2264/2264 2265/2265/2265 2266/2266/2266 2258/2259/2259
f 2266/2266/2266 2265/2265/2265 2268/2267/2267 2267/2268/2268
f 2266/2266/2266 2255/2256/2256 2256/2255/2255 2258/2259/2259
f 2266/2266/2266 2267/2268/2268 2269/2269/2269 2255/2256/2256
f 2269/2269/2269 2267/2268/2268 2271/2270/2270 2270/2271/2271
f 2269/2269/2269 2252/2253/2253 2253/2252/2252 2255/2256/2256
f 2269/2269/2269 2270/2271/2271 2272/2272/2272 2252/2253/2253
f 2272/2272/2272 2270/2271/2271 2274/2273/2273 2273/2274/2274
f 2272/2272/2272 2249/2250/2250 2250/2249/2249 2252/2253/2253
f 2272/2272/2272 2273/2274/2274 2275/2275/2275 2249/2250/2250
f 2275/2275/2275 2273/2274/2274 2277/2276/2276 2276/2277/2277
f 2275/2275/2275 2246/2247/2247 2247/2246/2246 2249/2250/2250
f 2275/2275/2275 2276/2277/2277 2278/2278/2278 2246/2247/2247
f 2278/2278/2278 2276/2277/2277 2149/2150/2150 2151/2152/2152
f 2278/2278/2278 1698/1694/1694 2244/2244/2244 2246/2247/2247
f 2278/2278/2278 2151/2152/2152 1697/1695/1695 1698/1694/1694
f 2277/2276/2276 2279/2279/2279 2145/2146/2146 2147/2148/2148
f 2277/2276/2276 2273/2274/2274 2274/2273/2273 2279/2279/2279
f 2277/2276/2276 2147/2148/2148 2149/2150/2150 2276/2277/2277
f 2279/2279/2279 2280/2280/2280 2143/2144/2144 2145/2146/2146
f 2279/2279/2279 2274/2273/2273 2281/2281/2281 2280/2280/2280
f 2281/2281/2281 2283/2282/2282 2282/2283/2283 2280/2280/2280
f 2281/2281/2281 2271/2270/2270 2284/2284/2284 2283/2282/2282
f 2281/2281/2281 2274/2273/2273 2270/2271/2271 2271/2270/2270
f 2284/2284/2284 2136/2136/2136 2137/2137/2137 2283/2282/2282
f 2284/2284/2284 2268/2267/2267 2135/2135/2135 2136/2136/2136
f 2284/2284/2284 2271/2270/2270 2267/2268/2268 2268/2267/2267
f 2283/2282/2282 2137/2137/2137 2138/2138/2138 2282/2283/2283
f 2282/2283/2283 2138/2138/2138 2139/3078/2139 2141/2142/2142
f 2282/2283/2283 2141/2142/2142 2143/2144/2144 2280/2280/2280
f 2268/2267/2267 2265/2265/2265 2134/2134/2134 2135/2135/2135
f 2234/3179/2235 2175/2176/2176 2177/2178/2178 2230/2230/2230
f 2217/2217/2217 2186/2185/2185 2187/2188/2188 2191/2192/2192
f 2210/2209/2209 2207/2207/2207 2128/2128/2128 2129/2129/2129
f 2156/2157/2157 1702/1698/1698 1700/3070/1697 2154/3187/2154
f 2122/2122/2122 2113/2114/2114 2114/2113/2113 2121/2121/2121
f 2121/2121/2121 2114/2113/2113 2115/2116/2116 2118/2119/2119
f 435/435/435 779/779/779 1977/1978/1978 1978/1977/1977
f 779/779/779 781/781/781 2285/2285/2285 1977/1978/1978
f 781/781/781 783/783/783 2286/2286/2286 2285/2285/2285
f 783/783/783 785/785/785 2287/2287/2287 2286/2286/2286
f 785/785/785 787/787/787 2288/2288/2288 2287/2287/2287
f 787/787/787 789/789/789 2289/2289/2289 2288/2288/2288
f 789/789/789 791/791/791 2290/2290/2290 2289/2289/2289
f 791/791/791 793/793/793 2291/2291/2291 2290/2290/2290
f 793/793/793 795/795/795 2292/2292/2292 2291/2291/2291
f 795/795/795 797/797/797 2293/2293/2293 2292/2292/2292
f 797/797/797 799/799/799 2294/2294/2294 2293/2293/2293
f 799/799/799 801/801/801 2295/2295/2295 2294/2294/2294
f 801/801/801 803/3045/803 2296/3037/2296 2295/2295/2295
f 803/803/803 805/805/805 2297/2297/2297 2296/2296/2296
f 805/805/805 807/807/807 2298/2298/2298 2297/2297/2297
f 807/807/807 809/809/809 2299/2299/2299 2298/2298/2298
f 809/809/809 811/811/811 2300/2300/2300 2299/2299/2299
f 811/811/811 813/813/813 2301/2301/2301 2300/2300/2300
f 813/813/813 815/815/815 2302/2302/2302 2301/2301/2301
f 815/815/815 817/817/817 2303/2303/2303 2302/2302/2302
f 817/817/817 819/819/819 2304/2304/2304 2303/2303/2303
f 819/819/819 821/821/821 2305/2305/2305 2304/2304/2304
f 821/821/821 823/823/823 2306/2306/2306 2305/2305/2305
f 823/823/823 825/825/825 2307/2307/2307 2306/2306/2306
f 825/825/825 827/827/827 2308/2308/2308 2307/2307/2307
f 827/827/827 829/829/829 2309/2309/2309 2308/2308/2308
f 829/829/829 831/831/831 2310/2310/2310 2309/2309/2309
f 831/831/831 833/833/833 2311/2311/2311 2310/2310/2310
f 833/833/833 835/835/835 2312/2312/2312 2311/2311/2311
f 835/835/835 837/837/837 2313/2313/2313 2312/2312/2312
f 837/837/837 839/839/839 2314/2314/2314 2313/2313/2313
f 839/839/839 841/841/841 2315/2315/2315 2314/2314/2314
f 841/841/841 843/3121/843 2316/3103/2316 2315/2315/2315
f 843/843/843 845/845/845 2317/2317/2317 2316/2316/2316
f 845/845/845 847/847/847 2318/2318/2318 2317/2317/2317
f 847/847/847 849/849/849 2319/2319/2319 2318/2318/2318
f 849/849/849 851/851/851 2320/2320/2320 2319/2319/2319
f 851/851/851 853/853/853 2321/2321/2321 2320/2320/2320
f 853/853/853 855/855/855 2322/2322/2322 2321/2321/2321
f 855/855/855 857/857/857 2323/2323/2323 2322/2322/2322
f 857/857/857 859/859/859 2324/2324/2324 2323/2323/2323
f 859/859/859 861/861/861 2325/2325/2325 2324/2324/2324
f 861/861/861 863/863/863 2326/2326/2326 2325/2325/2325
f 863/863/863 865/865/865 2327/2327/2327 2326/2326/2326
f 865/865/865 867/867/867 2328/2328/2328 2327/2327/2327
f 867/867/867 869/869/869 2329/2329/2329 2328/2328/2328
f 869/869/869 871/871/871 2330/2330/2330 2329/2329/2329
f 871/871/871 873/873/873 2331/2331/2331 2330/2330/2330
f 873/873/873 875/875/875 2332/2332/2332 2331/2331/2331
f 875/875/875 877/877/877 2333/2333/2333 2332/2332/2332
f 877/877/877 879/879/879 2334/2334/2334 2333/2333/2333
f 879/879/879 880/880/880 1824/1825/1825 2334/2334/2334
f 880/880/880 261/261/261 1822/1822/1822 1824/1825/1825
f 2334/2334/2334 1827/1828/1828 2335/2335/2335 2333/2333/2333
f 2334/2334/2334 1824/1825/1825 1825/1824/1824 1827/1828/1828
f 2335/2335/2335 2336/2336/2336 2332/2332/2332 2333/2333/2333
f 2335/2335/2335 1830/1831/1831 2337/2337/2337 2336/2336/2336
f 2335/2335/2335 1827/1828/1828 1828/1827/1827 1830/1831/1831
f 2337/2337/2337 2339/2338/2338 2338/2339/2339 2336/2336/2336
f 2337/2337/2337 1833/1834/1834 2340/2340/2340 2339/2338/2338
f 2337/2337/2337 1830/1831/1831 1831/1830/1830 1833/1834/1834
f 2340/2340/2340 2342/2341/2341 2341/2342/2342 2339/2338/2338
f 2340/2340/2340 1836/1837/1837 2343/2343/2343 2342/2341/2341
f 2340/2340/2340 1833/1834/1834 1834/1833/1833 1836/1837/1837
f 2343/2343/2343 2345/2344/2344 2344/2345/2345 2342/2341/2341
f 2343/2343/2343 1839/1840/1840 2346/2346/2346 2345/2344/2344
f 2343/2343/2343 1836/1837/1837 1837/1836/1836 1839/1840/1840
f 2346/2346/2346 2348/2347/2347 2347/2348/2348 2345/2344/2344
f 2346/2346/2346 2350/2349/2349 2349/2350/2350 2348/2347/2347
f 2346/2346/2346 1839/1840/1840 1840/1839/1839 2350/2349/2349
f 2350/2349/2349 2352/2351/2351 2351/2352/2352 2349/2350/2350
f 2350/2349/2349 1840/1839/1839 1841/1842/1842 2352/2351/2351
f 2352/2351/2351 2354/2353/2353 2353/2354/2354 2351/2352/2352
f 2352/2351/2351 1841/1842/1842 1843/1844/1844 2354/2353/2353
f 2354/2353/2353 2356/2355/2355 2355/2356/2356 2353/2354/2354
f 2354/2353/2353 1843/1844/1844 1845/1846/1846 2356/2355/2355
f 2356/2355/2355 2358/2357/2357 2357/2358/2358 2355/2356/2356
f 2356/2355/2355 1845/1846/1846 1847/1848/1848 2358/2357/2357
f 2358/2357/2357 2360/2359/2359 2359/2360/2360 2357/2358/2358
f 2358/2357/2357 1847/1848/1848 1849/1850/1850 2360/2359/2359
f 2360/2359/2359 1642/1626/1626 1580/1622/1622 2359/2360/2360
f 2360/2359/2359 1849/1850/1850 1851/1852/1852 1642/1626/1626
f 2359/2360/2360 2362/2361/2361 2361/2362/2362 2357/2358/2358
f 2359/2360/2360 1580/1622/1622 1637/1625/1625 2362/2361/2361
f 2362/2361/2361 2364/2363/2363 2363/2364/2364 2361/2362/2362
f 2362/2361/2361 1637/1625/1625 2365/2365/2365 2364/2363/2363
f 2365/2365/2365 2367/2366/2366 2366/2367/2367 2364/2363/2363
f 2365/2365/2365 2369/2368/2368 2368/2369/2369 2367/2366/2366
f 2365/2365/2365 1637/1625/1625 1638/1624/1624 2369/2368/2368
f 2369/2368/2368 2371/2370/2370 2370/2371/2371 2368/2369/2369
f 2369/2368/2368 1638/1624/1624 2372/2372/2372 2371/2370/2370
f 2372/2372/2372 2375/2373/2373 2374/2374/2374 2373/3044/2375
f 2372/2372/2372 1638/1624/1624 1639/1623/1623 2375/2373/2373
f 2372/2372/2372 2373/3044/2375 2376/3043/2376 2371/2370/2370
f 2376/2376/2376 2373/2375/2375 2378/2377/2377 2377/2378/2378
f 2376/3043/2376 2379/3042/2379 2370/2371/2371 2371/2370/2370
f 2376/2376/2376 2377/2378/2378 2380/2380/2380 2379/2379/2379
f 2380/2380/2380 2377/2378/2378 2382/2381/2381 2381/2382/2382
f 2380/2380/2380 2383/2383/2383 1672/3041/1662 2379/2379/2379
f 2380/2380/2380 2381/2382/2382 2384/2384/2384 2383/2383/2383
f 2384/2384/2384 2381/2382/2382 2386/2385/2385 2385/2386/2386
f 2384/2384/2384 2388/2387/2387 2387/2388/2388 2383/2383/2383
f 2384/2384/2384 2385/2386/2386 2389/2389/2389 2388/2387/2387
f 2389/2389/2389 2391/2390/2390 2390/2391/2391 2388/2387/2387
f 2389/2389/2389 2393/2392/2392 2392/2393/2393 2391/2390/2390
f 2389/2389/2389 2385/2386/2386 2394/2394/2394 2393/2392/2392
f 2394/2394/2394 2395/2395/2395 1876/1877/1877 1878/1879/1879
f 2394/2394/2394 2385/2386/2386 2386/2385/2385 2395/2395/2395
f 2394/2394/2394 1878/1879/1879 1880/1881/1881 2393/2392/2392
f 2395/2395/2395 1872/1873/1873 1873/1872/1872 1876/1877/1877
f 2395/2395/2395 2386/2385/2385 2396/2396/2396 1872/1873/1873
f 2396/2396/2396 1867/1868/1868 1868/1867/1867 1872/1873/1873
f 2396/2396/2396 2382/2381/2381 2397/2397/2397 1867/1868/1868
f 2396/2396/2396 2386/2385/2385 2381/2382/2382 2382/2381/2381
f 2397/2397/2397 1862/1863/1863 1863/1862/1862 1867/1868/1868
f 2397/2397/2397 2378/2377/2377 2398/2398/2398 1862/1863/1863
f 2397/2397/2397 2382/2381/2381 2377/2378/2378 2378/2377/2377
f 2398/2398/2398 1858/1858/1858 1859/1859/1859 1862/1863/1863
f 2398/2398/2398 2374/3039/2374 1857/1857/1857 1858/1858/1858
f 2398/2398/2398 2378/2377/2377 2373/2375/2375 2374/3039/2374
f 2393/2392/2392 1880/1881/1881 1882/1883/1883 2392/2393/2393
f 2392/2393/2393 2400/3177/2399 2399/3168/2400 2391/2390/2390
f 2392/2393/2393 1882/1883/1883 1884/3176/1885 2400/3177/2399
f 2400/2399/2399 2402/2401/2401 2401/2402/2402 2399/2400/2400
f 2400/2399/2399 1884/1885/1885 1886/1887/1887 2402/2401/2401
f 2402/2401/2401 2404/2403/2403 2403/2404/2404 2401/2402/2402
f 2402/2401/2401 1886/1887/1887 2405/2405/2405 2404/2403/2403
f 2405/2405/2405 2407/2406/2406 2406/2407/2407 2404/2403/2403
f 2405/2405/2405 1889/1890/1890 2408/2408/2408 2407/2406/2406
f 2405/2405/2405 1886/1887/1887 1887/1886/1886 1889/1890/1890
f 2408/2408/2408 2409/2409/2409 1607/1587/1587 2407/2406/2406
f 2408/2408/2408 2411/2410/2410 2410/2411/2411 2409/2409/2409
f 2408/2408/2408 1889/1890/1890 1890/1889/1889 2411/2410/2410
f 2411/2410/2410 2413/2412/2412 2412/2413/2413 2410/2411/2411
f 2411/2410/2410 1890/1889/1889 1891/1892/1892 2413/2412/2412
f 2413/2412/2412 2415/2414/2414 2414/2415/2415 2412/2413/2413
f 2413/2412/2412 1891/1892/1892 1893/1894/1894 2415/2414/2414
f 2415/2414/2414 2417/2416/2416 2416/2417/2417 2414/2415/2415
f 2415/2414/2414 1893/1894/1894 1895/1896/1896 2417/2416/2416
f 2417/2416/2416 2419/2418/2418 2418/2419/2419 2416/2417/2417
f 2417/2416/2416 1895/1896/1896 2420/2420/2420 2419/2418/2418
f 2420/2420/2420 2422/2421/2421 2421/2422/2422 2419/2418/2418
f 2420/2420/2420 1898/1899/1899 2423/2423/2423 2422/2421/2421
f 2420/2420/2420 1895/1896/1896 1896/1895/1895 1898/1899/1899
f 2423/2423/2423 2425/2424/2424 2424/2425/2425 2422/2421/2421
f 2423/2423/2423 2427/3175/2426 2426/3165/2427 2425/2424/2424
f 2423/2423/2423 1898/1899/1899 1899/3174/1898 2427/3175/2426
f 2427/2426/2426 2429/2428/2428 2428/2429/2429 2426/2427/2427
f 2427/2426/2426 1899/1898/1898 1900/1901/1901 2429/2428/2428
f 2429/2428/2428 2431/2430/2430 2430/2431/2431 2428/2429/2429
f 2429/2428/2428 1900/1901/1901 1902/1903/1903 2431/2430/2430
f 2431/2430/2430 2433/2432/2432 2432/2433/2433 2430/2431/2431
f 2431/2430/2430 1902/1903/1903 2434/2434/2434 2433/2432/2432
f 2434/2434/2434 1902/1903/1903 1903/1902/1902 1905/1906/1906
f 2434/2434/2434 2436/2435/2435 2435/2436/2436 2433/2432/2432
f 2434/2434/2434 1905/1906/1906 2437/2437/2437 2436/2435/2435
f 2437/2437/2437 1905/1906/1906 1906/1905/1905 1909/1910/1910
f 2437/2437/2437 2439/2438/2438 2438/2439/2439 2436/2435/2435
f 2437/2437/2437 1909/1910/1910 2440/2440/2440 2439/2438/2438
f 2440/2440/2440 1909/1910/1910 1910/1909/1909 1914/1915/1915
f 2440/2440/2440 2442/2441/2441 2441/2442/2442 2439/2438/2438
f 2440/2440/2440 1914/1915/1915 2443/2443/2443 2442/2441/2441
f 2443/2443/2443 1914/1915/1915 1915/1914/1914 1919/1920/1920
f 2443/2443/2443 2445/3173/2444 2444/3162/2445 2442/2441/2441
f 2443/2443/2443 1919/1920/1920 2446/3172/2446 2445/3173/2444
f 2446/3172/2446 1919/1920/1920 1920/1919/1919 1924/3171/1925
f 2446/2446/2446 2448/2447/2447 2447/2448/2448 2445/2444/2444
f 2446/2446/2446 1924/1925/1925 2449/2449/2449 2448/2447/2447
f 2449/2449/2449 1924/1925/1925 1925/1924/1924 1929/1930/1930
f 2449/2449/2449 2451/2450/2450 2450/2451/2451 2448/2447/2447
f 2449/2449/2449 1929/1930/1930 2452/2452/2452 2451/2450/2450
f 2452/2452/2452 1929/1930/1930 1930/1929/1929 1934/1935/1935
f 2452/2452/2452 2454/2453/2453 2453/2454/2454 2451/2450/2450
f 2452/2452/2452 1934/1935/1935 2455/2455/2455 2454/2453/2453
f 2455/2455/2455 2457/2456/2456 2456/2457/2457 2454/2453/2453
f 2455/2455/2455 1939/1940/1940 2458/2458/2458 2457/2456/2456
f 2455/2455/2455 1934/1935/1935 1935/1934/1934 1939/1940/1940
f 2458/2458/2458 2460/2459/2459 2459/2460/2460 2457/2456/2456
f 2458/2458/2458 1942/1943/1943 2461/2461/2461 2460/2459/2459
f 2458/2458/2458 1939/1940/1940 1940/1939/1939 1942/1943/1943
f 2461/2461/2461 2463/2462/2462 2462/2463/2463 2460/2459/2459
f 2461/2461/2461 2465/2464/2464 2464/2465/2465 2463/2462/2462
f 2461/2461/2461 1942/1943/1943 1943/1942/1942 2465/2464/2464
f 2465/2464/2464 2467/2466/2466 2466/2467/2467 2464/2465/2465
f 2465/2464/2464 1943/1942/1942 1944/1945/1945 2467/2466/2466
f 2467/2466/2466 2469/2468/2468 2468/2469/2469 2466/2467/2467
f 2467/2466/2466 1944/1945/1945 1951/1951/1951 2469/2468/2468
f 2469/2468/2468 2471/2470/2470 2470/2471/2471 2468/2469/2469
f 2469/2468/2468 1951/1951/1951 1952/1953/1953 2471/2470/2470
f 2471/2470/2470 2473/2472/2472 2472/2473/2473 2470/2471/2471
f 2471/2470/2470 1952/1953/1953 1954/1955/1955 2473/2472/2472
f 2473/2472/2472 2475/2474/2474 2474/2475/2475 2472/2473/2473
f 2473/2472/2472 1954/1955/1955 1956/1957/1957 2475/2474/2474
f 2475/2474/2474 2477/2476/2476 2476/2477/2477 2474/2475/2475
f 2475/2474/2474 1956/1957/1957 1958/1959/1959 2477/2476/2476
f 2477/2476/2476 2479/2478/2478 2478/2479/2479 2476/2477/2477
f 2477/2476/2476 1958/1959/1959 2480/2480/2480 2479/2478/2478
f 2480/2480/2480 1958/1959/1959 1959/1958/1958 1962/1963/1963
f 2480/2480/2480 2482/2481/2481 2481/2482/2482 2479/2478/2478
f 2480/2480/2480 1962/1963/1963 2483/2483/2483 2482/2481/2481
f 2483/2483/2483 1962/1963/1963 1963/1962/1962 1967/1968/1968
f 2483/2483/2483 2485/2484/2484 2484/2485/2485 2482/2481/2481
f 2483/2483/2483 1967/1968/1968 2486/2486/2486 2485/2484/2484
f 2486/2486/2486 1967/1968/1968 1968/1967/1967 1972/1973/1973
f 2486/2486/2486 2286/2286/2286 2287/2287/2287 2485/2484/2484
f 2486/2486/2486 1972/1973/1973 2285/2285/2285 2286/2286/2286
f 2485/2484/2484 2287/2287/2287 2288/2288/2288 2484/2485/2485
f 2484/2485/2485 2487/2487/2487 2481/2482/2482 2482/2481/2481
f 2484/2485/2485 2288/2288/2288 2289/2289/2289 2487/2487/2487
f 2487/2487/2487 2489/2488/2488 2488/2489/2489 2481/2482/2482
f 2487/2487/2487 2289/2289/2289 2290/2290/2290 2489/2488/2488
f 2489/2488/2488 2491/2490/2490 2490/2491/2491 2488/2489/2489
f 2489/2488/2488 2290/2290/2290 2291/2291/2291 2491/2490/2490
f 2491/2490/2490 2493/2492/2492 2492/2493/2493 2490/2491/2491
f 2491/2490/2490 2291/2291/2291 2292/2292/2292 2493/2492/2492
f 2493/2492/2492 2495/2494/2494 2494/2495/2495 2492/2493/2493
f 2493/2492/2492 2292/2292/2292 2293/2293/2293 2495/2494/2494
f 2495/2494/2494 2497/2496/2496 2496/2497/2497 2494/2495/2495
f 2495/2494/2494 2293/2293/2293 2294/2294/2294 2497/2496/2496
f 2497/2496/2496 2499/2498/2498 2498/2499/2499 2496/2497/2497
f 2497/2496/2496 2294/2294/2294 2295/2295/2295 2499/2498/2498
f 2499/2498/2498 2501/3038/2500 2500/3036/2501 2498/2499/2499
f 2499/2498/2498 2295/2295/2295 2296/3037/2296 2501/3038/2500
f 2501/2500/2500 2296/2296/2296 2297/2297/2297 2502/2502/2502
f 2501/2500/2500 2502/2502/2502 2503/2503/2503 2500/2501/2501
f 2503/2503/2503 2502/2502/2502 2505/2504/2504 2504/2505/2505
f 2503/2503/2503 1706/1704/1704 1707/3035/1703 2500/2501/2501
f 2503/2503/2503 2504/2505/2505 2506/2506/2506 1706/1704/1704
f 2506/2506/2506 2504/2505/2505 2508/2507/2507 2507/2508/2508
f 2506/2506/2506 2509/2509/2509 1705/1700/1700 1706/1704/1704
f 2506/2506/2506 2507/2508/2508 2510/2510/2510 2509/2509/2509
f 2510/2510/2510 2507/2508/2508 2512/2511/2511 2511/2512/2512
f 2510/2510/2510 2514/2513/2513 2513/2514/2514 2509/2509/2509
f 2510/2510/2510 2511/2512/2512 2515/2515/2515 2514/2513/2513
f 2515/2515/2515 2511/2512/2512 2517/2516/2516 2516/2517/2517
f 2515/2515/2515 2519/2518/2518 2518/2519/2519 2514/2513/2513
f 2515/2515/2515 2516/2517/2517 2520/2520/2520 2519/2518/2518
f 2520/2520/2520 2516/2517/2517 2522/2521/2521 2521/2522/2522
f 2520/2520/2520 2524/2523/2523 2523/2524/2524 2519/2518/2518
f 2520/2520/2520 2521/2522/2522 2525/2525/2525 2524/2523/2523
f 2525/2525/2525 2521/2522/2522 2527/2526/2526 2526/2527/2527
f 2525/2525/2525 2529/2528/2528 2528/2529/2529 2524/2523/2523
f 2525/2525/2525 2526/2527/2527 2530/2530/2530 2529/2528/2528
f 2530/2530/2530 2526/2527/2527 2532/2531/2531 2531/2532/2532
f 2530/2530/2530 2534/3120/2533 2533/3111/2534 2529/2528/2528
f 2530/2530/2530 2531/2532/2532 2535/3119/2535 2534/3120/2533
f 2535/3119/2535 2531/2532/2532 2537/2536/2536 2536/2537/2537
f 2535/2535/2535 2539/2538/2538 2538/2539/2539 2534/2533/2533
f 2535/2535/2535 2536/3118/2537 2540/2540/2540 2539/2538/2538
f 2540/2540/2540 2536/3118/2537 2542/3109/2541 2541/2542/2542
f 2540/2540/2540 2544/2543/2543 2543/2544/2544 2539/2538/2538
f 2540/2540/2540 2541/2542/2542 2545/2545/2545 2544/2543/2543
f 2545/2545/2545 2541/2542/2542 2547/2546/2546 2546/2547/2547
f 2545/2545/2545 2549/2548/2548 2548/2549/2549 2544/2543/2543
f 2545/2545/2545 2546/2547/2547 2550/2550/2550 2549/2548/2548
f 2550/2550/2550 2546/2547/2547 2552/2551/2551 2551/2552/2552
f 2550/2550/2550 2554/2553/2553 2553/2554/2554 2549/2548/2548
f 2550/2550/2550 2551/2552/2552 2555/2555/2555 2554/2553/2553
f 2555/2555/2555 2551/2552/2552 2557/2556/2556 2556/2557/2557
f 2555/2555/2555 2559/2558/2558 2558/2559/2559 2554/2553/2553
f 2555/2555/2555 2556/2557/2557 2560/2560/2560 2559/2558/2558
f 2560/2560/2560 2556/2557/2557 2562/2561/2561 2561/2562/2562
f 2560/2560/2560 2564/2563/2563 2563/2564/2564 2559/2558/2558
f 2560/2560/2560 2561/2562/2562 2565/2565/2565 2564/2563/2563
f 2565/2565/2565 2561/2562/2562 2567/2566/2566 2566/2567/2567
f 2565/2565/2565 2569/2568/2568 2568/2569/2569 2564/2563/2563
f 2565/2565/2565 2566/2567/2567 2570/2570/2570 2569/2568/2568
f 2570/2570/2570 2566/2567/2567 2572/2571/2571 2571/2572/2572
f 2570/2570/2570 2574/2573/2573 2573/2574/2574 2569/2568/2568
f 2570/2570/2570 2571/2572/2572 2575/2575/2575 2574/2573/2573
f 2575/2575/2575 2571/2572/2572 2323/2323/2323 2324/2324/2324
f 2575/2575/2575 2577/2576/2576 2576/2577/2577 2574/2573/2573
f 2575/2575/2575 2324/2324/2324 2325/2325/2325 2577/2576/2576
f 2577/2576/2576 2579/2578/2578 2578/2579/2579 2576/2577/2577
f 2577/2576/2576 2325/2325/2325 2326/2326/2326 2579/2578/2578
f 2579/2578/2578 2581/2580/2580 2580/2581/2581 2578/2579/2579
f 2579/2578/2578 2326/2326/2326 2327/2327/2327 2581/2580/2580
f 2581/2580/2580 2583/2582/2582 2582/2583/2583 2580/2581/2581
f 2581/2580/2580 2327/2327/2327 2328/2328/2328 2583/2582/2582
f 2583/2582/2582 2585/2584/2584 2584/2585/2585 2582/2583/2583
f 2583/2582/2582 2328/2328/2328 2329/2329/2329 2585/2584/2584
f 2585/2584/2584 2586/2586/2586 2341/2342/2342 2584/2585/2585
f 2585/2584/2584 2329/2329/2329 2330/2330/2330 2586/2586/2586
f 2586/2586/2586 2338/2339/2339 2339/2338/2338 2341/2342/2342
f 2586/2586/2586 2330/2330/2330 2331/2331/2331 2338/2339/2339
f 2584/2585/2585 2344/2345/2345 2587/2587/2587 2582/2583/2583
f 2584/2585/2585 2341/2342/2342 2342/2341/2341 2344/2345/2345
f 2587/2587/2587 2588/2588/2588 2580/2581/2581 2582/2583/2583
f 2587/2587/2587 2347/2348/2348 2589/2589/2589 2588/2588/2588
f 2587/2587/2587 2344/2345/2345 2345/2344/2344 2347/2348/2348
f 2589/2589/2589 2591/2590/2590 2590/2591/2591 2588/2588/2588
f 2589/2589/2589 2593/2592/2592 2592/2593/2593 2591/2590/2590
f 2589/2589/2589 2347/2348/2348 2348/2347/2347 2593/2592/2592
f 2593/2592/2592 2595/2594/2594 2594/2595/2595 2592/2593/2593
f 2593/2592/2592 2348/2347/2347 2349/2350/2350 2595/2594/2594
f 2595/2594/2594 2597/2596/2596 2596/2597/2597 2594/2595/2595
f 2595/2594/2594 2349/2350/2350 2351/2352/2352 2597/2596/2596
f 2597/2596/2596 2599/2598/2598 2598/2599/2599 2596/2597/2597
f 2597/2596/2596 2351/2352/2352 2353/2354/2354 2599/2598/2598
f 2599/2598/2598 2601/2600/2600 2600/2601/2601 2598/2599/2599
f 2599/2598/2598 2353/2354/2354 2355/2356/2356 2601/2600/2600
f 2601/2600/2600 2361/2362/2362 2363/2364/2364 2600/2601/2601
f 2601/2600/2600 2355/2356/2356 2357/2358/2358 2361/2362/2362
f 2600/2601/2601 2603/2602/2602 2602/2603/2603 2598/2599/2599
f 2600/2601/2601 2363/2364/2364 2604/2604/2604 2603/2602/2602
f 2604/2604/2604 2606/2605/2605 2605/2606/2606 2603/2602/2602
f 2604/2604/2604 2366/2367/2367 2607/2607/2607 2606/2605/2605
f 2604/2604/2604 2363/2364/2364 2364/2363/2363 2366/2367/2367
f 2607/2607/2607 2609/2608/2608 2608/2609/2609 2606/2605/2605
f 2607/2607/2607 2611/2610/2610 2610/2611/2611 2609/2608/2608
f 2607/2607/2607 2366/2367/2367 2367/2366/2366 2611/2610/2610
f 2611/2610/2610 1666/1659/1659 1667/1658/1658 2610/2611/2611
f 2611/2610/2610 2367/2366/2366 2368/2369/2369 1666/1659/1659
f 2610/2611/2611 2613/2612/2612 2612/2613/2613 2609/2608/2608
f 2610/2611/2611 1667/1658/1658 2614/2614/2614 2613/2612/2612
f 2614/2614/2614 1680/1673/1673 1681/1672/1672 2613/2612/2612
f 2614/2614/2614 2616/2615/2615 2615/2616/2616 1680/1673/1673
f 2614/2614/2614 1667/1658/1658 1668/1657/1657 2616/2615/2615
f 2616/2615/2615 2618/2617/2617 2617/2618/2618 2615/2616/2616
f 2616/2615/2615 1668/1657/1657 1669/1661/1661 2618/2617/2617
f 2618/2617/2617 2620/3117/2619 2619/3113/2620 2617/2618/2618
f 2618/2617/2617 1669/1661/1661 2621/2621/2621 2620/3117/2619
f 2621/3116/2621 2623/2622/2622 2622/2623/2623 2620/2619/2619
f 2621/3116/2621 2625/3114/2624 2624/2625/2625 2623/2622/2622
f 2621/2621/2621 1669/1661/1661 1670/1660/1660 2625/2624/2624
f 2625/3114/2624 2627/3115/2626 2626/3030/2627 2624/2625/2625
f 2625/2624/2624 1670/1660/1660 1671/3033/1663 2627/3034/2626
f 2627/2626/2626 2629/2628/2628 2628/3169/2629 2626/3170/2627
f 2627/2626/2626 1671/1663/1663 2387/2388/2388 2629/2628/2628
f 2629/2628/2628 2390/2391/2391 2630/2630/2630 2628/3169/2629
f 2629/2628/2628 2387/2388/2388 2388/2387/2387 2390/2391/2391
f 2630/3167/2630 2632/2631/2631 2631/2632/2632 2628/2629/2629
f 2630/3167/2630 2399/2400/2400 2401/2402/2402 2632/2631/2631
f 2630/2630/2630 2390/2391/2391 2391/2390/2390 2399/3168/2400
f 2632/2631/2631 2634/2633/2633 2633/2634/2634 2631/2632/2632
f 2632/2631/2631 2401/2402/2402 2403/2404/2404 2634/2633/2633
f 2634/2633/2633 2635/2635/2635 1711/1707/1707 2633/2634/2634
f 2634/2633/2633 2403/2404/2404 2636/2636/2636 2635/2635/2635
f 2636/2636/2636 1608/1592/1592 2637/2637/2637 2635/2635/2635
f 2636/2636/2636 2406/2407/2407 1576/1586/1586 1608/1592/1592
f 2636/2636/2636 2403/2404/2404 2404/2403/2403 2406/2407/2407
f 2637/2637/2637 2638/2638/2638 1712/1709/1709 1710/1708/1708
f 2637/2637/2637 1608/1592/1592 1609/1591/1591 2638/2638/2638
f 2637/2637/2637 1710/1708/1708 1711/1707/1707 2635/2635/2635
f 2638/2638/2638 1609/1591/1591 2640/2639/2639 2639/2640/2640
f 2638/2638/2638 2639/2640/2640 2641/2641/2641 1712/1709/1709
f 2641/2641/2641 2639/2640/2640 2643/2642/2642 2642/2643/2643
f 2641/2641/2641 2644/2644/2644 1709/1705/1705 1712/1709/1709
f 2641/2641/2641 2642/2643/2643 2645/2645/2645 2644/2644/2644
f 2645/2645/2645 2642/2643/2643 2647/2646/2646 2646/2647/2647
f 2645/2645/2645 2649/2648/2648 2648/2649/2649 2644/2644/2644
f 2645/2645/2645 2646/2647/2647 2650/2650/2650 2649/2648/2648
f 2650/2650/2650 2646/2647/2647 2652/2651/2651 2651/2652/2652
f 2650/2650/2650 2492/2493/2493 2494/2495/2495 2649/2648/2648
f 2650/2650/2650 2651/2652/2652 2490/2491/2491 2492/2493/2493
f 2652/2651/2651 2653/2653/2653 2474/2475/2475 2476/2477/2477
f 2652/2651/2651 2646/2647/2647 2647/2646/2646 2653/2653/2653
f 2652/2651/2651 2476/2477/2477 2478/2479/2479 2651/2652/2652
f 2653/2653/2653 2654/2654/2654 2472/2473/2473 2474/2475/2475
f 2653/2653/2653 2647/2646/2646 2655/2655/2655 2654/2654/2654
f 2655/2655/2655 2657/2656/2656 2656/2657/2657 2654/2654/2654
f 2655/2655/2655 2643/2642/2642 2658/2658/2658 2657/2656/2656
f 2655/2655/2655 2647/2646/2646 2642/2643/2643 2643/2642/2642
f 2658/2658/2658 2660/2659/2659 2659/2660/2660 2657/2656/2656
f 2658/2658/2658 2640/2639/2639 2661/2661/2661 2660/2659/2659
f 2658/2658/2658 2643/2642/2642 2639/2640/2640 2640/2639/2639
f 2661/2661/2661 2662/2662/2662 1696/1691/1691 2660/2659/2659
f 2661/2661/2661 1610/1590/1590 1611/1593/1593 2662/2662/2662
f 2661/2661/2661 2640/2639/2639 1609/1591/1591 1610/1590/1590
f 2662/2662/2662 2663/2663/2663 1695/1689/1689 1696/1691/1691
f 2662/2662/2662 1611/1593/1593 2664/2664/2664 2663/2663/2663
f 2664/2664/2664 2666/2665/2665 2665/2666/2666 2663/2663/2663
f 2664/2664/2664 2668/2667/2667 2667/2668/2668 2666/2665/2665
f 2664/2664/2664 1611/1593/1593 1605/1589/1589 2668/2667/2667
f 2668/2667/2667 2670/2669/2669 2669/2670/2670 2667/2668/2668
f 2668/2667/2667 1605/1589/1589 1606/1588/1588 2670/2669/2669
f 2670/2669/2669 2672/2671/2671 2671/2672/2672 2669/2670/2670
f 2670/2669/2669 1606/1588/1588 2673/2673/2673 2672/2671/2671
f 2673/2673/2673 2675/2674/2674 2674/2675/2675 2672/2671/2671
f 2673/2673/2673 2409/2409/2409 2410/2411/2411 2675/2674/2674
f 2673/2673/2673 1606/1588/1588 1607/1587/1587 2409/2409/2409
f 2675/2674/2674 2677/2676/2676 2676/2677/2677 2674/2675/2675
f 2675/2674/2674 2410/2411/2411 2412/2413/2413 2677/2676/2676
f 2677/2676/2676 2679/2678/2678 2678/2679/2679 2676/2677/2677
f 2677/2676/2676 2412/2413/2413 2414/2415/2415 2679/2678/2678
f 2679/2678/2678 2681/2680/2680 2680/2681/2681 2678/2679/2679
f 2679/2678/2678 2414/2415/2415 2416/2417/2417 2681/2680/2680
f 2681/2680/2680 2683/2682/2682 2682/2683/2683 2680/2681/2681
f 2681/2680/2680 2416/2417/2417 2418/2419/2419 2683/2682/2682
f 2683/2682/2682 2685/2684/2684 2684/2685/2685 2682/2683/2683
f 2683/2682/2682 2418/2419/2419 2686/2686/2686 2685/2684/2684
f 2686/2686/2686 2688/2687/2687 2687/2688/2688 2685/2684/2684
f 2686/2686/2686 2421/2422/2422 2689/2689/2689 2688/2687/2687
f 2686/2686/2686 2418/2419/2419 2419/2418/2418 2421/2422/2422
f 2689/2689/2689 2691/2690/2690 2690/2691/2691 2688/2687/2687
f 2689/2689/2689 2424/2425/2425 2692/2692/2692 2691/2690/2690
f 2689/2689/2689 2421/2422/2422 2422/2421/2421 2424/2425/2425
f 2692/2692/2692 2694/2693/2693 2693/2694/2694 2691/2690/2690
f 2692/2692/2692 2696/2695/2695 2695/2696/2696 2694/2693/2693
f 2692/2692/2692 2424/2425/2425 2425/2424/2424 2696/2695/2695
f 2696/2695/2695 2698/3166/2697 2697/3160/2698 2695/2696/2696
f 2696/2695/2695 2425/2424/2424 2426/3165/2427 2698/3166/2697
f 2698/2697/2697 2700/2699/2699 2699/2700/2700 2697/2698/2698
f 2698/2697/2697 2426/2427/2427 2428/2429/2429 2700/2699/2699
f 2700/2699/2699 2702/2701/2701 2701/2702/2702 2699/2700/2700
f 2700/2699/2699 2428/2429/2429 2430/2431/2431 2702/2701/2701
f 2702/2701/2701 2704/2703/2703 2703/2704/2704 2701/2702/2702
f 2702/2701/2701 2430/2431/2431 2432/2433/2433 2704/2703/2703
f 2704/2703/2703 2706/2705/2705 2705/2706/2706 2703/2704/2704
f 2704/2703/2703 2432/2433/2433 2707/2707/2707 2706/2705/2705
f 2707/2707/2707 2432/2433/2433 2433/2432/2432 2435/2436/2436
f 2707/2707/2707 2709/2708/2708 2708/2709/2709 2706/2705/2705
f 2707/2707/2707 2435/2436/2436 2710/2710/2710 2709/2708/2708
f 2710/2710/2710 2435/2436/2436 2436/2435/2435 2438/2439/2439
f 2710/2710/2710 2712/2711/2711 2711/2712/2712 2709/2708/2708
f 2710/2710/2710 2438/2439/2439 2713/2713/2713 2712/2711/2711
f 2713/2713/2713 2438/2439/2439 2439/2438/2438 2441/2442/2442
f 2713/2713/2713 2715/3164/2714 2714/3157/2715 2712/2711/2711
f 2713/2713/2713 2441/2442/2442 2716/3163/2716 2715/3164/2714
f 2716/3163/2716 2441/2442/2442 2442/2441/2441 2444/3162/2445
f 2716/2716/2716 2718/2717/2717 2717/2718/2718 2715/2714/2714
f 2716/2716/2716 2444/2445/2445 2719/2719/2719 2718/2717/2717
f 2719/2719/2719 2444/2445/2445 2445/2444/2444 2447/2448/2448
f 2719/2719/2719 2720/2720/2720 1648/1634/1634 2718/2717/2717
f 2719/2719/2719 2447/2448/2448 2721/2721/2721 2720/2720/2720
f 2721/2721/2721 2447/2448/2448 2448/2447/2447 2450/2451/2451
f 2721/2721/2721 2723/2722/2722 2722/2723/2723 2720/2720/2720
f 2721/2721/2721 2450/2451/2451 2724/2724/2724 2723/2722/2722
f 2724/2724/2724 2450/2451/2451 2451/2450/2450 2453/2454/2454
f 2724/2724/2724 2726/2725/2725 2725/2726/2726 2723/2722/2722
f 2724/2724/2724 2453/2454/2454 2727/2727/2727 2726/2725/2725
f 2727/2727/2727 2729/2728/2728 2728/2729/2729 2726/2725/2725
f 2727/2727/2727 2456/2457/2457 2730/2730/2730 2729/2728/2728
f 2727/2727/2727 2453/2454/2454 2454/2453/2453 2456/2457/2457
f 2730/2730/2730 2732/2731/2731 2731/2732/2732 2729/2728/2728
f 2730/2730/2730 2459/2460/2460 2733/2733/2733 2732/2731/2731
f 2730/2730/2730 2456/2457/2457 2457/2456/2456 2459/2460/2460
f 2733/2733/2733 2666/2665/2665 2667/2668/2668 2732/2731/2731
f 2733/2733/2733 2462/2463/2463 2665/2666/2666 2666/2665/2665
f 2733/2733/2733 2459/2460/2460 2460/2459/2459 2462/2463/2463
f 2732/2731/2731 2667/2668/2668 2669/2670/2670 2731/2732/2732
f 2731/2732/2732 2734/2734/2734 2728/2729/2729 2729/2728/2728
f 2731/2732/2732 2669/2670/2670 2671/2672/2672 2734/2734/2734
f 2734/2734/2734 2736/2735/2735 2735/2736/2736 2728/2729/2729
f 2734/2734/2734 2671/2672/2672 2737/2737/2737 2736/2735/2735
f 2737/2737/2737 2739/2738/2738 2738/2739/2739 2736/2735/2735
f 2737/2737/2737 2674/2675/2675 2676/2677/2677 2739/2738/2738
f 2737/2737/2737 2671/2672/2672 2672/2671/2671 2674/2675/2675
f 2739/2738/2738 2741/2740/2740 2740/2741/2741 2738/2739/2739
f 2739/2738/2738 2676/2677/2677 2678/2679/2679 2741/2740/2740
f 2741/2740/2740 2743/2742/2742 2742/2743/2743 2740/2741/2741
f 2741/2740/2740 2678/2679/2679 2680/2681/2681 2743/2742/2742
f 2743/2742/2742 2745/2744/2744 2744/2745/2745 2742/2743/2743
f 2743/2742/2742 2680/2681/2681 2682/2683/2683 2745/2744/2744
f 2745/2744/2744 2747/2746/2746 2746/2747/2747 2744/2745/2745
f 2745/2744/2744 2682/2683/2683 2684/2685/2685 2747/2746/2746
f 2747/2746/2746 2749/2748/2748 2748/2749/2749 2746/2747/2747
f 2747/2746/2746 2684/2685/2685 2750/2750/2750 2749/2748/2748
f 2750/2750/2750 2752/2751/2751 2751/2752/2752 2749/2748/2748
f 2750/2750/2750 2687/2688/2688 2753/2753/2753 2752/2751/2751
f 2750/2750/2750 2684/2685/2685 2685/2684/2684 2687/2688/2688
f 2753/2753/2753 2755/2754/2754 2754/2755/2755 2752/2751/2751
f 2753/2753/2753 2690/2691/2691 2756/2756/2756 2755/2754/2754
f 2753/2753/2753 2687/2688/2688 2688/2687/2687 2690/2691/2691
f 2756/2756/2756 2758/2757/2757 2757/2758/2758 2755/2754/2754
f 2756/2756/2756 2693/2694/2694 2759/2759/2759 2758/2757/2757
f 2756/2756/2756 2690/2691/2691 2691/2690/2690 2693/2694/2694
f 2759/2759/2759 2761/2760/2760 2760/2761/2761 2758/2757/2757
f 2759/2759/2759 2763/2762/2762 2762/2763/2763 2761/2760/2760
f 2759/2759/2759 2693/2694/2694 2694/2693/2693 2763/2762/2762
f 2763/2762/2762 2765/2764/2764 2764/2765/2765 2762/2763/2763
f 2763/2762/2762 2694/2693/2693 2695/2696/2696 2765/2764/2764
f 2765/2764/2764 2767/3161/2766 2766/3155/2767 2764/2765/2765
f 2765/2764/2764 2695/2696/2696 2697/3160/2698 2767/3161/2766
f 2767/2766/2766 2769/2768/2768 2768/2769/2769 2766/2767/2767
f 2767/2766/2766 2697/2698/2698 2699/2700/2700 2769/2768/2768
f 2769/2768/2768 2771/2770/2770 2770/2771/2771 2768/2769/2769
f 2769/2768/2768 2699/2700/2700 2701/2702/2702 2771/2770/2770
f 2771/2770/2770 2773/2772/2772 2772/2773/2773 2770/2771/2771
f 2771/2770/2770 2701/2702/2702 2703/2704/2704 2773/2772/2772
f 2773/2772/2772 2775/2774/2774 2774/2775/2775 2772/2773/2773
f 2773/2772/2772 2703/2704/2704 2705/2706/2706 2775/2774/2774
f 2775/2774/2774 2777/2776/2776 2776/2777/2777 2774/2775/2775
f 2775/2774/2774 2705/2706/2706 2778/2778/2778 2777/2776/2776
f 2778/2778/2778 2705/2706/2706 2706/2705/2705 2708/2709/2709
f 2778/2778/2778 2780/2779/2779 2779/2780/2780 2777/2776/2776
f 2778/2778/2778 2708/2709/2709 2781/2781/2781 2780/2779/2779
f 2781/2781/2781 2708/2709/2709 2709/2708/2708 2711/2712/2712
f 2781/2781/2781 2783/3159/2782 2782/3152/2783 2780/2779/2779
f 2781/2781/2781 2711/2712/2712 2784/3158/2784 2783/3159/2782
f 2784/3158/2784 2711/2712/2712 2712/2711/2711 2714/3157/2715
f 2784/2784/2784 2786/2785/2785 2785/2786/2786 2783/2782/2782
f 2784/2784/2784 2714/2715/2715 2787/2787/2787 2786/2785/2785
f 2787/2787/2787 2714/2715/2715 2715/2714/2714 2717/2718/2718
f 2787/2787/2787 1645/1632/1632 2788/2788/2788 2786/2785/2785
f 2787/2787/2787 2717/2718/2718 1644/1633/1633 1645/1632/1632
f 2788/2788/2788 2789/2789/2789 2785/2786/2786 2786/2785/2785
f 2788/2788/2788 2791/2790/2790 2790/2791/2791 2789/2789/2789
f 2788/2788/2788 1645/1632/1632 1646/1631/1631 2791/2790/2790
f 2791/2790/2790 2793/2792/2792 2792/2793/2793 2790/2791/2791
f 2791/2790/2790 1646/1631/1631 1652/1640/1640 2793/2792/2792
f 2793/2792/2792 2748/2749/2749 2794/2794/2794 2792/2793/2793
f 2793/2792/2792 1652/1640/1640 2746/2747/2747 2748/2749/2749
f 2794/2794/2794 2796/2795/2795 2795/2796/2796 2792/2793/2793
f 2794/2794/2794 2751/2752/2752 2797/2797/2797 2796/2795/2795
f 2794/2794/2794 2748/2749/2749 2749/2748/2748 2751/2752/2752
f 2797/2797/2797 2799/2798/2798 2798/2799/2799 2796/2795/2795
f 2797/2797/2797 2754/2755/2755 2800/2800/2800 2799/2798/2798
f 2797/2797/2797 2751/2752/2752 2752/2751/2751 2754/2755/2755
f 2800/2800/2800 2802/2801/2801 2801/2802/2802 2799/2798/2798
f 2800/2800/2800 2757/2758/2758 2803/2803/2803 2802/2801/2801
f 2800/2800/2800 2754/2755/2755 2755/2754/2754 2757/2758/2758
f 2803/2803/2803 2805/2804/2804 2804/2805/2805 2802/2801/2801
f 2803/2803/2803 2760/2761/2761 2806/2806/2806 2805/2804/2804
f 2803/2803/2803 2757/2758/2758 2758/2757/2757 2760/2761/2761
f 2806/2806/2806 2808/2807/2807 2807/2808/2808 2805/2804/2804
f 2806/2806/2806 2810/2809/2809 2809/2810/2810 2808/2807/2807
f 2806/2806/2806 2760/2761/2761 2761/2760/2760 2810/2809/2809
f 2810/2809/2809 2812/2811/2811 2811/2812/2812 2809/2810/2810
f 2810/2809/2809 2761/2760/2760 2762/2763/2763 2812/2811/2811
f 2812/2811/2811 2814/2813/2813 2813/2814/2814 2811/2812/2812
f 2812/2811/2811 2762/2763/2763 2764/2765/2765 2814/2813/2813
f 2814/2813/2813 2816/3156/2815 2815/3150/2816 2813/2814/2814
f 2814/2813/2813 2764/2765/2765 2766/3155/2767 2816/3156/2815
f 2816/2815/2815 2818/2817/2817 2817/2818/2818 2815/2816/2816
f 2816/2815/2815 2766/2767/2767 2768/2769/2769 2818/2817/2817
f 2818/2817/2817 2820/2819/2819 2819/2820/2820 2817/2818/2818
f 2818/2817/2817 2768/2769/2769 2770/2771/2771 2820/2819/2819
f 2820/2819/2819 2822/2821/2821 2821/2822/2822 2819/2820/2820
f 2820/2819/2819 2770/2771/2771 2772/2773/2773 2822/2821/2821
f 2822/2821/2821 2824/2823/2823 2823/2824/2824 2821/2822/2822
f 2822/2821/2821 2772/2773/2773 2774/2775/2775 2824/2823/2823
f 2824/2823/2823 2826/2825/2825 2825/2826/2826 2823/2824/2824
f 2824/2823/2823 2774/2775/2775 2776/2777/2777 2826/2825/2825
f 2826/2825/2825 2828/2827/2827 2827/2828/2828 2825/2826/2826
f 2826/2825/2825 2776/2777/2777 2829/2829/2829 2828/2827/2827
f 2829/2829/2829 2776/2777/2777 2777/2776/2776 2779/2780/2780
f 2829/2829/2829 2831/3154/2830 2830/3144/2831 2828/2827/2827
f 2829/2829/2829 2779/2780/2780 2832/3153/2832 2831/3154/2830
f 2832/3153/2832 2779/2780/2780 2780/2779/2779 2782/3152/2783
f 2832/2832/2832 2834/2833/2833 2833/2834/2834 2831/2830/2830
f 2832/2832/2832 2782/2783/2783 2835/2835/2835 2834/2833/2833
f 2835/2835/2835 2782/2783/2783 2783/2782/2782 2785/2786/2786
f 2835/2835/2835 2837/2836/2836 2836/2837/2837 2834/2833/2833
f 2835/2835/2835 2785/2786/2786 2789/2789/2789 2837/2836/2836
f 2837/2836/2836 2839/2838/2838 2838/2839/2839 2836/2837/2837
f 2837/2836/2836 2789/2789/2789 2790/2791/2791 2839/2838/2838
f 2839/2838/2838 2795/2796/2796 2840/2840/2840 2838/2839/2839
f 2839/2838/2838 2790/2791/2791 2792/2793/2793 2795/2796/2796
f 2840/2840/2840 2842/2841/2841 2841/2842/2842 2838/2839/2839
f 2840/2840/2840 2798/2799/2799 2843/2843/2843 2842/2841/2841
f 2840/2840/2840 2795/2796/2796 2796/2795/2795 2798/2799/2799
f 2843/2843/2843 2845/2844/2844 2844/2845/2845 2842/2841/2841
f 2843/2843/2843 2801/2802/2802 2846/2846/2846 2845/2844/2844
f 2843/2843/2843 2798/2799/2799 2799/2798/2798 2801/2802/2802
f 2846/2846/2846 2847/2847/2847 1674/1666/1666 2845/2844/2844
f 2846/2846/2846 2804/2805/2805 2848/2848/2848 2847/2847/2847
f 2846/2846/2846 2801/2802/2802 2802/2801/2801 2804/2805/2805
f 2848/2848/2848 2850/2849/2849 2849/2850/2850 2847/2847/2847
f 2848/2848/2848 2807/2808/2808 2851/2851/2851 2850/2849/2849
f 2848/2848/2848 2804/2805/2805 2805/2804/2804 2807/2808/2808
f 2851/2851/2851 2853/2852/2852 2852/2853/2853 2850/2849/2849
f 2851/2851/2851 2855/2854/2854 2854/2855/2855 2853/2852/2852
f 2851/2851/2851 2807/2808/2808 2808/2807/2807 2855/2854/2854
f 2855/2854/2854 2856/2856/2856 1689/1682/1682 2854/2855/2855
f 2855/2854/2854 2808/2807/2807 2809/2810/2810 2856/2856/2856
f 2856/2856/2856 2857/2857/2857 1688/1683/1683 1689/1682/1682
f 2856/2856/2856 2809/2810/2810 2811/2812/2812 2857/2857/2857
f 2857/2857/2857 2858/2858/2858 1690/1684/1684 1688/1683/1683
f 2857/2857/2857 2811/2812/2812 2813/2814/2814 2858/2858/2858
f 2858/2858/2858 2860/3151/2859 2859/3149/2860 1690/1684/1684
f 2858/2858/2858 2813/2814/2814 2815/3150/2816 2860/3151/2859
f 2860/2859/2859 1655/1644/1644 1656/1643/1643 2859/2860/2860
f 2860/2859/2859 2815/2816/2816 2817/2818/2818 1655/1644/1644
f 2859/3149/2860 2861/3148/2861 1687/1679/1679 1690/1684/1684
f 2859/2860/2860 1656/1643/1643 1659/1648/1648 2861/2861/2861
f 2861/3148/2861 2862/3147/2862 1686/1680/1680 1687/1679/1679
f 2861/2861/2861 1659/1648/1648 2863/2863/2863 2862/2862/2862
f 2863/2863/2863 1659/1648/1648 1657/1647/1647 2864/2864/2864
f 2863/2863/2863 2866/2865/2865 2865/2866/2866 2862/2862/2862
f 2863/2863/2863 2864/2864/2864 2867/2867/2867 2866/2865/2865
f 2867/2867/2867 2864/2864/2864 2869/2868/2868 2868/2869/2869
f 2867/2867/2867 2870/2870/2870 1632/1617/1617 2866/2865/2865
f 2867/2867/2867 2868/2869/2869 2871/2871/2871 2870/2870/2870
f 2871/2871/2871 2868/2869/2869 2825/2826/2826 2827/2828/2828
f 2871/2871/2871 2873/3146/2872 2872/3141/2873 2870/2870/2870
f 2871/2871/2871 2827/2828/2828 2874/3145/2874 2873/3146/2872
f 2874/3145/2874 2827/2828/2828 2828/2827/2827 2830/3144/2831
f 2874/2874/2874 2876/2875/2875 2875/2876/2876 2873/2872/2872
f 2874/2874/2874 2830/2831/2831 2877/2877/2877 2876/2875/2875
f 2877/2877/2877 2830/2831/2831 2831/2830/2830 2833/2834/2834
f 2877/2877/2877 2879/2878/2878 2878/2879/2879 2876/2875/2875
f 2877/2877/2877 2833/2834/2834 2880/2880/2880 2879/2878/2878
f 2880/2880/2880 2833/2834/2834 2834/2833/2833 2836/2837/2837
f 2880/2880/2880 2841/2842/2842 2881/2881/2881 2879/2878/2878
f 2880/2880/2880 2836/2837/2837 2838/2839/2839 2841/2842/2842
f 2881/2881/2881 1678/1670/1670 2878/2879/2879 2879/2878/2878
f 2881/2881/2881 2844/2845/2845 1675/1665/1665 1678/1670/1670
f 2881/2881/2881 2841/2842/2842 2842/2841/2841 2844/2845/2845
f 2878/2879/2879 2882/2882/2882 2875/2876/2876 2876/2875/2875
f 2878/2879/2879 1678/1670/1670 1676/1669/1669 2882/2882/2882
f 2882/2882/2882 2884/2883/2883 2883/2884/2884 2875/2876/2876
f 2882/2882/2882 1676/1669/1669 1677/1668/1668 2884/2883/2883
f 2884/2883/2883 2885/2885/2885 1635/1619/1619 2883/2884/2884
f 2884/2883/2883 1677/1668/1668 2886/2886/2886 2885/2885/2885
f 2886/2886/2886 1677/1668/1668 1673/1667/1667 2849/2850/2850
f 2886/2886/2886 2852/2853/2853 2887/2887/2887 2885/2885/2885
f 2886/2886/2886 2849/2850/2850 2850/2849/2849 2852/2853/2853
f 2887/2887/2887 1634/1620/1620 1635/1619/1619 2885/2885/2885
f 2887/2887/2887 2888/2888/2888 1636/1621/1621 1634/1620/1620
f 2887/2887/2887 2852/2853/2853 2853/2852/2852 2888/2888/2888
f 2888/2888/2888 2890/2889/2889 2889/2890/2890 1636/1621/1621
f 2888/2888/2888 2853/2852/2852 2854/2855/2855 2890/2889/2889
f 2890/2889/2889 1685/1681/1681 1686/1680/1680 2889/2890/2890
f 2890/2889/2889 2854/2855/2855 1689/1682/1682 1685/1681/1681
f 2889/2890/2890 2865/3142/2866 1633/1616/1616 1636/1621/1621
f 2889/2890/2890 1686/1680/1680 2862/3147/2862 2865/3142/2866
f 2883/2884/2884 2872/2873/2873 2873/2872/2872 2875/2876/2876
f 2883/2884/2884 1635/1619/1619 1631/3140/1618 2872/2873/2873
f 2872/3141/2873 1631/1618/1618 1632/1617/1617 2870/2870/2870
f 2869/2868/2868 1658/1646/1646 2821/2822/2822 2823/2824/2824
f 2869/2868/2868 2864/2864/2864 1657/1647/1647 1658/1646/1646
f 2869/2868/2868 2823/2824/2824 2825/2826/2826 2868/2869/2869
f 2866/2865/2865 1632/1617/1617 1633/3143/1616 2865/2866/2866
f 2849/2850/2850 1673/1667/1667 1674/1666/1666 2847/2847/2847
f 2845/2844/2844 1674/1666/1666 1675/1665/1665 2844/2845/2845
f 2821/2822/2822 1658/1646/1646 1654/1645/1645 2819/2820/2820
f 2819/2820/2820 1654/1645/1645 1655/1644/1644 2817/2818/2818
f 2746/2747/2747 1652/1640/1640 1650/1639/1639 2744/2745/2745
f 2744/2745/2745 1650/1639/1639 1651/1638/1638 2742/2743/2743
f 2742/2743/2743 1651/1638/1638 1653/1641/1641 2740/2741/2741
f 2740/2741/2741 1653/1641/1641 2891/2891/2891 2738/2739/2739
f 2891/2891/2891 2892/2892/2892 2725/2726/2726 2735/2736/2736
f 2891/2891/2891 1653/1641/1641 1649/1636/1636 2892/2892/2892
f 2891/2891/2891 2735/2736/2736 2736/2735/2735 2738/2739/2739
f 2892/2892/2892 1649/1636/1636 1647/1635/1635 2722/2723/2723
f 2892/2892/2892 2722/2723/2723 2723/2722/2722 2725/2726/2726
f 2735/2736/2736 2725/2726/2726 2726/2725/2725 2728/2729/2729
f 2722/2723/2723 1647/1635/1635 1648/1634/1634 2720/2720/2720
f 2718/2717/2717 1648/1634/1634 1644/1633/1633 2717/2718/2718
f 2665/2666/2666 1694/1690/1690 1695/1689/1689 2663/2663/2663
f 2665/2666/2666 2462/2463/2463 2463/2462/2462 1694/1690/1690
f 2660/2659/2659 1696/1691/1691 1691/1688/1688 2659/2660/2660
f 2659/2660/2660 1691/1688/1688 1692/1687/1687 2893/2893/2893
f 2659/2660/2660 2893/2893/2893 2656/2657/2657 2657/2656/2656
f 2893/2893/2893 1692/1687/1687 2466/2467/2467 2468/2469/2469
f 2893/2893/2893 2468/2469/2469 2470/2471/2471 2656/2657/2657
f 2656/2657/2657 2470/2471/2471 2472/2473/2473 2654/2654/2654
f 2651/2652/2652 2478/2479/2479 2488/2489/2489 2490/2491/2491
f 2649/2648/2648 2494/2495/2495 2496/2497/2497 2648/2649/2649
f 2648/2649/2649 1708/1706/1706 1709/1705/1705 2644/2644/2644
f 2648/2649/2649 2496/2497/2497 2498/2499/2499 1708/1706/1706
f 2633/2634/2634 1711/1707/1707 1703/3032/1702 2894/3031/2894
f 2633/2634/2634 2894/3031/2894 2895/3029/2895 2631/2632/2632
f 2895/2895/2895 2894/2894/2894 2897/2896/2896 2896/2897/2897
f 2895/3029/2895 2626/2627/2627 2628/2629/2629 2631/2632/2632
f 2895/2895/2895 2896/2897/2897 2624/2625/2625 2626/3030/2627
f 2897/2896/2896 1704/1701/1701 2513/2514/2514 2898/2898/2898
f 2897/2896/2896 2894/2894/2894 1703/1702/1702 1704/1701/1701
f 2897/2896/2896 2898/2898/2898 2899/2899/2899 2896/2897/2897
f 2899/2899/2899 2898/2898/2898 2518/2519/2519 2900/2900/2900
f 2899/2899/2899 2623/2622/2622 2624/2625/2625 2896/2897/2897
f 2899/2899/2899 2900/2900/2900 2622/2623/2623 2623/2622/2622
f 2900/2900/2900 2518/2519/2519 2519/2518/2518 2523/2524/2524
f 2900/2900/2900 2523/2524/2524 2901/2901/2901 2622/2623/2623
f 2901/2901/2901 2523/2524/2524 2524/2523/2523 2528/2529/2529
f 2901/2901/2901 2619/2620/2620 2620/2619/2619 2622/2623/2623
f 2901/2901/2901 2528/2529/2529 2902/3112/2902 2619/2620/2620
f 2902/3112/2902 2528/2529/2529 2529/2528/2528 2533/3111/2534
f 2902/2902/2902 2903/2903/2903 2617/2618/2618 2619/3113/2620
f 2902/2902/2902 2533/2534/2534 2904/2904/2904 2903/2903/2903
f 2904/2904/2904 2533/2534/2534 2534/2533/2533 2538/2539/2539
f 2904/2904/2904 2906/2905/2905 2905/2906/2906 2903/2903/2903
f 2904/2904/2904 2538/2539/2539 2907/2907/2907 2906/2905/2905
f 2907/2907/2907 2538/2539/2539 2539/2538/2538 2543/2544/2544
f 2907/2907/2907 2908/2908/2908 1683/1675/1675 2906/2905/2905
f 2907/2907/2907 2543/2544/2544 2909/2909/2909 2908/2908/2908
f 2909/2909/2909 2543/2544/2544 2544/2543/2543 2548/2549/2549
f 2909/2909/2909 2911/2910/2910 2910/2911/2911 2908/2908/2908
f 2909/2909/2909 2548/2549/2549 2912/2912/2912 2911/2910/2910
f 2912/2912/2912 2548/2549/2549 2549/2548/2548 2553/2554/2554
f 2912/2912/2912 2914/2913/2913 2913/2914/2914 2911/2910/2910
f 2912/2912/2912 2553/2554/2554 2915/2915/2915 2914/2913/2913
f 2915/2915/2915 2553/2554/2554 2554/2553/2553 2558/2559/2559
f 2915/2915/2915 2917/2916/2916 2916/2917/2917 2914/2913/2913
f 2915/2915/2915 2558/2559/2559 2918/2918/2918 2917/2916/2916
f 2918/2918/2918 2558/2559/2559 2559/2558/2558 2563/2564/2564
f 2918/2918/2918 2920/2919/2919 2919/2920/2920 2917/2916/2916
f 2918/2918/2918 2563/2564/2564 2921/2921/2921 2920/2919/2919
f 2921/2921/2921 2563/2564/2564 2564/2563/2563 2568/2569/2569
f 2921/2921/2921 2923/2922/2922 2922/2923/2923 2920/2919/2919
f 2921/2921/2921 2568/2569/2569 2924/2924/2924 2923/2922/2922
f 2924/2924/2924 2568/2569/2569 2569/2568/2568 2573/2574/2574
f 2924/2924/2924 2926/2925/2925 2925/2926/2926 2923/2922/2922
f 2924/2924/2924 2573/2574/2574 2927/2927/2927 2926/2925/2925
f 2927/2927/2927 2573/2574/2574 2574/2573/2573 2576/2577/2577
f 2927/2927/2927 2590/2591/2591 2591/2590/2590 2926/2925/2925
f 2927/2927/2927 2576/2577/2577 2578/2579/2579 2590/2591/2591
f 2926/2925/2925 2591/2590/2590 2592/2593/2593 2925/2926/2926
f 2925/2926/2926 2928/2928/2928 2922/2923/2923 2923/2922/2922
f 2925/2926/2926 2592/2593/2593 2594/2595/2595 2928/2928/2928
f 2928/2928/2928 2930/2929/2929 2929/2930/2930 2922/2923/2923
f 2928/2928/2928 2594/2595/2595 2596/2597/2597 2930/2929/2929
f 2930/2929/2929 2602/2603/2603 2931/2931/2931 2929/2930/2930
f 2930/2929/2929 2596/2597/2597 2598/2599/2599 2602/2603/2603
f 2931/2931/2931 2932/2932/2932 2919/2920/2920 2929/2930/2930
f 2931/2931/2931 2605/2606/2606 2933/2933/2933 2932/2932/2932
f 2931/2931/2931 2602/2603/2603 2603/2602/2602 2605/2606/2606
f 2933/2933/2933 2934/2934/2934 2916/2917/2917 2932/2932/2932
f 2933/2933/2933 2608/2609/2609 2935/2935/2935 2934/2934/2934
f 2933/2933/2933 2605/2606/2606 2606/2605/2605 2608/2609/2609
f 2935/2935/2935 2936/2936/2936 2913/2914/2914 2934/2934/2934
f 2935/2935/2935 2612/2613/2613 1684/1677/1677 2936/2936/2936
f 2935/2935/2935 2608/2609/2609 2609/2608/2608 2612/2613/2613
f 2936/2936/2936 2910/2911/2911 2911/2910/2910 2913/2914/2914
f 2936/2936/2936 1684/1677/1677 1682/1676/1676 2910/2911/2911
f 2934/2934/2934 2913/2914/2914 2914/2913/2913 2916/2917/2917
f 2932/2932/2932 2916/2917/2917 2917/2916/2916 2919/2920/2920
f 2929/2930/2930 2919/2920/2920 2920/2919/2919 2922/2923/2923
f 2910/2911/2911 1682/1676/1676 1683/1675/1675 2908/2908/2908
f 2906/2905/2905 1683/1675/1675 1679/1674/1674 2905/2906/2906
f 2905/2906/2906 2615/2616/2616 2617/2618/2618 2903/2903/2903
f 2905/2906/2906 1679/1674/1674 1680/1673/1673 2615/2616/2616
f 2898/2898/2898 2513/2514/2514 2514/2513/2513 2518/2519/2519
f 2613/2612/2612 1681/1672/1672 1684/1677/1677 2612/2613/2613
f 2590/2591/2591 2578/2579/2579 2580/2581/2581 2588/2588/2588
f 2572/2571/2571 2937/2937/2937 2321/2321/2321 2322/2322/2322
f 2572/2571/2571 2566/2567/2567 2567/2566/2566 2937/2937/2937
f 2572/2571/2571 2322/2322/2322 2323/2323/2323 2571/2572/2572
f 2937/2937/2937 2938/2938/2938 2320/2320/2320 2321/2321/2321
f 2937/2937/2937 2567/2566/2566 2939/2939/2939 2938/2938/2938
f 2939/2939/2939 2941/2940/2940 2940/2941/2941 2938/2938/2938
f 2939/2939/2939 2562/2561/2561 2942/2942/2942 2941/2940/2940
f 2939/2939/2939 2567/2566/2566 2561/2562/2562 2562/2561/2561
f 2942/2942/2942 2944/2943/2943 2943/2944/2944 2941/2940/2940
f 2942/2942/2942 2557/2556/2556 2945/2945/2945 2944/2943/2943
f 2942/2942/2942 2562/2561/2561 2556/2557/2557 2557/2556/2556
f 2945/2945/2945 2947/2946/2946 2946/2947/2947 2944/2943/2943
f 2945/2945/2945 2552/2551/2551 2948/2948/2948 2947/2946/2946
f 2945/2945/2945 2557/2556/2556 2551/2552/2552 2552/2551/2551
f 2948/2948/2948 2950/3110/2949 2949/3107/2950 2947/2946/2946
f 2948/2948/2948 2547/2546/2546 2951/2951/2951 2950/3110/2949
f 2948/2948/2948 2552/2551/2551 2546/2547/2547 2547/2546/2546
f 2951/3108/2951 2953/2952/2952 2952/2953/2953 2950/2949/2949
f 2951/3108/2951 2542/2541/2541 2954/2954/2954 2953/2952/2952
f 2951/2951/2951 2547/2546/2546 2541/2542/2542 2542/3109/2541
f 2954/2954/2954 2956/2955/2955 2955/2956/2956 2953/2952/2952
f 2954/2954/2954 2537/2536/2536 2957/2957/2957 2956/2955/2955
f 2954/2954/2954 2542/2541/2541 2536/2537/2537 2537/2536/2536
f 2957/2957/2957 2959/2958/2958 2958/2959/2959 2956/2955/2955
f 2957/2957/2957 2532/2531/2531 2960/2960/2960 2959/2958/2958
f 2957/2957/2957 2537/2536/2536 2531/2532/2532 2532/2531/2531
f 2960/2960/2960 2962/2961/2961 2961/2962/2962 2959/2958/2958
f 2960/2960/2960 2527/2526/2526 2963/2963/2963 2962/2961/2961
f 2960/2960/2960 2532/2531/2531 2526/2527/2527 2527/2526/2526
f 2963/2963/2963 2965/2964/2964 2964/2965/2965 2962/2961/2961
f 2963/2963/2963 2522/2521/2521 2966/2966/2966 2965/2964/2964
f 2963/2963/2963 2527/2526/2526 2521/2522/2522 2522/2521/2521
f 2966/2966/2966 2968/2967/2967 2967/2968/2968 2965/2964/2964
f 2966/2966/2966 2517/2516/2516 2969/2969/2969 2968/2967/2967
f 2966/2966/2966 2522/2521/2521 2516/2517/2517 2517/2516/2516
f 2969/2969/2969 2971/2970/2970 2970/2971/2971 2968/2967/2967
f 2969/2969/2969 2512/2511/2511 2972/2972/2972 2971/2970/2970
f 2969/2969/2969 2517/2516/2516 2511/2512/2512 2512/2511/2511
f 2972/2972/2972 2974/2973/2973 2973/2974/2974 2971/2970/2970
f 2972/2972/2972 2508/2507/2507 2975/2975/2975 2974/2973/2973
f 2972/2972/2972 2512/2511/2511 2507/2508/2508 2508/2507/2507
f 2975/2975/2975 2299/2299/2299 2300/2300/2300 2974/2973/2973
f 2975/2975/2975 2505/2504/2504 2298/2298/2298 2299/2299/2299
f 2975/2975/2975 2508/2507/2507 2504/2505/2505 2505/2504/2504
f 2974/2973/2973 2300/2300/2300 2301/2301/2301 2973/2974/2974
f 2973/2974/2974 2301/2301/2301 2302/2302/2302 2976/2976/2976
f 2973/2974/2974 2976/2976/2976 2970/2971/2971 2971/2970/2970
f 2976/2976/2976 2302/2302/2302 2303/2303/2303 2977/2977/2977
f 2976/2976/2976 2977/2977/2977 2978/2978/2978 2970/2971/2971
f 2978/2978/2978 2977/2977/2977 2980/2979/2979 2979/2980/2980
f 2978/2978/2978 2967/2968/2968 2968/2967/2967 2970/2971/2971
f 2978/2978/2978 2979/2980/2980 2981/2981/2981 2967/2968/2968
f 2981/2981/2981 2979/2980/2980 2983/2982/2982 2982/2983/2983
f 2981/2981/2981 2964/2965/2965 2965/2964/2964 2967/2968/2968
f 2981/2981/2981 2982/2983/2983 2984/2984/2984 2964/2965/2965
f 2984/2984/2984 2982/2983/2983 2986/2985/2985 2985/2986/2986
f 2984/2984/2984 2961/2962/2962 2962/2961/2961 2964/2965/2965
f 2984/2984/2984 2985/2986/2986 2987/2987/2987 2961/2962/2962
f 2987/2987/2987 2985/2986/2986 2989/2988/2988 2988/2989/2989
f 2987/2987/2987 2958/2959/2959 2959/2958/2958 2961/2962/2962
f 2987/2987/2987 2988/2989/2989 2990/2990/2990 2958/2959/2959
f 2990/2990/2990 2988/2989/2989 2992/2991/2991 2991/2992/2992
f 2990/2990/2990 2955/2956/2956 2956/2955/2955 2958/2959/2959
f 2990/2990/2990 2991/2992/2992 2993/2993/2993 2955/2956/2956
f 2993/2993/2993 2991/2992/2992 2995/2994/2994 2994/2995/2995
f 2993/2993/2993 2952/2953/2953 2953/2952/2952 2955/2956/2956
f 2993/2993/2993 2994/2995/2995 2996/2996/2996 2952/2953/2953
f 2996/2996/2996 2994/2995/2995 2998/2997/2997 2997/2998/2998
f 2996/2996/2996 2949/2950/2950 2950/2949/2949 2952/2953/2953
f 2996/2996/2996 2997/2998/2998 2999/3106/2999 2949/2950/2950
f 2999/3106/2999 2997/2998/2998 3001/3000/3000 3000/3001/3001
f 2999/2999/2999 2946/2947/2947 2947/2946/2946 2949/3107/2950
f 2999/2999/2999 3000/3105/3001 3002/3002/3002 2946/2947/2947
f 3002/3002/3002 3000/3105/3001 3004/3104/3003 3003/3004/3004
f 3002/3002/3002 2943/2944/2944 2944/2943/2943 2946/2947/2947
f 3002/3002/3002 3003/3004/3004 3005/3005/3005 2943/2944/2944
f 3005/3005/3005 3003/3004/3004 2317/2317/2317 2318/2318/2318
f 3005/3005/3005 2940/2941/2941 2941/2940/2940 2943/2944/2944
f 3005/3005/3005 2318/2318/2318 2319/2319/2319 2940/2941/2941
f 3004/3003/3003 3006/3006/3006 2315/2315/2315 2316/3103/2316
f 3004/3003/3003 3000/3001/3001 3001/3000/3000 3006/3006/3006
f 3004/3104/3003 2316/2316/2316 2317/2317/2317 3003/3004/3004
f 3006/3006/3006 3007/3007/3007 2314/2314/2314 2315/2315/2315
f 3006/3006/3006 3001/3000/3000 3008/3008/3008 3007/3007/3007
f 3008/3008/3008 3010/3009/3009 3009/3010/3010 3007/3007/3007
f 3008/3008/3008 2998/2997/2997 3011/3011/3011 3010/3009/3009
f 3008/3008/3008 3001/3000/3000 2997/2998/2998 2998/2997/2997
f 3011/3011/3011 3013/3012/3012 3012/3013/3013 3010/3009/3009
f 3011/3011/3011 2995/2994/2994 3014/3014/3014 3013/3012/3012
f 3011/3011/3011 2998/2997/2997 2994/2995/2995 2995/2994/2994
f 3014/3014/3014 1720/1719/1719 1721/1718/1718 3013/3012/3012
f 3014/3014/3014 2992/2991/2991 3015/3015/3015 1720/1719/1719
f 3014/3014/3014 2995/2994/2994 2991/2992/2992 2992/2991/2991
f 3015/3015/3015 3016/3016/3016 1719/1720/1720 1720/1719/1719
f 3015/3015/3015 2989/2988/2988 3017/3017/3017 3016/3016/3016
f 3015/3015/3015 2992/2991/2991 2988/2989/2989 2989/2988/2988
f 3017/3017/3017 3019/3018/3018 3018/3019/3019 3016/3016/3016
f 3017/3017/3017 2986/2985/2985 3020/3020/3020 3019/3018/3018
f 3017/3017/3017 2989/2988/2988 2985/2986/2986 2986/2985/2985
f 3020/3020/3020 3022/3021/3021 3021/3022/3022 3019/3018/3018
f 3020/3020/3020 2983/2982/2982 3023/3023/3023 3022/3021/3021
f 3020/3020/3020 2986/2985/2985 2982/2983/2983 2983/2982/2982
f 3023/3023/3023 2305/2305/2305 2306/2306/2306 3022/3021/3021
f 3023/3023/3023 2980/2979/2979 2304/2304/2304 2305/2305/2305
f 3023/3023/3023 2983/2982/2982 2979/2980/2980 2980/2979/2979
f 3022/3021/3021 2306/2306/2306 2307/2307/2307 3021/3022/3022
f 3021/3022/3022 2307/2307/2307 2308/2308/2308 3024/3024/3024
f 3021/3022/3022 3024/3024/3024 3018/3019/3019 3019/3018/3018
f 3024/3024/3024 2308/2308/2308 2309/2309/2309 3025/3025/3025
f 3024/3024/3024 3025/3025/3025 1723/1721/1721 3018/3019/3019
f 3025/3025/3025 2309/2309/2309 2310/2310/2310 3026/3026/3026
f 3025/3025/3025 3026/3026/3026 1722/1722/1722 1723/1721/1721
f 3026/3026/3026 2310/2310/2310 2311/2311/2311 3027/3027/3027
f 3026/3026/3026 3027/3027/3027 1724/1723/1723 1722/1722/1722
f 3027/3027/3027 3028/3028/3028 3012/3013/3013 1724/1723/1723
f 3027/3027/3027 2311/2311/2311 2312/2312/2312 3028/3028/3028
f 3028/3028/3028 3009/3010/3010 3010/3009/3009 3012/3013/3013
f 3028/3028/3028 2312/2312/2312 2313/2313/2313 3009/3010/3010
f 3018/3019/3019 1723/1721/1721 1719/1720/1720 3016/3016/3016
f 3013/3012/3012 1721/1718/1718 1724/1723/1723 3012/3013/3013
f 3009/3010/3010 2313/2313/2313 2314/2314/2314 3007/3007/3007
f 2980/2979/2979 2977/2977/2977 2303/2303/2303 2304/2304/2304
f 2940/2941/2941 2319/2319/2319 2320/2320/2320 2938/2938/2938
f 2513/2514/2514 1704/1701/1701 1705/1700/1700 2509/2509/2509
f 2505/2504/2504 2502/2502/2502 2297/2297/2297 2298/2298/2298
f 2500/3036/2501 1707/1703/1703 1708/1706/1706 2498/2499/2499
f 2488/2489/2489 2478/2479/2479 2479/2478/2478 2481/2482/2482
f 2466/2467/2467 1692/1687/1687 1693/1686/1686 2464/2465/2465
f 2464/2465/2465 1693/1686/1686 1694/1690/1690 2463/2462/2462
f 2407/2406/2406 1607/1587/1587 1576/1586/1586 2406/2407/2407
f 2387/2388/2388 1671/1663/1663 1672/3041/1662 2383/2383/2383
f 2379/3042/2379 1672/1662/1662 1585/1656/1656 2370/2371/2371
f 2375/2373/2373 1856/1856/1856 1857/3040/1857 2374/2374/2374
f 2375/2373/2373 1639/1623/1623 1643/1629/1629 1856/1856/1856
f 2370/2371/2371 1585/1656/1656 1666/1659/1659 2368/2369/2369
f 2338/2339/2339 2331/2331/2331 2332/2332/2332 2336/2336/2336
f 2285/2285/2285 1972/1973/1973 1973/1972/1972 1977/1978/1978
f 1966/1965/1965 1961/1961/1961 1602/1584/1584 1603/1583/1583
f 1948/1948/1948 1599/1579/1579 1600/1582/1582 1947/1949/1949
f 1913/1912/1912 1908/1908/1908 1623/1607/1607 1613/1596/1596
f 1853/1854/1854 1641/1627/1627 1642/1626/1626 1851/1852/1852
f 1745/1744/1744 1714/1712/1712 1715/1711/1711 1744/1745/1745
f 1628/1613/1613 1616/1598/1598 1612/1597/1597 1624/1606/1606
f 1624/1606/1606 1612/1597/1597 1613/1596/1596 1623/1607/1607
